SET FOREIGN_KEY_CHECKS=0;

INSERT INTO `beepers` (`beeper_number`, `status`, `transaction_id`, `assigned_at`) VALUES
(1, 'available', NULL, NULL),
(2, 'available', NULL, NULL),
(3, 'available', NULL, NULL),
(4, 'available', NULL, NULL),
(5, 'available', NULL, NULL),
(6, 'available', NULL, NULL),
(7, 'available', NULL, NULL),
(8, 'available', NULL, NULL),
(9, 'available', NULL, NULL),
(10, 'available', NULL, NULL),
(11, 'available', NULL, NULL),
(12, 'available', NULL, NULL),
(13, 'available', NULL, NULL),
(14, 'available', NULL, NULL),
(15, 'available', NULL, NULL),
(16, 'available', NULL, NULL),
(17, 'available', NULL, NULL),
(18, 'available', NULL, NULL),
(19, 'available', NULL, NULL),
(20, 'available', NULL, NULL);

INSERT INTO `categories` (`category_id`, `name`, `status`, `created_at`) VALUES
(1, 'Coffee', 'active', '2025-11-28 17:22:23'),
(2, 'MatchaSeries', 'active', '2025-11-28 22:37:56'),
(3, 'NonCoffee', 'active', '2025-11-29 13:55:45'),
(4, 'Pasta', 'active', '2025-11-29 13:55:53'),
(5, 'Frappes', 'active', '2025-11-30 16:00:47'),
(6, 'SummerDrinks', 'active', '2025-11-30 16:00:58'),
(7, 'Beverages', 'active', '2025-11-30 16:01:02'),
(8, 'Breakfast', 'active', '2025-11-30 16:01:07'),
(9, 'Burgers', 'active', '2025-11-30 16:01:16'),
(10, 'FingerFoods', 'active', '2025-11-30 16:01:21'),
(11, 'Pastries', 'active', '2025-11-30 16:01:32'),
(12, 'Sandwich', 'active', '2025-11-30 16:01:37');

INSERT INTO `customization_groups` (`group_id`, `name`, `display_order`, `selection_type`, `input_type`, `is_required`, `status`, `created_at`) VALUES
(1, 'Temperature', 2, 'single', 'choice', 1, 'active', '2025-11-28 21:45:14'),
(2, 'Size', 1, 'single', 'choice', 1, 'active', '2025-11-28 21:45:14'),
(3, 'Syrup', 3, 'multiple', 'quantity', 0, 'active', '2025-11-28 21:45:14'),
(4, 'Sauces', 4, 'multiple', 'quantity', 0, 'active', '2025-11-28 21:45:14'),
(5, 'Espresso', 5, 'single', 'choice', 0, 'active', '2025-11-28 21:45:14'),
(6, 'Milk', 6, 'single', 'choice', 0, 'active', '2025-11-28 21:45:14'),
(7, 'Additives', 7, 'single', 'choice', 0, 'active', '2025-11-28 21:45:14'),
(8, 'Burger add-ons', 7, 'single', 'quantity', 0, 'active', '2025-12-02 21:50:16');

INSERT INTO `customization_options` (`option_id`, `group_id`, `name`, `price`, `price_per_unit`, `max_quantity`, `display_order`, `status`, `created_at`, `is_default`) VALUES
(1, 1, 'Hot', 0.00, 0.00, 1, 1, 'available', '2025-11-28 21:45:22', 0),
(2, 1, 'Iced', 0.00, 0.00, 1, 2, 'available', '2025-11-28 21:45:22', 0),
(3, 2, 'Medium 16oz', 0.00, 0.00, 1, 1, 'available', '2025-11-28 21:45:32', 0),
(4, 2, 'Large 22oz', 20.00, 0.00, 1, 2, 'available', '2025-11-28 21:45:32', 0),
(5, 3, 'Vanilla', 0.00, 5.00, 5, 1, 'available', '2025-11-28 21:45:39', 0),
(6, 3, 'Hazelnut', 0.00, 5.00, 5, 2, 'available', '2025-11-28 21:45:39', 0),
(7, 3, 'Cinnamon', 0.00, 5.00, 5, 3, 'available', '2025-11-28 21:45:39', 0),
(8, 3, 'Caramel', 0.00, 5.00, 5, 4, 'available', '2025-11-28 21:45:39', 0),
(9, 4, 'Chocolate', 0.00, 6.00, 5, 1, 'available', '2025-11-28 21:45:49', 0),
(10, 4, 'White Mocha', 0.00, 6.00, 5, 2, 'available', '2025-11-28 21:45:49', 0),
(11, 4, 'Caramel', 0.00, 6.00, 5, 3, 'available', '2025-11-28 21:45:49', 0),
(12, 5, 'Single Shot', 15.00, 0.00, 1, 1, 'available', '2025-11-28 21:45:59', 0),
(13, 5, 'Double Shot', 25.00, 0.00, 1, 2, 'available', '2025-11-28 21:45:59', 0),
(14, 5, 'Triple Shot', 35.00, 0.00, 1, 3, 'available', '2025-11-28 21:45:59', 0),
(15, 6, 'Whole Milk', 0.00, 0.00, 1, 1, 'available', '2025-11-28 21:46:06', 1),
(16, 6, 'Oat Milk', 15.00, 0.00, 1, 2, 'available', '2025-11-28 21:46:06', 0),
(17, 6, 'Almond Milk', 15.00, 0.00, 1, 3, 'available', '2025-11-28 21:46:06', 0),
(18, 7, 'Sugar Syrup', 10.00, 0.00, 1, 1, 'available', '2025-11-28 21:46:13', 0),
(19, 7, 'Sweetener Powder', 10.00, 0.00, 1, 2, 'available', '2025-11-28 21:46:13', 0),
(20, 7, 'Whip Cream', 20.00, 0.00, 1, 3, 'available', '2025-11-28 21:46:13', 0),
(21, 8, 'Extra Patti', 30.00, 0.00, 5, 0, 'available', '2025-12-02 21:51:09', 0);

INSERT INTO `discounts` (`discount_id`, `name`, `percentage`, `status`) VALUES
(1, 'Senior Citizen', 20.00, 'active'),
(2, 'Student', 12.00, 'active');

INSERT INTO `item_customization_groups` (`id`, `item_id`, `group_id`) VALUES
(118, 2, 1),
(117, 2, 2),
(119, 2, 3),
(120, 2, 4),
(121, 2, 5),
(122, 2, 6),
(123, 2, 7),
(51, 3, 1),
(50, 3, 2),
(52, 3, 3),
(53, 3, 4),
(54, 3, 5),
(55, 3, 6),
(56, 3, 7),
(58, 4, 1),
(57, 4, 2),
(59, 4, 3),
(60, 4, 4),
(61, 4, 5),
(62, 4, 6),
(63, 4, 7),
(66, 5, 1),
(64, 5, 2),
(65, 5, 3),
(67, 5, 4),
(69, 5, 5),
(68, 5, 6),
(70, 5, 7),
(79, 6, 1),
(78, 6, 2),
(80, 6, 3),
(81, 6, 4),
(84, 6, 5),
(82, 6, 6),
(83, 6, 7),
(72, 7, 1),
(71, 7, 2),
(73, 7, 3),
(74, 7, 4),
(75, 7, 5),
(76, 7, 6),
(77, 7, 7),
(87, 8, 1),
(85, 8, 2),
(88, 8, 3),
(86, 8, 4),
(90, 8, 5),
(89, 8, 6),
(91, 8, 7),
(93, 9, 1),
(92, 9, 2),
(94, 9, 3),
(95, 9, 4),
(96, 9, 5),
(97, 9, 6),
(98, 9, 7),
(104, 10, 8),
(101, 11, 1),
(102, 11, 2);

INSERT INTO `library_seats` (`seat_id`, `table_number`, `seat_number`, `status`) VALUES
(1, 1, 1, 'available'),
(2, 1, 2, 'available'),
(3, 1, 3, 'available'),
(4, 1, 4, 'available'),
(5, 1, 5, 'available'),
(6, 1, 6, 'available'),
(7, 1, 7, 'available'),
(8, 1, 8, 'available'),
(9, 2, 1, 'available'),
(10, 2, 2, 'occupied'),
(11, 2, 3, 'available'),
(12, 2, 4, 'available'),
(13, 2, 5, 'available'),
(14, 2, 6, 'available'),
(15, 2, 7, 'available'),
(16, 2, 8, 'available'),
(17, 3, 1, 'available'),
(18, 3, 2, 'available'),
(19, 3, 3, 'available'),
(20, 3, 4, 'available'),
(21, 3, 5, 'available'),
(22, 3, 6, 'available'),
(23, 3, 7, 'available'),
(24, 3, 8, 'available');

INSERT INTO `library_sessions` (`session_id`, `seat_id`, `customer_name`, `start_time`, `end_time`, `total_minutes`, `amount_due`, `status`, `paid_minutes`, `amount_paid`, `cash_tendered`, `change_due`, `voided_at`, `voided_by`, `void_reason`) VALUES
(1, 1, '2023-01036', '2025-11-30 00:19:54', '2025-11-30 00:21:19', 1, 100.00, 'completed', 0, 0.00, NULL, NULL, NULL, NULL, NULL),
(2, 1, '12313', '2025-11-30 00:21:34', '2025-11-30 00:21:50', 0, 100.00, 'completed', 0, 0.00, NULL, NULL, NULL, NULL, NULL),
(3, 1, '1234', '2025-12-01 18:35:24', '2025-12-01 20:51:23', 135, 0.00, 'completed', 120, 100.00, 100.00, 0.00, NULL, NULL, NULL),
(4, 1, '221', '2025-12-01 20:51:50', '2025-12-01 20:54:07', 2, 0.00, 'completed', 120, 100.00, 100.00, 0.00, NULL, NULL, NULL),
(5, 1, '212', '2025-12-01 21:01:45', '2025-12-01 21:02:29', 0, 0.00, 'completed', 150, 150.00, 200.00, 100.00, NULL, NULL, NULL),
(6, 1, '221', '2025-12-01 21:05:56', '2025-12-01 21:06:05', 0, 0.00, 'completed', 120, 100.00, 500.00, 400.00, NULL, NULL, NULL),
(7, 3, '12345', '2025-12-01 21:39:26', '2025-12-01 21:39:35', 0, 0.00, 'completed', 120, 100.00, 500.00, 400.00, NULL, NULL, NULL),
(8, 9, '12342', '2025-12-01 21:55:18', '2025-12-01 21:55:31', 0, 0.00, 'completed', 120, 100.00, 500.00, 400.00, NULL, NULL, NULL),
(9, 2, '123451', '2025-12-02 22:59:35', '2025-12-03 00:16:55', 77, 0.00, 'completed', 120, 100.00, 500.00, 400.00, NULL, NULL, NULL),
(10, 12, '52546', '2025-12-03 00:17:07', '2025-12-03 00:17:11', 0, 0.00, 'completed', 120, 100.00, 1000.00, 900.00, NULL, NULL, NULL),
(11, 18, '5346', '2025-12-03 00:17:23', '2025-12-03 00:17:28', 0, 0.00, 'completed', 120, 100.00, 100.00, 0.00, NULL, NULL, NULL),
(12, 3, '52234', '2025-12-03 00:48:05', '2025-12-03 00:48:19', 0, 0.00, 'completed', 120, 100.00, 1000.00, 900.00, NULL, NULL, NULL),
(13, 1, 'Alshaik Hassan', '2025-12-04 03:14:37', '2025-12-04 03:48:27', 33, 0.00, 'completed', 120, 100.00, NULL, NULL, NULL, NULL, NULL),
(14, 2, 'Adian Alfahad', '2025-12-04 03:48:13', '2025-12-04 03:48:32', 0, 0.00, 'completed', 120, 100.00, NULL, NULL, NULL, NULL, NULL),
(15, 9, 'Marian Talaid', '2025-12-04 04:13:40', '2025-12-04 04:13:48', 0, 0.00, 'completed', 120, 100.00, NULL, NULL, NULL, NULL, NULL),
(16, 2, '123123', '2026-01-19 20:02:55', '2026-01-19 20:42:32', 39, 0.00, 'completed', 120, 100.00, 200.00, 100.00, NULL, NULL, NULL),
(17, 10, 'Alshaik Hassan', '2026-02-13 10:18:01', NULL, 0, 0.00, 'active', 120, 100.00, NULL, NULL, NULL, NULL, NULL);

INSERT INTO `library_tables` (`table_id`, `table_number`, `table_name`, `created_at`, `updated_at`) VALUES
(1, 1, 'Table 1', '2026-02-13 01:25:39', '2026-02-13 01:25:39'),
(2, 2, 'Table 2', '2026-02-13 01:25:39', '2026-02-13 01:25:39'),
(3, 3, 'Table 3', '2026-02-13 01:25:39', '2026-02-13 01:25:39');

INSERT INTO `quick_cash_amounts` (`id`, `amount`, `label`, `display_order`, `status`) VALUES
(1, 20.00, '₱20', 1, 'active'),
(2, 50.00, '₱50', 2, 'active'),
(3, 100.00, '₱100', 3, 'active'),
(4, 200.00, '₱200', 4, 'active'),
(5, 500.00, '₱500', 5, 'active'),
(6, 1000.00, '₱1000', 6, 'active');

INSERT INTO `roles` (`role_id`, `role_name`) VALUES
(1, 'Admin'),
(2, 'Cashier');

INSERT INTO `system_settings` (`setting_key`, `setting_value`) VALUES
('printer_type', 'USB'),
('receipt_footer', 'Thank you for studying with us!'),
('shop_name', 'The Library: Coffee + Study');

INSERT INTO `transactions` (`transaction_id`, `order_number`, `beeper_number`, `order_type`, `subtotal`, `discount_id`, `discount_amount`, `library_booking`, `library_session_id`, `total_amount`, `cash_tendered`, `change_due`, `status`, `paid_at`, `processed_by`, `voided_by`, `void_reason`, `voided_at`, `created_at`, `completed_at`) VALUES
(1, 'ORD-000001', 1, 'dine-in', 150.00, NULL, 0.00, NULL, NULL, 150.00, 500.00, 350.00, 'completed', '2025-11-29 00:47:08', NULL, NULL, NULL, NULL, '2025-11-29 00:47:08', '2025-11-29 00:47:23'),
(2, 'ORD-000002', 1, 'dine-in', 150.00, 1, 30.00, NULL, NULL, 120.00, 1000.00, 880.00, 'completed', '2025-11-29 00:57:15', NULL, NULL, NULL, NULL, '2025-11-29 00:57:15', '2025-11-29 00:58:03'),
(3, 'ORD-000003', 1, 'dine-in', 150.00, NULL, 0.00, NULL, NULL, 150.00, 1000.00, 850.00, 'completed', '2025-11-29 00:59:09', NULL, NULL, NULL, NULL, '2025-11-29 00:59:09', '2025-11-29 00:59:34'),
(4, 'ORD-000004', 1, 'dine-in', 150.00, NULL, 0.00, NULL, NULL, 150.00, 1000.00, 850.00, 'completed', '2025-11-29 01:03:02', NULL, NULL, NULL, NULL, '2025-11-29 01:03:02', '2025-11-29 01:03:50'),
(5, 'ORD-000005', 1, 'dine-in', 150.00, NULL, 0.00, NULL, NULL, 150.00, 1000.00, 850.00, 'completed', '2025-11-29 01:04:04', NULL, NULL, NULL, NULL, '2025-11-29 01:04:04', '2025-11-29 01:04:23'),
(6, 'ORD-000006', 2, 'dine-in', 150.00, NULL, 0.00, NULL, NULL, 150.00, 1000.00, 850.00, 'completed', '2025-11-29 01:04:08', NULL, NULL, NULL, NULL, '2025-11-29 01:04:08', '2025-11-29 01:04:16'),
(7, 'ORD-000007', 1, 'takeout', 150.00, NULL, 0.00, NULL, NULL, 168.00, 200.00, 32.00, 'completed', '2025-11-29 12:57:10', NULL, NULL, NULL, NULL, '2025-11-29 12:57:10', '2025-11-29 12:57:23'),
(8, 'ORD-000008', 1, '', 150.00, NULL, 0.00, NULL, NULL, 150.00, 500.00, 350.00, 'completed', '2025-11-30 00:43:18', NULL, NULL, NULL, NULL, '2025-11-30 00:43:18', '2025-11-30 00:55:32'),
(9, 'ORD-000009', 1, 'takeout', 150.00, NULL, 0.00, NULL, NULL, 150.00, NULL, NULL, 'completed', NULL, NULL, NULL, NULL, NULL, '2025-11-30 02:06:56', '2025-11-30 02:07:29'),
(10, 'ORD-000010', 1, 'takeout', 212.00, NULL, 0.00, NULL, NULL, 212.00, 500.00, 288.00, 'completed', '2025-11-30 15:23:06', NULL, NULL, NULL, NULL, '2025-11-30 12:52:43', '2025-11-30 15:23:14'),
(11, 'ORD-000011', 1, '', 150.00, 1, 30.00, NULL, NULL, 120.00, 500.00, 380.00, 'completed', '2025-11-30 15:24:27', NULL, NULL, NULL, NULL, '2025-11-30 15:24:27', '2025-11-30 15:39:41'),
(12, 'ORD-000012', 2, 'dine-in', 192.00, NULL, 0.00, NULL, NULL, 192.00, 500.00, 308.00, 'completed', '2025-11-30 15:31:36', NULL, NULL, NULL, NULL, '2025-11-30 15:30:39', '2025-11-30 15:39:46'),
(13, 'ORD-000013', 3, 'takeout', 185.00, NULL, 0.00, NULL, NULL, 185.00, 500.00, 315.00, 'voided', '2025-11-30 15:39:06', NULL, NULL, 'Voided by staff', '2025-11-30 15:52:49', '2025-11-30 15:31:11', NULL),
(14, 'ORD-000014', 1, '', 150.00, NULL, 0.00, NULL, NULL, 150.00, 500.00, 350.00, 'completed', '2025-11-30 18:29:36', NULL, NULL, NULL, NULL, '2025-11-30 18:29:36', '2025-11-30 18:31:00'),
(15, 'ORD-000015', 1, '', 150.00, 2, 18.00, NULL, NULL, 132.00, 500.00, 368.00, 'completed', '2025-11-30 22:28:09', NULL, NULL, NULL, NULL, '2025-11-30 22:28:09', '2025-11-30 22:30:42'),
(16, 'ORD-000016', 1, 'dine-in', 235.00, NULL, 0.00, NULL, NULL, 235.00, 500.00, 265.00, 'completed', '2025-11-30 22:54:48', NULL, NULL, NULL, NULL, '2025-11-30 22:54:21', '2025-11-30 23:34:14'),
(17, 'ORD-000017', 1, 'takeout', 222.00, 2, 26.64, NULL, NULL, 195.36, 1000.00, 804.64, 'completed', '2025-12-01 15:53:27', NULL, NULL, NULL, NULL, '2025-12-01 15:53:12', '2025-12-01 15:53:35'),
(18, 'ORD-000018', 1, '', 327.00, NULL, 0.00, NULL, NULL, 327.00, 1000.00, 673.00, 'voided', '2025-12-01 16:38:13', NULL, NULL, 'Customer want refund', '2025-12-01 16:48:32', '2025-12-01 16:38:13', NULL),
(19, 'ORD-000019', 3, '', 369.00, 1, 73.80, NULL, NULL, 295.20, 1000.00, 704.80, 'completed', '2025-12-01 16:58:31', NULL, NULL, NULL, NULL, '2025-12-01 16:58:31', '2025-12-01 16:58:36'),
(20, 'ORD-000020', 1, 'dine-in', 288.00, NULL, 0.00, NULL, NULL, 288.00, 500.00, 212.00, 'completed', '2025-12-01 17:02:23', NULL, NULL, NULL, NULL, '2025-12-01 16:59:20', '2025-12-01 17:03:14'),
(21, 'ORD-000021', 2, 'dine-in', 328.00, NULL, 0.00, NULL, NULL, 328.00, NULL, NULL, 'voided', NULL, NULL, NULL, 'Customer have emergency', '2025-12-01 17:02:51', '2025-12-01 17:00:36', NULL),
(22, 'ORD-000022', 3, 'dine-in', 263.00, NULL, 0.00, NULL, NULL, 263.00, NULL, NULL, 'voided', NULL, NULL, NULL, 'Testing', '2025-12-01 17:03:12', '2025-12-01 17:01:39', NULL),
(23, 'ORD-000023', 1, '', 476.00, 1, 95.20, NULL, NULL, 380.80, 1000.00, 619.20, 'completed', '2025-12-01 17:11:41', NULL, NULL, NULL, NULL, '2025-12-01 17:11:41', '2025-12-01 17:12:15'),
(24, 'ORD-000024', 2, '', 159.00, NULL, 0.00, NULL, NULL, 159.00, 500.00, 341.00, 'completed', '2025-12-01 17:15:55', NULL, NULL, NULL, NULL, '2025-12-01 17:15:55', '2025-12-01 17:16:04'),
(25, 'ORD-000025', 1, '', 159.00, NULL, 0.00, NULL, NULL, 159.00, 500.00, 341.00, 'completed', '2025-12-01 17:19:34', NULL, NULL, NULL, NULL, '2025-12-01 17:19:34', '2025-12-01 17:19:59'),
(26, 'ORD-000026', 14, '', 200.00, NULL, 0.00, NULL, NULL, 200.00, 500.00, 300.00, 'completed', '2025-12-01 17:20:58', NULL, NULL, NULL, NULL, '2025-12-01 17:20:58', '2025-12-01 17:21:23'),
(27, NULL, 2, '', 307.00, 1, 61.40, NULL, NULL, 245.60, 500.00, 254.40, 'voided', '2025-12-01 17:50:02', NULL, 5, 'Customer Refund', '2025-12-01 17:50:27', '2025-12-01 17:50:02', NULL),
(28, NULL, 1, '', 150.00, NULL, 0.00, NULL, NULL, 150.00, 200.00, 50.00, 'completed', '2025-12-01 21:29:52', NULL, NULL, NULL, NULL, '2025-12-01 21:29:52', '2025-12-01 21:30:09'),
(29, NULL, 1, '', 150.00, NULL, 0.00, NULL, NULL, 150.00, 500.00, 350.00, 'completed', '2025-12-01 21:30:36', NULL, NULL, NULL, NULL, '2025-12-01 21:30:36', '2025-12-01 21:31:44'),
(30, NULL, 9, '', 250.00, NULL, 0.00, NULL, NULL, 250.00, 500.00, 250.00, 'completed', '2025-12-01 21:38:44', 5, NULL, NULL, NULL, '2025-12-01 21:38:44', '2025-12-01 21:38:48'),
(31, NULL, 1, 'dine-in', 322.00, NULL, 0.00, NULL, NULL, 322.00, 1000.00, 678.00, 'completed', '2025-12-01 21:57:31', NULL, NULL, NULL, NULL, '2025-12-01 21:57:16', '2025-12-01 21:57:39'),
(32, NULL, 4, '', 250.00, NULL, 0.00, NULL, NULL, 250.00, 500.00, 250.00, 'completed', '2025-12-03 11:28:48', 5, NULL, NULL, NULL, '2025-12-03 11:28:48', '2025-12-03 11:28:51'),
(33, NULL, 1, 'dine-in', 225.00, NULL, 0.00, NULL, NULL, 225.00, 500.00, 275.00, 'completed', '2025-12-03 11:34:13', NULL, NULL, NULL, NULL, '2025-12-03 11:34:07', '2025-12-03 11:34:15'),
(34, NULL, 1, 'dine-in', 25.00, NULL, 0.00, NULL, NULL, 25.00, 100.00, 75.00, 'completed', '2025-12-03 11:42:00', 5, NULL, NULL, NULL, '2025-12-03 11:41:53', '2025-12-03 11:42:02'),
(35, NULL, 1, 'dine-in', 150.00, NULL, 0.00, '{\"seat_id\":1,\"table_number\":1,\"seat_number\":1,\"customer_name\":\"Alshaik Hassan\",\"duration_minutes\":120,\"amount\":100}', 13, 250.00, 1000.00, 750.00, 'completed', '2025-12-04 03:14:37', 4, NULL, NULL, NULL, '2025-12-04 03:13:06', '2025-12-04 03:14:50'),
(36, NULL, 1, 'dine-in', 0.00, NULL, 0.00, '{\"seat_id\":2,\"table_number\":1,\"seat_number\":2,\"customer_name\":\"Adian Alfahad\",\"duration_minutes\":120,\"amount\":100}', NULL, 100.00, NULL, NULL, 'voided', NULL, NULL, 4, 'error input', '2025-12-04 03:30:59', '2025-12-04 03:30:41', NULL),
(37, NULL, 1, 'dine-in', 0.00, NULL, 0.00, '{\"seat_id\":2,\"table_number\":1,\"seat_number\":2,\"customer_name\":\"Adian Alfahad\",\"duration_minutes\":120,\"amount\":100}', NULL, 100.00, 500.00, 400.00, 'completed', '2025-12-04 03:48:13', 4, NULL, NULL, NULL, '2025-12-04 03:39:42', '2025-12-04 03:48:15'),
(38, NULL, 1, 'dine-in', 220.00, NULL, 0.00, '{\"seat_id\":9,\"table_number\":2,\"seat_number\":1,\"customer_name\":\"Marian Talaid\",\"duration_minutes\":120,\"amount\":100}', NULL, 320.00, 500.00, 180.00, 'completed', '2025-12-04 04:13:40', 4, NULL, NULL, NULL, '2025-12-04 04:13:19', '2025-12-04 04:13:42'),
(39, NULL, 1, '', 150.00, NULL, 0.00, NULL, NULL, 150.00, 700.00, 550.00, 'completed', '2026-01-19 19:18:18', 4, NULL, NULL, NULL, '2026-01-19 19:18:18', '2026-01-19 19:19:36'),
(40, NULL, 1, 'dine-in', 150.00, NULL, 0.00, NULL, NULL, 150.00, 500.00, 350.00, 'completed', '2026-01-19 19:53:51', 4, NULL, NULL, NULL, '2026-01-19 19:23:51', '2026-01-19 20:42:44'),
(41, NULL, 4, '', 200.00, NULL, 0.00, NULL, NULL, 200.00, 200.00, 0.00, 'completed', '2026-01-19 19:54:50', 4, NULL, NULL, NULL, '2026-01-19 19:54:50', '2026-01-19 20:42:45'),
(42, NULL, 2, 'dine-in', 150.00, NULL, 0.00, NULL, NULL, 150.00, 200.00, 50.00, 'completed', '2026-01-19 20:42:37', 4, NULL, NULL, NULL, '2026-01-19 19:55:06', '2026-01-19 20:42:45'),
(43, NULL, 3, 'dine-in', 250.00, NULL, 0.00, NULL, NULL, 250.00, 500.00, 250.00, 'completed', '2026-01-19 20:42:41', 4, NULL, NULL, NULL, '2026-01-19 20:24:17', '2026-01-19 20:42:45'),
(44, NULL, 1, '', 150.00, NULL, 0.00, NULL, NULL, 150.00, 500.00, 350.00, 'completed', '2026-01-26 07:34:55', 4, NULL, NULL, NULL, '2026-01-26 07:34:55', '2026-01-26 10:30:41'),
(45, NULL, 10, '', 150.00, NULL, 0.00, NULL, NULL, 150.00, 500.00, 350.00, 'completed', '2026-01-26 08:01:36', 4, NULL, NULL, NULL, '2026-01-26 08:01:36', '2026-01-26 10:30:41'),
(46, NULL, 2, 'dine-in', 150.00, NULL, 0.00, NULL, NULL, 150.00, 500.00, 350.00, 'completed', '2026-01-26 10:30:37', 4, NULL, NULL, NULL, '2026-01-26 08:39:36', '2026-01-26 10:30:41'),
(47, NULL, 3, 'dine-in', 200.00, NULL, 0.00, NULL, NULL, 200.00, 1000.00, 800.00, 'completed', '2026-01-26 10:30:45', 4, NULL, NULL, NULL, '2026-01-26 09:11:09', '2026-01-26 10:30:48'),
(48, NULL, 1, 'dine-in', 150.00, NULL, 0.00, NULL, NULL, 150.00, 500.00, 350.00, 'completed', '2026-02-10 17:12:25', 4, NULL, NULL, NULL, '2026-02-02 11:37:07', '2026-02-10 17:12:28'),
(49, NULL, 1, 'dine-in', 270.00, NULL, 0.00, '{\"seat_id\":10,\"table_number\":2,\"seat_number\":2,\"customer_name\":\"Alshaik Hassan\",\"duration_minutes\":120,\"amount\":100}', NULL, 370.00, 500.00, 130.00, 'completed', '2026-02-13 10:18:01', 4, NULL, NULL, NULL, '2026-02-13 09:34:27', '2026-02-13 10:18:04'),
(50, NULL, 2, 'dine-in', 170.00, NULL, 0.00, NULL, NULL, 170.00, 1000.00, 830.00, 'completed', '2026-02-13 10:18:07', 4, NULL, NULL, NULL, '2026-02-13 10:17:55', '2026-02-13 10:18:09');

INSERT INTO `transaction_items` (`transaction_item_id`, `transaction_id`, `item_id`, `item_name`, `quantity`, `unit_price`, `total_price`, `notes`, `created_at`) VALUES
(1, 1, 2, 'Americano', 1, 150.00, 150.00, NULL, '2025-11-29 00:47:08'),
(2, 2, 3, 'asdfasdf', 1, 150.00, 150.00, NULL, '2025-11-29 00:57:15'),
(3, 3, 2, 'Americano', 1, 150.00, 150.00, NULL, '2025-11-29 00:59:09'),
(4, 4, 2, 'Americano', 1, 150.00, 150.00, NULL, '2025-11-29 01:03:02'),
(5, 5, 2, 'Americano', 1, 150.00, 150.00, NULL, '2025-11-29 01:04:04'),
(6, 6, 3, 'asdfasdf', 1, 150.00, 150.00, NULL, '2025-11-29 01:04:08'),
(7, 7, 3, 'asdfasdf', 1, 150.00, 150.00, NULL, '2025-11-29 12:57:10'),
(8, 8, 2, 'Americano', 1, 150.00, 150.00, NULL, '2025-11-30 00:43:18'),
(9, 9, 2, 'Americano', 1, 150.00, 150.00, NULL, '2025-11-30 02:06:56'),
(10, 10, 2, 'Americano', 1, 212.00, 212.00, NULL, '2025-11-30 12:52:43'),
(11, 11, 2, 'Americano', 1, 150.00, 150.00, NULL, '2025-11-30 15:24:27'),
(12, 12, 2, 'Americano', 1, 192.00, 192.00, NULL, '2025-11-30 15:30:39'),
(13, 13, 3, 'asdfasdf', 1, 185.00, 185.00, NULL, '2025-11-30 15:31:11'),
(14, 14, 2, 'Americano', 1, 150.00, 150.00, NULL, '2025-11-30 18:29:36'),
(15, 15, 2, 'Americano', 1, 150.00, 150.00, NULL, '2025-11-30 22:28:09'),
(16, 16, 3, 'Caffe Latte', 1, 235.00, 235.00, NULL, '2025-11-30 22:54:21'),
(17, 17, 2, 'Americano', 1, 222.00, 222.00, NULL, '2025-12-01 15:53:12'),
(18, 18, 4, 'Cafe Mocha', 1, 250.00, 327.00, NULL, '2025-12-01 16:38:13'),
(19, 19, 5, 'Cappucino', 1, 250.00, 369.00, NULL, '2025-12-01 16:58:31'),
(20, 20, 3, 'Caffe Latte', 1, 288.00, 288.00, NULL, '2025-12-01 16:59:20'),
(21, 21, 5, 'Cappucino', 1, 328.00, 328.00, NULL, '2025-12-01 17:00:36'),
(22, 22, 3, 'Caffe Latte', 1, 263.00, 263.00, NULL, '2025-12-01 17:01:39'),
(23, 23, 10, 'Burger', 1, 159.00, 159.00, NULL, '2025-12-01 17:11:41'),
(24, 23, 4, 'Cafe Mocha', 1, 250.00, 317.00, NULL, '2025-12-01 17:11:41'),
(25, 24, 10, 'Burger', 1, 159.00, 159.00, NULL, '2025-12-01 17:15:55'),
(26, 25, 10, 'Burger', 1, 159.00, 159.00, NULL, '2025-12-01 17:19:34'),
(27, 26, 3, 'Caffe Latte', 1, 200.00, 200.00, NULL, '2025-12-01 17:20:58'),
(28, 27, 5, 'Cappucino', 1, 250.00, 307.00, NULL, '2025-12-01 17:50:02'),
(29, 28, 2, 'Americano', 1, 150.00, 150.00, NULL, '2025-12-01 21:29:52'),
(30, 29, 2, 'Americano', 1, 150.00, 150.00, NULL, '2025-12-01 21:30:36'),
(31, 30, 5, 'Cappucino', 1, 250.00, 250.00, NULL, '2025-12-01 21:38:44'),
(32, 31, 5, 'Cappucino', 1, 322.00, 322.00, NULL, '2025-12-01 21:57:16'),
(33, 32, 5, 'Cappucino', 1, 250.00, 250.00, NULL, '2025-12-03 11:28:48'),
(34, 33, 3, 'Caffe Latte', 1, 200.00, 200.00, NULL, '2025-12-03 11:34:07'),
(35, 33, 13, 'Mountain Dew', 1, 25.00, 25.00, NULL, '2025-12-03 11:34:07'),
(36, 34, 13, 'Mountain Dew', 1, 25.00, 25.00, NULL, '2025-12-03 11:41:53'),
(37, 35, 2, 'Americano', 1, 150.00, 150.00, NULL, '2025-12-04 03:13:06'),
(38, 38, 3, 'Caffe Latte', 1, 220.00, 220.00, NULL, '2025-12-04 04:13:19'),
(39, 39, 2, 'Americano', 1, 150.00, 150.00, NULL, '2026-01-19 19:18:18'),
(40, 40, 2, 'Americano', 1, 150.00, 150.00, NULL, '2026-01-19 19:23:51'),
(41, 41, 12, 'Pinoy Pasta', 1, 200.00, 200.00, NULL, '2026-01-19 19:54:50'),
(42, 42, 2, 'Americano', 1, 150.00, 150.00, NULL, '2026-01-19 19:55:06'),
(43, 43, 4, 'Cafe Mocha', 1, 250.00, 250.00, NULL, '2026-01-19 20:24:17'),
(44, 44, 2, 'Americano', 1, 150.00, 150.00, NULL, '2026-01-26 07:34:55'),
(45, 45, 2, 'Americano', 1, 150.00, 150.00, NULL, '2026-01-26 08:01:36'),
(46, 46, 2, 'Americano', 1, 150.00, 150.00, NULL, '2026-01-26 08:39:36'),
(47, 47, 3, 'Caffe Latte', 1, 200.00, 200.00, NULL, '2026-01-26 09:11:09'),
(48, 48, 2, 'Americano', 1, 150.00, 150.00, NULL, '2026-02-02 11:37:07'),
(49, 49, 5, 'Cappucino', 1, 270.00, 270.00, NULL, '2026-02-13 09:34:27'),
(50, 50, 2, 'Americano', 1, 170.00, 170.00, NULL, '2026-02-13 10:17:55');

INSERT INTO `transaction_item_customizations` (`id`, `transaction_item_id`, `option_id`, `option_name`, `group_name`, `quantity`, `unit_price`, `total_price`) VALUES
(1, 9, 1, 'Hot', 'Temperature', 1, 0.00, 0.00),
(2, 9, 3, 'Medium 16oz', 'Size', 1, 0.00, 0.00),
(3, 10, 1, 'Hot', 'Temperature', 1, 0.00, 0.00),
(4, 10, 3, 'Medium 16oz', 'Size', 1, 0.00, 0.00),
(5, 10, 5, 'Vanilla', 'Syrup', 2, 5.00, 10.00),
(6, 10, 9, 'Chocolate', 'Sauces', 2, 6.00, 12.00),
(7, 10, 13, 'Double Shot', 'Espresso', 1, 25.00, 25.00),
(8, 10, 16, 'Oat Milk', 'Milk', 1, 15.00, 15.00),
(9, 12, 1, 'Hot', 'Temperature', 1, 0.00, 0.00),
(10, 12, 3, 'Medium 16oz', 'Size', 1, 0.00, 0.00),
(11, 12, 9, 'Chocolate', 'Sauces', 1, 6.00, 6.00),
(12, 12, 10, 'White Mocha', 'Sauces', 1, 6.00, 6.00),
(13, 12, 12, 'Single Shot', 'Espresso', 1, 15.00, 15.00),
(14, 12, 16, 'Oat Milk', 'Milk', 1, 15.00, 15.00),
(15, 13, 1, 'Hot', 'Temperature', 1, 0.00, 0.00),
(16, 13, 3, 'Medium 16oz', 'Size', 1, 0.00, 0.00),
(17, 13, 5, 'Vanilla', 'Syrup', 1, 5.00, 5.00),
(18, 13, 6, 'Hazelnut', 'Syrup', 1, 5.00, 5.00),
(19, 13, 13, 'Double Shot', 'Espresso', 1, 25.00, 25.00),
(20, 15, 1, 'Hot', 'Temperature', 1, 0.00, 0.00),
(21, 15, 3, 'Medium 16oz', 'Size', 1, 0.00, 0.00),
(22, 16, 1, 'Hot', 'Temperature', 1, 0.00, 0.00),
(23, 16, 4, 'Large 22oz', 'Size', 1, 20.00, 20.00),
(24, 16, 12, 'Single Shot', 'Espresso', 1, 15.00, 15.00),
(25, 17, 1, 'Hot', 'Temperature', 1, 0.00, 0.00),
(26, 17, 3, 'Medium 16oz', 'Size', 1, 0.00, 0.00),
(27, 17, 5, 'Vanilla', 'Syrup', 1, 5.00, 5.00),
(28, 17, 6, 'Hazelnut', 'Syrup', 1, 5.00, 5.00),
(29, 17, 9, 'Chocolate', 'Sauces', 1, 6.00, 6.00),
(30, 17, 10, 'White Mocha', 'Sauces', 1, 6.00, 6.00),
(31, 17, 14, 'Triple Shot', 'Espresso', 1, 35.00, 35.00),
(32, 17, 16, 'Oat Milk', 'Milk', 1, 15.00, 15.00),
(33, 18, 2, 'Iced', 'Temperature', 1, 0.00, 0.00),
(34, 18, 3, 'Medium 16oz', 'Size', 1, 0.00, 0.00),
(35, 18, 13, 'Double Shot', 'Espresso', 1, 25.00, 25.00),
(36, 18, 16, 'Oat Milk', 'Milk', 1, 15.00, 15.00),
(37, 18, 19, 'Sweetener Powder', 'Additives', 1, 10.00, 10.00),
(38, 18, 5, 'Vanilla x1', 'Syrup', 1, 5.00, 5.00),
(39, 18, 6, 'Hazelnut x1', 'Syrup', 1, 5.00, 5.00),
(40, 18, 7, 'Cinnamon x1', 'Syrup', 1, 5.00, 5.00),
(41, 18, 9, 'Chocolate x2', 'Sauces', 2, 12.00, 24.00),
(42, 19, 1, 'Hot', 'Temperature', 1, 0.00, 0.00),
(43, 19, 3, 'Medium 16oz', 'Size', 1, 0.00, 0.00),
(44, 19, 13, 'Double Shot', 'Espresso', 1, 25.00, 25.00),
(45, 19, 16, 'Oat Milk', 'Milk', 1, 15.00, 15.00),
(46, 19, 19, 'Sweetener Powder', 'Additives', 1, 10.00, 10.00),
(47, 19, 5, 'Vanilla x3', 'Syrup', 3, 15.00, 45.00),
(48, 19, 6, 'Hazelnut x3', 'Syrup', 3, 15.00, 45.00),
(49, 19, 7, 'Cinnamon x2', 'Syrup', 2, 10.00, 20.00),
(50, 19, 8, 'Caramel x1', 'Syrup', 1, 5.00, 5.00),
(51, 19, 9, 'Chocolate x2', 'Sauces', 2, 12.00, 24.00),
(52, 19, 10, 'White Mocha x1', 'Sauces', 1, 6.00, 6.00),
(53, 19, 11, 'Caramel x1', 'Sauces', 1, 6.00, 6.00),
(54, 20, 1, 'Hot', 'Temperature', 1, 0.00, 0.00),
(55, 20, 3, 'Medium 16oz', 'Size', 1, 0.00, 0.00),
(56, 20, 5, 'Vanilla', 'Syrup', 1, 5.00, 5.00),
(57, 20, 6, 'Hazelnut', 'Syrup', 1, 5.00, 5.00),
(58, 20, 7, 'Cinnamon', 'Syrup', 1, 5.00, 5.00),
(59, 20, 8, 'Caramel', 'Syrup', 1, 5.00, 5.00),
(60, 20, 9, 'Chocolate', 'Sauces', 1, 6.00, 6.00),
(61, 20, 10, 'White Mocha', 'Sauces', 1, 6.00, 6.00),
(62, 20, 11, 'Caramel', 'Sauces', 1, 6.00, 6.00),
(63, 20, 14, 'Triple Shot', 'Espresso', 1, 35.00, 35.00),
(64, 20, 17, 'Almond Milk', 'Milk', 1, 15.00, 15.00),
(65, 21, 1, 'Hot', 'Temperature', 1, 0.00, 0.00),
(66, 21, 3, 'Medium 16oz', 'Size', 1, 0.00, 0.00),
(67, 21, 5, 'Vanilla', 'Syrup', 1, 5.00, 5.00),
(68, 21, 6, 'Hazelnut', 'Syrup', 1, 5.00, 5.00),
(69, 21, 7, 'Cinnamon', 'Syrup', 1, 5.00, 5.00),
(70, 21, 8, 'Caramel', 'Syrup', 1, 5.00, 5.00),
(71, 21, 9, 'Chocolate', 'Sauces', 1, 6.00, 6.00),
(72, 21, 10, 'White Mocha', 'Sauces', 1, 6.00, 6.00),
(73, 21, 11, 'Caramel', 'Sauces', 1, 6.00, 6.00),
(74, 21, 13, 'Double Shot', 'Espresso', 1, 25.00, 25.00),
(75, 21, 16, 'Oat Milk', 'Milk', 1, 15.00, 15.00),
(76, 22, 1, 'Hot', 'Temperature', 1, 0.00, 0.00),
(77, 22, 3, 'Medium 16oz', 'Size', 1, 0.00, 0.00),
(78, 22, 5, 'Vanilla', 'Syrup', 1, 5.00, 5.00),
(79, 22, 6, 'Hazelnut', 'Syrup', 1, 5.00, 5.00),
(80, 22, 7, 'Cinnamon', 'Syrup', 1, 5.00, 5.00),
(81, 22, 9, 'Chocolate', 'Sauces', 1, 6.00, 6.00),
(82, 22, 10, 'White Mocha', 'Sauces', 1, 6.00, 6.00),
(83, 22, 11, 'Caramel', 'Sauces', 1, 6.00, 6.00),
(84, 22, 12, 'Single Shot', 'Espresso', 1, 15.00, 15.00),
(85, 22, 16, 'Oat Milk', 'Milk', 1, 15.00, 15.00),
(86, 24, 1, 'Hot', 'Temperature', 1, 0.00, 0.00),
(87, 24, 3, 'Medium 16oz', 'Size', 1, 0.00, 0.00),
(88, 24, 12, 'Single Shot', 'Espresso', 1, 15.00, 15.00),
(89, 24, 16, 'Oat Milk', 'Milk', 1, 15.00, 15.00),
(90, 24, 19, 'Sweetener Powder', 'Additives', 1, 10.00, 10.00),
(91, 24, 5, 'Vanilla x1', 'Syrup', 1, 5.00, 5.00),
(92, 24, 6, 'Hazelnut x1', 'Syrup', 1, 5.00, 5.00),
(93, 24, 7, 'Cinnamon x1', 'Syrup', 1, 5.00, 5.00),
(94, 24, 9, 'Chocolate x1', 'Sauces', 1, 6.00, 6.00),
(95, 24, 10, 'White Mocha x1', 'Sauces', 1, 6.00, 6.00),
(96, 27, 1, 'Hot', 'Temperature', 1, 0.00, 0.00),
(97, 27, 3, 'Medium 16oz', 'Size', 1, 0.00, 0.00),
(98, 28, 1, 'Hot', 'Temperature', 1, 0.00, 0.00),
(99, 28, 3, 'Medium 16oz', 'Size', 1, 0.00, 0.00),
(100, 28, 12, 'Single Shot', 'Espresso', 1, 15.00, 15.00),
(101, 28, 16, 'Oat Milk', 'Milk', 1, 15.00, 15.00),
(102, 28, 5, 'Vanilla x1', 'Syrup', 1, 5.00, 5.00),
(103, 28, 6, 'Hazelnut x1', 'Syrup', 1, 5.00, 5.00),
(104, 28, 7, 'Cinnamon x1', 'Syrup', 1, 5.00, 5.00),
(105, 28, 9, 'Chocolate x1', 'Sauces', 1, 6.00, 6.00),
(106, 28, 10, 'White Mocha x1', 'Sauces', 1, 6.00, 6.00),
(107, 29, 1, 'Hot', 'Temperature', 1, 0.00, 0.00),
(108, 29, 3, 'Medium 16oz', 'Size', 1, 0.00, 0.00),
(109, 30, 2, 'Iced', 'Temperature', 1, 0.00, 0.00),
(110, 30, 3, 'Medium 16oz', 'Size', 1, 0.00, 0.00),
(111, 31, 1, 'Hot', 'Temperature', 1, 0.00, 0.00),
(112, 31, 3, 'Medium 16oz', 'Size', 1, 0.00, 0.00),
(113, 32, 1, 'Hot', 'Temperature', 1, 0.00, 0.00),
(114, 32, 3, 'Medium 16oz', 'Size', 1, 0.00, 0.00),
(115, 32, 5, 'Vanilla', 'Syrup', 1, 5.00, 5.00),
(116, 32, 6, 'Hazelnut', 'Syrup', 1, 5.00, 5.00),
(117, 32, 9, 'Chocolate', 'Sauces', 1, 6.00, 6.00),
(118, 32, 10, 'White Mocha', 'Sauces', 1, 6.00, 6.00),
(119, 32, 14, 'Triple Shot', 'Espresso', 1, 35.00, 35.00),
(120, 32, 16, 'Oat Milk', 'Milk', 1, 15.00, 15.00),
(121, 33, 1, 'Hot', 'Temperature', 1, 0.00, 0.00),
(122, 33, 3, 'Medium 16oz', 'Size', 1, 0.00, 0.00),
(123, 34, 1, 'Hot', 'Temperature', 1, 0.00, 0.00),
(124, 34, 3, 'Medium 16oz', 'Size', 1, 0.00, 0.00),
(125, 37, 1, 'Hot', 'Temperature', 1, 0.00, 0.00),
(126, 37, 3, 'Medium 16oz', 'Size', 1, 0.00, 0.00),
(127, 38, 1, 'Hot', 'Temperature', 1, 0.00, 0.00),
(128, 38, 4, 'Large 22oz', 'Size', 1, 20.00, 20.00),
(129, 39, 1, 'Hot', 'Temperature', 1, 0.00, 0.00),
(130, 39, 3, 'Medium 16oz', 'Size', 1, 0.00, 0.00),
(131, 40, 3, 'Medium 16oz', 'Size', 1, 0.00, 0.00),
(132, 49, 2, 'Iced', 'Temperature', 1, 0.00, 0.00),
(133, 49, 4, 'Large 22oz', 'Size', 1, 20.00, 20.00),
(134, 50, 2, 'Iced', 'Temperature', 1, 0.00, 0.00),
(135, 50, 4, 'Large 22oz', 'Size', 1, 20.00, 20.00);

INSERT INTO `users` (`user_id`, `role_id`, `full_name`, `username`, `password_hash`, `status`, `created_at`) VALUES
(4, 1, 'Joy Boy', 'admin', '$2b$10$gOBPPrYV0d0sLF7jdSJ15ucqOWLIylI2v.5c.l0nrGhwqIjzi9HNy', 'active', '2025-11-28 22:02:55'),
(5, 2, 'John', 'cashier', '$2b$10$gOBPPrYV0d0sLF7jdSJ15ucqOWLIylI2v.5c.l0nrGhwqIjzi9HNy', 'active', '2025-11-28 22:02:55');

INSERT INTO `void_log` (`void_id`, `transaction_id`, `beeper_number`, `voided_by`, `void_reason`, `original_amount`, `voided_at`) VALUES
(1, 27, 2, 5, 'Customer Refund', 245.60, '2025-12-01 17:50:27'),
(2, 36, 1, 4, 'error input', 100.00, '2025-12-04 03:30:59');

SET FOREIGN_KEY_CHECKS=1;
