-- phpMyAdmin SQL Dump
-- version 5.2.1
-- https://www.phpmyadmin.net/
--
-- Host: 127.0.0.1
-- Generation Time: Nov 28, 2025 at 05:30 PM
-- Server version: 10.4.32-MariaDB
-- PHP Version: 8.2.12

SET SQL_MODE = "NO_AUTO_VALUE_ON_ZERO";
START TRANSACTION;
SET time_zone = "+00:00";


/*!40101 SET @OLD_CHARACTER_SET_CLIENT=@@CHARACTER_SET_CLIENT */;
/*!40101 SET @OLD_CHARACTER_SET_RESULTS=@@CHARACTER_SET_RESULTS */;
/*!40101 SET @OLD_COLLATION_CONNECTION=@@COLLATION_CONNECTION */;
/*!40101 SET NAMES utf8mb4 */;

--
-- Database: `coffee_db`
--

-- --------------------------------------------------------

--
-- Table structure for table `addons`
--

CREATE TABLE `addons` (
  `addon_id` int(11) NOT NULL,
  `name` varchar(50) NOT NULL,
  `price` decimal(10,2) NOT NULL,
  `category_id` int(11) DEFAULT NULL,
  `status` enum('available','unavailable') DEFAULT 'available'
) ENGINE=InnoDB DEFAULT CHARSET=utf8mb4 COLLATE=utf8mb4_general_ci;

-- --------------------------------------------------------

--
-- Table structure for table `beepers`
--

CREATE TABLE `beepers` (
  `beeper_number` int(11) NOT NULL,
  `status` enum('available','in-use') DEFAULT 'available',
  `transaction_id` int(11) DEFAULT NULL,
  `assigned_at` datetime DEFAULT NULL
) ENGINE=InnoDB DEFAULT CHARSET=utf8mb4 COLLATE=utf8mb4_general_ci;

--
-- Dumping data for table `beepers`
--

INSERT INTO `beepers` (`beeper_number`, `status`, `transaction_id`, `assigned_at`) VALUES
(1, 'available', NULL, NULL),
(2, 'available', NULL, NULL),
(3, 'available', NULL, NULL),
(4, 'available', NULL, NULL),
(5, 'available', NULL, NULL),
(6, 'available', NULL, NULL),
(7, 'available', NULL, NULL),
(8, 'available', NULL, NULL),
(9, 'available', NULL, NULL),
(10, 'available', NULL, NULL),
(11, 'available', NULL, NULL),
(12, 'available', NULL, NULL),
(13, 'available', NULL, NULL),
(14, 'available', NULL, NULL),
(15, 'available', NULL, NULL),
(16, 'available', NULL, NULL),
(17, 'available', NULL, NULL),
(18, 'available', NULL, NULL),
(19, 'available', NULL, NULL),
(20, 'available', NULL, NULL);

-- --------------------------------------------------------

--
-- Table structure for table `categories`
--

CREATE TABLE `categories` (
  `category_id` int(11) NOT NULL,
  `name` varchar(50) NOT NULL,
  `status` enum('active','inactive') DEFAULT 'active',
  `created_at` datetime DEFAULT current_timestamp()
) ENGINE=InnoDB DEFAULT CHARSET=utf8mb4 COLLATE=utf8mb4_general_ci;

--
-- Dumping data for table `categories`
--

INSERT INTO `categories` (`category_id`, `name`, `status`, `created_at`) VALUES
(1, 'Coffee', 'active', '2025-11-28 17:22:23'),
(2, 'Matcha', 'active', '2025-11-28 22:37:56');

-- --------------------------------------------------------

--
-- Table structure for table `customization_groups`
--

CREATE TABLE `customization_groups` (
  `group_id` int(11) NOT NULL,
  `name` varchar(50) NOT NULL,
  `display_order` int(11) DEFAULT 0,
  `selection_type` enum('single','multiple') DEFAULT 'single',
  `input_type` enum('choice','quantity') DEFAULT 'choice',
  `is_required` tinyint(1) DEFAULT 0,
  `status` enum('active','inactive') DEFAULT 'active',
  `created_at` datetime DEFAULT current_timestamp()
) ENGINE=InnoDB DEFAULT CHARSET=utf8mb4 COLLATE=utf8mb4_general_ci;

--
-- Dumping data for table `customization_groups`
--

INSERT INTO `customization_groups` (`group_id`, `name`, `display_order`, `selection_type`, `input_type`, `is_required`, `status`, `created_at`) VALUES
(1, 'Temperature', 2, 'single', 'choice', 0, 'active', '2025-11-28 21:45:14'),
(2, 'Size', 1, 'single', 'choice', 1, 'active', '2025-11-28 21:45:14'),
(3, 'Syrup', 3, 'multiple', 'quantity', 0, 'active', '2025-11-28 21:45:14'),
(4, 'Sauces', 4, 'multiple', 'quantity', 0, 'active', '2025-11-28 21:45:14'),
(5, 'Espresso', 5, 'single', 'choice', 0, 'active', '2025-11-28 21:45:14'),
(6, 'Milk', 6, 'single', 'choice', 0, 'active', '2025-11-28 21:45:14'),
(7, 'Additives', 7, 'multiple', 'choice', 0, 'active', '2025-11-28 21:45:14');

-- --------------------------------------------------------

--
-- Table structure for table `customization_options`
--

CREATE TABLE `customization_options` (
  `option_id` int(11) NOT NULL,
  `group_id` int(11) NOT NULL,
  `name` varchar(50) NOT NULL,
  `price` decimal(10,2) DEFAULT 0.00,
  `price_per_unit` decimal(10,2) DEFAULT 0.00,
  `max_quantity` int(11) DEFAULT 1,
  `display_order` int(11) DEFAULT 0,
  `status` enum('available','unavailable') DEFAULT 'available',
  `created_at` datetime DEFAULT current_timestamp()
) ENGINE=InnoDB DEFAULT CHARSET=utf8mb4 COLLATE=utf8mb4_general_ci;

--
-- Dumping data for table `customization_options`
--

INSERT INTO `customization_options` (`option_id`, `group_id`, `name`, `price`, `price_per_unit`, `max_quantity`, `display_order`, `status`, `created_at`) VALUES
(1, 1, 'Hot', 0.00, 0.00, 1, 1, 'available', '2025-11-28 21:45:22'),
(2, 1, 'Iced', 0.00, 0.00, 1, 2, 'available', '2025-11-28 21:45:22'),
(3, 2, 'Medium 16oz', 0.00, 0.00, 1, 1, 'available', '2025-11-28 21:45:32'),
(4, 2, 'Large 22oz', 20.00, 0.00, 1, 2, 'available', '2025-11-28 21:45:32'),
(5, 3, 'Vanilla', 0.00, 5.00, 5, 1, 'available', '2025-11-28 21:45:39'),
(6, 3, 'Hazelnut', 0.00, 5.00, 5, 2, 'available', '2025-11-28 21:45:39'),
(7, 3, 'Cinnamon', 0.00, 5.00, 5, 3, 'available', '2025-11-28 21:45:39'),
(8, 3, 'Caramel', 0.00, 5.00, 5, 4, 'available', '2025-11-28 21:45:39'),
(9, 4, 'Chocolate', 0.00, 6.00, 5, 1, 'available', '2025-11-28 21:45:49'),
(10, 4, 'White Mocha', 0.00, 6.00, 5, 2, 'available', '2025-11-28 21:45:49'),
(11, 4, 'Caramel', 0.00, 6.00, 5, 3, 'available', '2025-11-28 21:45:49'),
(12, 5, 'Single Shot', 15.00, 0.00, 1, 1, 'available', '2025-11-28 21:45:59'),
(13, 5, 'Double Shot', 25.00, 0.00, 1, 2, 'available', '2025-11-28 21:45:59'),
(14, 5, 'Triple Shot', 35.00, 0.00, 1, 3, 'available', '2025-11-28 21:45:59'),
(15, 6, 'Whole Milk', 0.00, 0.00, 1, 1, 'available', '2025-11-28 21:46:06'),
(16, 6, 'Oat Milk', 15.00, 0.00, 1, 2, 'available', '2025-11-28 21:46:06'),
(17, 6, 'Almond Milk', 15.00, 0.00, 1, 3, 'available', '2025-11-28 21:46:06'),
(18, 7, 'Sugar Syrup', 10.00, 0.00, 1, 1, 'available', '2025-11-28 21:46:13'),
(19, 7, 'Sweetener Powder', 10.00, 0.00, 1, 2, 'available', '2025-11-28 21:46:13'),
(20, 7, 'Whip Cream', 20.00, 0.00, 1, 3, 'available', '2025-11-28 21:46:13');

-- --------------------------------------------------------

--
-- Table structure for table `discounts`
--

CREATE TABLE `discounts` (
  `discount_id` int(11) NOT NULL,
  `name` varchar(50) NOT NULL,
  `percentage` decimal(5,2) NOT NULL,
  `status` enum('active','inactive') DEFAULT 'active'
) ENGINE=InnoDB DEFAULT CHARSET=utf8mb4 COLLATE=utf8mb4_general_ci;

--
-- Dumping data for table `discounts`
--

INSERT INTO `discounts` (`discount_id`, `name`, `percentage`, `status`) VALUES
(1, 'Senior Citizen', 20.00, 'active'),
(2, 'Student', 12.00, 'active');

-- --------------------------------------------------------

--
-- Table structure for table `items`
--

CREATE TABLE `items` (
  `item_id` int(11) NOT NULL,
  `category_id` int(11) NOT NULL,
  `name` varchar(100) NOT NULL,
  `description` text DEFAULT NULL,
  `price` decimal(10,2) NOT NULL,
  `station` enum('barista','kitchen') NOT NULL,
  `status` enum('available','sold_out') DEFAULT 'available',
  `image` longtext DEFAULT NULL,
  `created_at` datetime DEFAULT current_timestamp(),
  `is_customizable` tinyint(1) DEFAULT 0
) ENGINE=InnoDB DEFAULT CHARSET=utf8mb4 COLLATE=utf8mb4_general_ci;

--
-- Dumping data for table `items`
--

INSERT INTO `items` (`item_id`, `category_id`, `name`, `description`, `price`, `station`, `status`, `image`, `created_at`, `is_customizable`) VALUES
(2, 1, 'Americano', NULL, 150.00, 'barista', 'available', 'data:image/jpeg;base64,/9j/4AAQSkZJRgABAQAAAQABAAD/2wCEAAkGBxISEhUQEhAQEhIQFQ8QEBAQEA8QEA8QFREWFhUVFRUYHSggGBolHRUVITEhJSkrLi4uFx8zODMsNygtLisBCgoKDg0OGhAQGi4eHx0tLSstLSsrLS0tLS0rLS0tLS0vLS0rLSsrLS0rLS0tLS0tKy0tLS0tLS0tLS0tLS0tK//AABEIARMAtwMBIgACEQEDEQH/xAAcAAACAgMBAQAAAAAAAAAAAAACAwEEAAUHBgj/xABHEAACAQIDBAYHAwgIBwEAAAABAgADEQQSIQUxQWEGE1FxgZEHIjKhscHRQnKSFCMzQ1JiguFTVGODk6Ky8CREc5TC0vEV/8QAGQEBAQEBAQEAAAAAAAAAAAAAAAECAwQF/8QAKhEAAgIBAwQABgIDAAAAAAAAAAECEQMSMUEEEyFRIjKBkaHRFGFSsfD/2gAMAwEAAhEDEQA/APZLUlhXlAGPptpBS6Hh3vK1N4xXgDsswLIBhwBZMW0YRAcQCA0ZmEWiQ2EAkwGNpOsUYAupFkRrQWggrqb8Yt6cflEF1gCcknqyI9RfwgVSTBRIGsJlkhLSYAN7boaMZFpN9IBLNMgXmQBj04IvLdRLCVqukAHPGCpKzPMzwDZJU0hCpKNB7yzlvBCyYLGDmExYKMBgtJJg5oBjPEtvhuIMEFsYtzGGLIgEiY6yIVoBF7SLTGWGFtAISnxiqkfc2tIHOCiVBhWjyQYBWALAmTCJkAsO14mqt5geFeC0Uq1O26Au6XisDqxxgFSlUPDd2yyKpgsoXQSVYQByV+EtUjpNcHvGLUPCCUXWMhRENU3e+H1mm+ANciJzQc0FjaCDMt5LLaBSxCnjGM47YAAWRaQKoMkPBaMyQgIzLMyQQTui2c9kOqbQM94AKtHqYu0IGAZaZDSZBRaiEzcIapD6uC2ApHGQ69kOqukhBBBFVL+ECgA3C0ttElIAt6fAbpg0lhYmousAW7XN+EeCIh2B0kKYA9xcRTpeOU6Rbm+6AQtIdkclMcYAhq14FhNQXgJNKhaENI6nUBFoFgNTIiyZaNt0rVTwghWqC5iCCN0tMsgLAF03mGFUpTAsAy8mDaZBS5JQdsO4hFeEABluJlNbRqJDEEKzjlaVnFjebCot5XanBRAq8ouuMwvutGvSihQbfAK6mY8jELaLRri0FGrV4SVeVi9vCDRU5s19/CAbIEEW4xtBLb5XosN/ZLavBAKlzAViI1oKiAFnO+LqkmO3RebWCAUecZaKeYHgBGL4w1EkiAJqPaZJJ1mQU2zUYojWXmWJqJBBea0HPCdYi8AsAybRYj13QBNVJXcndLd4DqIBqqySvUFps6tKVa9K8Fs1+WSeUfUp2iM2shodRNpdpSmBDR5SUXxumLKy1o0VIMhtItIzXhKYAp1N/jMCRlphMAAmKr1rCZU1i6lE2tAAp68ZMmmAO+ZBT09oDCNgygQ6yvUWXGi2WQFamIwtDyxbQQG8m8AgwVaAE4imWMzSQwgpQrUxxlRqU2tRQZXelAKttJIWG6cIN4KiQYQbhK8INAotBgJKvKZqaxi1IIWS0BqtpXqVCd0w3MEHBhGgRFMa6x9uyAB1Ot5MaJkFN2RMyyRCvKUDLFsscxizBBQQ3mFY28iQUV3WVxTluoIhoFFd9IN5T2ptNadRKIRqlatfq6SWBIG9mJ0VRr9JaTD1m9s0k/dQNUI/iNr/AIZLFDAYpmgVKJX7bHvyj4CV3HM/ib6xZrT/AGHVaIZoLePmYN/93MlsqSCvMEZRKg6qG5Evb3ESMSi/ZJH3Sbf5rxYoSxkmpK1QVB6wCut/W1yMg7eIb3RtI3F9ddddJUyNUPpxymIQxqymBysI9ZTvLKQBlpkwGZBTcqZJMT1kwPNGh1rzMsUGhddAJMgwHrCKNWAOZhEOsgNMYyAp43BpUK5kVspupIGZD2qeB7pbpUraXYjm2Y+ZuffG4ajm17IRRsxG4Dla882Sels7QhqRUxFJd5zeSn5iauvVpg2LEeC/Wb3E0wBrrNDWwfWPYaATzy6iXB3jhiHQwof2WY/3ZPwMsDZJ/ab/AAahmxwFDILWl9akLPP3/r9GZY4rZGiXZXaah7qDD4mY+AQWBFbvsi/Wejp1hJbKTwM6rJe7ObX9HkcZsyllLZCSouMzsy3G45b5b87SphqDv6wGmgzllsSFBPG/Getx+FBRso1ymw5zyWJwlMXWpl9SowsCCbmlSNrePvnSPnZmW1XlBGlY/pKHjVAPwkurqLlTY7iCGU+IlLrKW4Uhbnvlin+aXrqR9TdVpH2SL66cDzE6fEjHwPihtJry0hlPFDI9h7JAZfusLj6eExMTabRzryXs0yUvymZAN9mhXkjDmSaRl1x9nTS/QvPFPUjTTMS9FuyNUfY0v0QGkhpHUt2QhTPZLqXslMkNCz3kLTMYKVotA1m1dvHCFWyh0e4ZScpuCLEHxh0On2DKg1GqUr6evTZwD30w2mm8zQekY5adM/vMPdOaiserUNbe+vifI6ieXIrmz0KK0JndKXSzZ9Q5VxmEJ3ZTWpo/4WIMsFqD+srIeaOD8DPnTbGEUkNZSGF2vcHMAOPcZpq2CW/8v93mHjT5IpNH1Eayj7TeY+kp4nbCpf5mfM1IFdxYcRYkQK9Rj9tj3s0w8DfP4Oiypbr8n0BjOmGQ+qKfO7SonpIpKwV3oKbj9Zf3XnAso4iFhx6w7xNLp/ciPOv8Tve0vSRS6tsjM+hHqKUF/vNa/heUsFjzVpiswAapdiBrbUjfx3Tl1U6Bedz5GdE2JTIw9PuYf5zO+KCTOORtpGx62W6eItQccGLDxsn85rHMvZCMKG/brMo7soF/MTrLwc0i9tapYUe00V/1NKYrwuk7ZXpJ+zRp+9mM1S1uctENg9c3mTX1qx7ZktCjqBrr2+YIkhgd1j3G8A+HuiKrooLOVULqWY5Qo7+E8Fnuoc0ya3Ze0WqlmCjqs+WkxN2dAoOc9lze3K02LNbXwHfJRqyCdco7zyhmSBYbtTvMG95TJIhATEW0OUjPC+llf+GQ9jn4CcZXHFQQLWFzxvu5TtvpWW+DHJ/lOD1uPcfhLHcS+VFqrtdWIBvpe9xx5RFbEKdxGs01M6xzTvpo8ylZYeoIhjAJmCEg2SLRtJgCIgRiSsI3VF807hsDZyNhaJI9pFbz1+c4VgDqBOu7C6XfmaOFoYWtVrrTVLtlSjppmL3Oml9wnCbryeiCvxVnoa+yaSgErqxCgDezHcBzgYvDKz0cKvs0iHqW3Dj7yTK+FpVEc1q1QVsRYqgAIw+FU7wi/tHt3mbjAYMoCzXzPqSfaN+36SputUjLim9MSjtfZa1qrVCTrlUclUAD4e+a89H17TPTGnMyTn3Z+zssUPR5dujqn7Rkz0WQzJO9P2OzD0bCnhmO9r8hZR84vG4KkFzPTDFNUuM5B5ZtxlMdJsOpINakClywLC4A3zSbc6WtUtTpUyVfN6xugAC3Nxa/YLc++cFmikaWGcpG26PYnrRUsPZck/xageAAEvUVcuWIXIvq07Hf2maDoQb06qKfXZ06wcKa2O7mf/LlPWZbaDhoJ2g7imzORVJpAEns98i3IzXbe25SwqFnYXAzWvaw7TOSdIvSRiKxKUT1abrganw+st26Q00rbo7Fi9qUaQvUqqtuBIv5TQY/0h4GloKhqHsRbzk+C2FjMVZ3JVT9qqx18JvcJ0HpjV6rOeIAss4zzxju/seiHTylsvuXukvTiljqL0FRkIHWIWI9YjePK58Jy+tvPcfhPc9MdgrRwnWUUs1J0fMLklbEG/nPAHEA69t78tJ2wSU1qRw6mGh6Wa6lv/32R5iKW8R5nse54I7AyRMmAyFIjFgQ13wyou4J7OveJ2/oEufDVUpHM1Gs1J8u+wpoVF/E+N5wZmK6+XfOvdFekYw+EopmKMKaZwBYl7ak855s0nBJpWerDDXcbo9s1RKSN1lOojWNmZCVBtwy3Am3wOIp1UVldWuBfKQSDbiOE8DjvSB6pWxa/HQGeDxm1i1TrKbMjb8yko3mtpxjOcn8SO0sUYLw/sd9dYJp8px7ZHpBxdEgVT16dlTRx3OPnedH6O9KMPjBam7LUAuaNTRwOJHBhzE24mFI2xpzIZa32jMmaNajgdCvTohHD3dRplspVyd9+I05S0/ToioKtRs5VSqop11JJ1tpvngCxO8k95vAqTr/ABYv5vJxfWSXyqjvnoe2o2IXF1SAL1KIUDgMjToYM5X6AjfD4nlVpf6DOpZZJLT4RU9XlnHfSrWc2Otnq1AT92wUX7pR6EbDpkde4zG9kBFwOc3HTHGpUqPhKhC2y2Jtq4GhB4MN3Me/Oi1QJTOHqWVka6k7nB7PpPM3Ls0tz2xjHvW9q/J6CnS4nwAllUA4W8YhaidoJ5cJjEf/AEmeHSe6wdqKDSb1cwAJZRY5lA1FjOI7WpULnJ+ba7CwvlIvpdSAQd+7TTcJ2017DeABzniemGzFYZkeppc5UVagAOpslxcan5Cevpcqg9L5PF1mCU1qjwc7q7LqoA5pPlOocKShHJhpK+aetwNDGU0zYbEKycRTqFFHerWUGLxL42obMM43G9PCVCTzzXn1FJM+Q4tcHlwJOWer2d0d6xwKzPTW1yy4ZBrbd6q28ZcxnRyilsj1agtqBhjffvzBLCWweHAm12RsSvXP5qk7gb2sQg73PqjxM3tTZRVrUqdTKR7ZalhmU8ix+QnqOjOw8SmavVxNWhRpguz/AJQbso1uans6b9eyZbLFpeTxuHo06LX6lq2IUuLMlsLSINs2o9c8/ZG/1pfxHtGzZt1219ZrDMfO89BsXYuCxlKviFxTs6O3qVDkzhbNnyg3IJNvWuNNAJ5WpiLk23XsO6c2vJ3hJVfIx++ValGM6yCW5xRXIrNTO6+k2GyqjU6lN1JDKykEHXf84WC2XUqjOF9QX1OgNt9u0c4qmQKgAINjvG4kSWti6WvJ0A7cqn7RkTz9OqZkzpOlnMlgV98IRdQ6z1o+a9jqvoZ2utGjXUm16lNvDIROlDpXRA1f3GcN6EGyVN+rJuBPA9nfPUEkj7X4WnDJG2z1YpfCkUfSXj6FWuK9FjdhlrKVsMw9lx3jQ9w5zSbN6R1EAUkVFFrK5Nx3Nv8AA3HKW9p4LMTcHxRvpPP4nZrLqpB5HQ+F5hQi1TOkskk7R7nC7ep1B+kai37wLLr2MoN/ECXlp1W1WrnH9mVc+OUm3jOYJiipsbg85uMDtcbjy36zlPC47Hox51LdnrcVQbcWe/YWI90q0qbAi/vP1lzZm3XYZetuLbnYMPIy1VxjfsUzrwRB8BPHOUrpo90IKrRramz0LZ8hVyP0lJmR/FkIPhBdau4YjMP2a9GlVHnYE+Jj620rfq08TUv7mlOvtNv6NB3Fz8SZuE8i2ZnJjxS+ZC3p1r6Utmsf38MU8bgmD+U4kbsHsvkerY+V5j7WI+wPxH6SKm2zb9GviTOyzZvSPNLpunftDDtLalrUxhKHOlSpgjuzA2msxez8diDfEYg1eOWpXcoDbgu4eAjam3X4JTHgx+cWdu1eGQdyn5ma7uZ+jH8fp17ZOzNi4imxyui5gytYsdLdlptsN0WY76g/CfnNFU21WP6y3cqfSVqu0Kp31an42A8hCeV8lccC4Z65ujKKLvXC82yqPjKpTAUz61VqxH2UsVJ5kfynjqtYXudT2nWL/KgJtY5veTObyY1tFHrdq9IDUXIiilTAtlFr5RuGm4cpqMC+ZweA3TWU6jPpuHxm82VhSSAqkk7gAST4TSgo+DnLI5s3dJ5k9Z0b6KMPzldbaaUzv14mZI5o0onDsNQeowSmj1HbRUpqzuTyUamb9+g+JpU+vxmTBUzqoxBtiKnJKA9cnvtO009g4kLkTGjDJuKYDCYfDXH3jmb3zX4j0d4Wo2erVxVZ7AF6tYs7d7EXPnNvqY8HnXSyvycy2IyC601IQWALWzueLNbiezgABNxnnRtn9B8FSGlE/wATM3zm0To9hRuoJ5THeTOyxUcbxCXlRsK/C/vndV2LQ/oU/CJP/wCbSH6tPITDyG1FHB22Y7aFSe9f5RS9Fi26m4+5f4Tv35DTH2F8hDTDIOA8pO7Lg124cnDML0HxJt1dQjk6n5GbSn0O2oBp1Lj/AKpUnwKzsPVL2WhKkw5ye9M2ko/La+pxPEdGtqDfhHbmtWgw/wBV5Qq7C2iN+BxPgqt8DO+FYJMKdcINt8v/AL6Hz2+ysd/UMb/gVD8IptlY7+oY3/t6v0n0RnkzayL0Zaft/j9HzqNhY9t2AxXjScfERq9FNptuwNX+IqvxM+gisGO9/SMvHfL/AB+jg1PoJtVv+WCfeq0vk0sU/RjtFvaNFf7y/wABO4yLy96XFE7Uebf1OOUPRLX+3iKY5KKjfSXk9GSorfnWdspCgIEXPbQEkk7+wXnVSIo+0ptxHCZ7s3yaWLGlseU2P6OsIqIzA1CVVg5dwGuL3yi1hy1nrNm7JpUBlp06a/dGU277Sdim1FU1/NGpRFxY2puUF/BRLbmb5MW6ogg/ugcmP/qJEm8yUyVy8YpiJIqTxo9bRbWp3RqtK1Bh2Rr1OydUzk0NLRR7Yu8gtK2EgyZJ7YtnkM5vMmibcdfOMBlZqsWGMzdFouXgMbQVvaQX7ZSGF4rrTfdGXBmFbSUa8EgmLN4yAbiUgYkmBTMMzSMsWX1tBe30hVF4yvUbwIk2KvIWzLh66ncKocdz01Y/5s0u1GmvwL2rN/aID/EpI18CJeedrtHJqmDeRBJImSWWhKvI6zWVXqcIylPNZ6aLnXw0qX4ysojQJpWYaRYzQMhMR1lphxU1aJT4LCnhCYSiK2sc+I5RaDiwgdY2UTVG8zDi9NJnVRdLZeJPCCyymmL4GP6+XUmTS0C5sZme8XUrCK65ZmzSRazcIYMoCuIfXcZVIOJdkgyqlaGKs0pGHEa2sQRrymNW0iOsN4bKkwS+WvTPbnW/DUDQ+U2lQ6zS417FH4Kwm4qG+s3B+DnNeSLyIDOJk0SjXR1MzJk8iPWxymGpmTJ0OTFVTFCRMmWbWwSRlU6TJkqJyViYEiZMM6ImEzntkzJALvAEmZBQTvjEaZMgDRGCZMnRHNmCKeZMggGP9jxHxm3O4dw+EiZO0OTlk4KmJGsyZMlItj//2Q==', '2025-11-28 22:34:29', 1);
INSERT INTO `items` (`item_id`, `category_id`, `name`, `description`, `price`, `station`, `status`, `image`, `created_at`, `is_customizable`) VALUES
(3, 2, 'asdfasdf', NULL, 150.00, 'barista', 'available', 'data:image/jpeg;base64,/9j/4AAQSkZJRgABAQAAAQABAAD/2wCEAAoKCgoLCgwNDQwQEQ8REBgWFBQWGCQaHBocGiQ2IigiIigiNjA6LywvOjBWRDw8RFZkVE9UZHlsbHmYkZjHx/8BCgoKCgsKDA0NDBARDxEQGBYUFBYYJBocGhwaJDYiKCIiKCI2MDovLC86MFZEPDxEVmRUT1RkeWxseZiRmMfH///CABEIA+gDIAMBIgACEQEDEQH/xAA0AAACAwEBAQEAAAAAAAAAAAACAwABBAUGBwgBAQEBAQEBAQAAAAAAAAAAAAABAgMEBQb/2gAMAwEAAhADEAAAAO6TJ2kMr1mgYAqMHNY3MyiERNBKZrNiQlyqU2oahA2C7KpSqXA1eCXdfgMNn04vK+lpkugBJaWec860DDM8KooX56vTk2azQMsyutatsSRlJvUiHBmrFzFyHpggXpM2TTgxrk8H0XPxfG8z3mCPI0xcN04tNKpqxff4EPYeU646nG7d+m6869Jn3enjosWyhTwxrIvovlwHvhzU9bJnXFw9pWN8zpO09MX0czNZYtpJlo65dVllZLqXZWDCuVDTCKqWEeQ6dQVGglN1BCeAT1fP+W5sa+1dr4h9J1PWDUsvxnrPnMvh13XDfa+kfMvRds/Ub4+zediU3K21lFsIpYLYqqfSLZJYNFYNMliHCcoU2qXJYUtKaBWwoDpcuHrJzfP4u557Nj+ftzfM+S+pcqvn59/k4LRVVY3Id0uR0tTu9cu97fPn6k2yrc90qGGeagNlZuVpDYCmjSUb1mNrboWW6Ek8YxISzj1ymZU0qCxpAwYpSVmgbBF9RLYNVExMfyX6t8rxePNuPF1eo8n0euPqjPIdPU6Piuj5/l042e5it38vd1x9F73G6/fm80tU3Z3YuoqHOiuQYFZZdsSzUvPXzGz6Do+FacX7qfyr22p2MnhfIy/U9fxLRL+gG/Nff7zpu1Q2hupmdxZfH+F0YOV1+j8l1JfY3w9ddPi8nknQvH6CvMj0+ZlGBUe+9v8ANfpXt8+1iTRpKtdRofnVwRiwkqlutAKUtQmCYwQSlS+f01m8/XoLutyZ9KxmiprIidKmXJdEhCCJcg4m8HN2+C9Txc3y2V6IkvdrPZ6ytNcjm9vFy6+ZnWLpzv1c9L6uNsKpSfn1SzTbsbl1csIYgpNMrjUFmD4z9o+a5vlJc52uxymbz2/Oe88kuGSYr/pPy/1nXH1msbOuXBjyy9XkZUc9/Nkei8vy1NmOJ2d3mezuccZMXZ0eY3vjp+d6WhOLOv3E0e75/T782pcCxiSzdGjK+XTQHAKddLbayJJmNrK6lBimaya7DWeXm0N4dV606KVGMsAdCtShJUSKvOnHnbVpmaK5fRTi8TJ38MeWw+wPU8/0e2/0cucfSLN46fSFjflHd9kJ3s1aZb0zNCyXLoNLdQ5KAEZFJZlipmDN0c0cZyfOe2znhNXrMg3nJXvPER7FKef+iI9P0xqgVorm9DnY14jk9ny/DfT5oyW5ZD+rzuvueckHFkksZ6TzHqe/PvdbL0vX59WtW7ltA6pNZXvPOlPhy1CGQKWNrlGwU6xClVBBF2FBlnJlY/N36Uw6KdGLTSKD0BBZcXVu4+utaLbXKdtKzmj0ORGbB4nmYfVen8i9Xt7m1dHrjPWspUss4S8oWdnKpOxMvNIpm6yo95mPX4ZT5/zweb6Lo+Ysl+p6vlHRPovK3eJjoaPDPPft4PqdOYv0ss5+rZp7Z5PSdaHl6Gazn4+llxrkeW9tz8a+cV6rkZcyb3bwHbe+3zPK9F57lqpRS6PUcr0nfn6TeGb0cd1/MePx6/dHfKfeV2yS0ZYlFjdWAJkLZdF0dyrFqxcu9QVsqznLvP5u73pZTQW5FPVdNzvKzFk6a4x7pKODQfjPUcCX5iG3Hw6q0ImuftPf/FPovfHrxxt1ndWU5dpZ9BCGs6MlsgFuQtmghnz/ANtypfi89V5nBUuQdh2N59L436H5CuCFzlrZ6Xxzuk+yO8/3+uB2Zj1NZ4dCMyvzZ1lxdDJjfNxdhFnFfrZZU2u78+bXayct+e8h7vzHHfndCOjJ0fb4e97eG3x3rfOR8xB6vD6Wep8jo3Ps3f8AlHs+/P01+N5ms/RK8515dJKYGzOqXcNlmrEqspb85VrDWQTprG0tu5cd6alGGNSDLI0GJSyiqz6cMubE/Hz15zyfvOLh5qdbbqcb6Pl7/o5aWLZRAdhbcuuVtSY1dWJeZ2aVa5mlXmmTFnH0pME6OveeLs04umNebPilRzev008h1PY9eweiubh3ULkNI2NzrIjeE1zQ6RRzL6V7nPHdxzheRTh83VxZjzdHr/I6u3P6XXE09+XRXyceNM8d7XVnXzSet4PLWPQ5AlUvGu19G+Seo7Y+o6eRv7c9iwuXZWa8acaaUhxkhY3c/U6w1cUQEtyCHQlFCdEOqolEMJzbaXm4O5mxfN4vTrl4HV3bumcnQa/eMR7Jm53NhZAUpSEDV0Dm2KOeranOsGbrojij173nhO7ErnD1gTjZPScvOud0OQuvW7vJ9veetRtjOYUjHZG51ooq3kE6JmoaRCAZmoeP1OVjXzLn+n89w6JlRLIKPU9f5/q6Y9vzE9Jrm6+f52Poej51NT675Hou3PmUIfPu+nzG9M/Xu5570Ho4rOFKRZrzrdFXnWZerFK/ECzsWN7zLqFyiDgSJVwGVS3dHYNlAVaUwoNRrmY4gCYMFS21BpcGIsCK5YQEQqmVYheijPHEZh1hZnTsCsxPGXl/MPX/ADXju5V87Ohz5X1hPzdO529nlTxv6x6X477Prz9tOJr6Y3zMQfneB4Hnv3SvD9TOvZv8Z6IZzfQ4jzuP1pWeDX0+Py3UuJ0Ot5ns9cbPNex81z6ZK0Kjter+edfUXx/Sv3jyff7/AGumOxu5PT1l2cs028ydCY9kvMwd7nY3z90YaYIbw6xOquiKqSAFli7bVCZElSiLoTpZy4FkkppOpVMIbKhWEy3xnHcONYz0p56o1XnTYuQdDdkW1lmJPUPeeJXcX0nzr5d+gvn2b8+DpqxvBe/ps8RPr/Ky2iSadE3rL38+7PR+w+WP3ndySrluXXR1nD70vSejlkwejyr5euzl575vm/a8znvx6/W2nlfZ4H9M7vGei5eby0682NhtxWnY9J4bf1z9I6Pzv1vo49bfzuli3DLG3aczpXCqkLGypTz65plEzsCWCSxNYYwljZUuFkBgwgS2jQUEyXLllOfLj0Oy+fpsmAvL3Ytx8t5D1zOk08rFRhbygmyBu5qBDpQFliCcSLbQbw3k9KdM+F8d9uvvy/P3J+5eJ0+ct9PoTj7e2fSeDR7lXLXiZ7jNXlHdzobx5v1enp9ubuln32Ve2Y3zs/YTnXm+d63LnXlp6TJi8dzOPLo5/DzR72eF3abvLe08fkFE4TtUGp7T3Hzb6Z255pgdx6djfzh3Og7j9aIcVqEmEIg1qMqUUdMKuRCWUBhKVhCSBCKqhBFEW6XNrDJ5O23GR+H1ZntZz6KaZdeYlZdMCVlvCm3NZCygMKxcZRmMG8eoC6rFmQUJLnPb4tnXmtWkZVacY89r8t7HV7PN8tP3nmu2ORfT0bnKLfLOX09OyzJofYJGcqyO7Fr0gJFy1DH0Ajxfzj6j8o46qSSySD/VeO9XuczB7R+8+C2/RtvTnyupVS31cj5pyWZC+pxejy30F5DrYjRl1Fld7yQXYNyIUKirAi1nFG2QC7EvS53HRZAb4PWprixqoZbyk2SxZ3esjDOwCZfbmuzuwId2Kh2Lh1AUVZ1QEvnuARcumUtRS4zYGaTEv7cwpk3nAvdl8fpdp5h7ynB6NP0fJwpytfTO5gvSoeMx+V8n5/Ovona+R9iPtOj5p7rpnTd55pq6y2K+S/VPOYvzuuzj5sU0aa5/Q6HU3OT1dHR6Rug9W8H0k6EXl1v49eO7aeNZemlmpcVrqA3JrIBY6jDAQjQ0YImgExQwZFslNB6pZ/Pu8h6fm+0HSWFZX35UUPeaKz6cwspuVcKypd1UuFS4DCAKXRS2jEl2DLgIskuePrntNsqSpd6gA0JcqNyPH6sm7EPDs/5X9dP6vz/J9LBq9HLRw9HImvmXP0ZuO4YWnQ9l889v2x9ByzJqHkYjOkY9LOWuTOo7Tjv7O7tz87t9C+zz2zpsXG7a1nOT8U0DrLNOnw5wVzuW+w7k7dTXzOkreRoS1AoWRTKujsSBW2hLpcF16Tw3WM9Hy/cR0fXFwq6YIhd0xCiu3JtyakKrobuRVyVLFUr4hxYFmNF8zbjRAledb1pLUig1c9xOjBXTsb7cJM2bn06VQumBExgVPHnrAjoZvB7M3TxLzrr+Y9Bp+p4PmOP6R4rrjwPnvVeW57DTmKB7nDlel53L6+8+t9R5L2/bGJPVDGuP1Nrqxv13rK2RuaFlUqyqWGErUxFH5tuErOdi7HJ49OgWDHZ3NHzP1fXHWuoVChS3CQ1sJJrjN0tF89q5cf8AJ980U2rKp6eBSmaySNddcIfc3nPokJY3ZcFcuLevn+f0dbJxT579BnHndMddXm9fn7ZO35Jfh93qL5+Hvx7juMgDvZuBnXs8uRnfh19PKz+jh6DGezv50tVLGVR6gidQkHL47Tnfl8frHpcw+e+5E6PrfO898g/QKt4/K1fdfk8vDbvbNYepxur1z7D0+Do9+LWKbNayBfPetfjH5vqdGPWMGq1mvK38hxr2/Z+d9dfrD/nfvt5dSrS+D28XLp57516jxPPWr6B4P0/XH0oGTpmXVpUOUGh/Vwz7CDGh5Wvm+H1huB/l7kyr9nmurLWTOi78pVjqZ9NTOgwbC59OL1mI57Tk3Y+XXRydnG4dr6nC6fLtkdzdWNs4Wwsa5B6OTw6+285t83b6LjDm5dPaq81u78Wdrw3q43ei5i/o+H0TuB0fZ495czodeLIDOmBo6gBOQjH0F8O3KXpz/N9+3p+f7Hs8uwln7vJMO6J8q8J+j/NdM/Hex3U9sdTUp+o01imb5ofl/P3Lq8z0fPXc+h/Jvcds+nTzcW+fgfLdjkebtq0c1p3/AKb5n0Xo568BiSsvOxry3nPQee4bL2nnPofbHrKCumXCLSdR2vnaKTGqUebN5oo3fJ+iTxPvxYVF6uAlTLCup253WeY1M+/i8e/WHl4uPTpzi4PN6U68nb8vpZzPSeU78U8wsPg93R52O83f0uHq641c7l5/Tx99wHYfD6628tms7qzRHa92LWfZecenWO12+F0fd43dbl9H2eSaxv1+UoN2XUgIHUYMnVxeL149OM/B6++3Ds+z8s6k3m5UM3m/Wr6Y8Ynuec65blDkng+fpzeXtfe4Gmu36jwXs+ue9hmTWfLcH1uHjvn/AEJHqO+BJhdMBj348a5GPtK4deTOtvpW15duRivZi32ybi3KmdSSgOZ0uH5PRNStHi9LyFvv8lFL6YEDMhjm1KefK59OnxupxeHbTG+c83o7HK6YzfDJB+H2GkkS8F+nFy6Bp2YzKqn26EZhl34zz0yxTrD9WHRZ6Qc2HNLr4/XdeXM9BxdPfh3tSHfY+TTZOvO7UdhDcQRIZV87Vy/B7LGw8Ps6HV8/3Pd430IfQ8LKCqOLiHwO4Wny/k/SPnVvkOX6Xh41mmnVGb6DwfXamLDv8Eek6fzz3tvpNc6fXGN2u83MDWZuUd1nMftlKtklX3ozEkklklkAwM/C6/K+b7tmpDkcdF7PLUsauUwWZ59QOWPV8nrw6Zq3jPwe2rh3vgbtfPfE43X834Pf6jm9PHGLmeh8svQRz+1jfnnXVRT1HRypDNpobNzLorr89MTo0SP9T5n0v1fmq1sr1+TYebT6vNJkZDpK6Yu6HNJRTGs3L7HO8PszCYeP0zr8jpduXTW1X2flypLmSQkkC876Al+H5PrniN3hb+np6YyN6Pls3ynKk83W/U+b+gdM+r353d8OtaM3YaTzptA6WGormSMOzJXLVyrJKsizCMGRo/M97dCNW8MsZ7fLazvNFtHqRRzUTm1jz6LRtvOuN0G3jXmFdbB876POrqNxvyODvZfH6uKjX07fN7r5m8auny9ONYWTL0k1a7zQDORr05A567fZxdD0+fN7Ty2/3+LuZs+r1eQelxuzZJA9HnOiqypdS1UHGl8zTzvn+0LIfJ6Ztw6957i2B9z5AyTWJJCSQkkC4nZK356foeB2zn8Z6Xg8t+KnU1Yub6dwvS+ri3SD7Ll3jduRUuyJhnIMHPfUvjdVPVyr56klF1ISrqOJRq+R9LXqyavRxYjRXr8wvzvIaSorq95EGVLkfndx6s5PYwHld8Z8v6fMPern0nFh8unnr7mPl1wr9DiMlaedmum3JKzB6bnWYj0a65mX0zuuOF6bm4N89vqvP+l9Xl43pJq9njYQl7fJM2mSypEACyeftsDJss5+DscXw+yxE/N3rZj2az2xKfc+QFXW8SSEkhKui5VrfkvWBqfMOT7bkacHf0dnXmG826gsEc6lijG9SWUU7LrKIapcciPXyTz9JJEkkWAYRykasfyPo7XZXdMbDQ33eWXJvIsqRdy9wROoBo1VZHjy6Y2Hp574eoH+b04VacjXPVmd873YR7PHxvPlLsY3zb6gxXO9Do9XDzZdLncegO6ubeeaHSycOnX9P5P0X1PnbtPm9Hfh2j52r1ed5EPXjcqVWPZk83ZG3m7/AD9mcrscvtz5sKvk/RLZj37x2BIfvfIqrrWJJCSSpUhJIQhkZvP+r5XScUtFduaVjpzpRlGjzNVLTAiNYBUMqxibpPWyTy9pdWSSEEhjLx+5wvm+7XoztzpujG7pz1WJe3ywSoswLUExhCksBZDjocBtmaHzOPWk2fm9K4ic+j/Kby8np896TDOfXun5b0HbjjcxtnN63M0G3HgDNT0Uduat6B9fl1V0F9+D2gHr8qdvNrl168iu/nvI3N5fRm6OHqct3g6GT18OOpyfi/VZ1Od1+3DcBh9v5Ukq5kkJVyqkhVyi5KLlEvn1djj9+ScXSw46aGY9moEtVNW6kCyzZ1NHOfnWiWfTHqpU8vW7Gy5UixuicTt8zyehZp1+b0AZDGhuPV6/M0Cno4iUz51rgl0xKkKlxcdPvj0yhcx0iX4Mbx9lZy487i5deI/dz/L6VbeZXHr2sO3zPp4dLEPb8vcuTuyZ0HZw7u/Ln9rnc/F9efnO99HwcL1XI6+88zqCHbjrrBs6c1YNGP5/s09FTfb5awbuLy3mq6+T9J/d4/e+h4qGT6nz5UiSSVKuiSQkkKkhJVh+e7+Pc4K230zy+kAcur6Mu3NUescNWi3LFWpuJ6ixLyd5JIkqFyUWoyzrhaFV8j6OolF0xGY5x6dF+DR9DyaIueji2plNqozU5nREefQ06E6wa+czj23cpiOPXosVp9Pnw5HYPF7OR1cmP5/u1ai0erhnfW/py8r2N/J59OeCuv4fXzO15rZrPa2Wj6Phfu5/U9Pnw6meRxv0PJ7hJphL9fk8/wBqafL6Sqw9nlrLtTz3wij/AIn1dvSUX2/k1JPRwkkJJKlXRJISpCSoSSFms180js8f0cheDLSW9Rdw4TDpbAoDLlnpZU8Xe5UJKskowCGpVcnv8vw+pOlLOHbKsw8XqPTiUnbPnH7vJ0wSz2+ZlrrrjQOXNz3uwdOLyepn3y5eT3ccvP03o59OCHczcO1c7Yvlvbg6nC6Z63C7iM6NS37x5foa8/l9Zubv7+es3T4nXl6EvFew7clNPiydpidPo4Vh0YeHXZszaPRyGrrWCVQ43gevpfP9jF3PsfMuSJJJUkokkJJRJIVJCVdEIYX5v1HF6Z5pXO2TJMzTobmo2nIhxXWby/B8Ny1+orqcOklQupRbVuFBdSlAZLx738f5PvIDnD0AL8/PbhzLxew3naPV5n7ee72efUGR/TGjFrxrJ0Q6ZBOlu8c7Ya1zVsyc9FEDz6HqxYs6rAhnzvodZyXezyavO9JGdZevsPtxSO8O/DxfrtlY157slimumAYevI867+Z7u5QK+r8/RSV4rs6XeT0u1zJ9LxPYtnXjUgqUAiR0lTHUKhDZVSWSSFSQkkDx65Xliq/RzuVa05RjGJqG8nf4g+foleL0fqGSWSqhcqSvkTZJRS1IKu5+0+WvPO1Yfl/RvM5HDsqBOezaGeNjsZazvX5zq5119XOb7fJvbyOh6+GuDPZ5THK/OiwO4Pn9CfTYF8eva5Wo/V5rVo50u5JlR1l6Wscp+wpQh315DaU89uy58ng9elStnn787uzT7vKnl6+N5+rTXs8fpd1wxfc+Tauaz3eTt1zizdoZZLs14OjnZypm3KlFBsoGS5z1qVYqSWSSEcli+aR0+b6OchBREkkJaM0uvHl5s14/je94fHf36pXHUlRbsbHINZZrKWSSwSoV0c7W3lvzqO1y/j/SwhpTw75tGeY3pZhfrLjRLNKiqzWWcbnr7vO9H6Hk6mJx+zy8Pcuvn+08DU8umqcy+e+g/nP78mXks7XIeO8dDbxp35dZPP0IGXov574fV3zvyU1eHty283nJ+Z72WWzy9y68w/b+Uzz/AEsvv8ePLgRHoW8FkvePiNl9R0/JdzO+nMBZu28jKfFxGxZWNGgq0stFSVZZBZl4noPMdsNlM3E53hLg53T5+NYuJ0MHLrzrfztZ/RNSuG5KkWQWWMiwhsMbog2NlWAmxK351ws/qON8v38cNiPB7FWYEoIOgDTmZ7NeTQzpjqb+Lr+h4nnZd+OPmdXB8725C2O49POdbeztjn5/RX25cEu6e88V3Xnfjk0UPq4GPOx+T0dlPC5/k9XayIf4vSLj7XXlm6SOR9z5OnNhb6uGxLM1z5LQOvnt/oMfp7Fvq5ZdWUDKEL1SXDe3MsPmrOyfK06zsNDYGjAljYzynr/HdcnYX0l0aoTz+lml4vL9KnOvNV6ET6RUrydblRaICJKgdQYZJKoSGgEhSpBHvwEP43X0ebv5OvR8n5nv5l6J5+2QdWeVZEZHZKrdeI7Oj0fO6PRx9MfmtXt8nbnGPpjrFxSl7M412diuOma7Wbih5O/Sy4q8/dgMLj1FG7odOfL62vD9Pw7+fzFfS8GkF30wUJdmqJ1y42dTdkrVJnVSQu6sqSFSrJVwrndGHltfR85XpNXF6eppEhxZYkO8x6fzHTKqGdZBpsq0aaM4axsRHts9BdV8/wBUkhLqySQJbFQ+DdSrBKBgUImAIkNCawjc/lWbufo0eftwVenR4vV54Ovj8npwjqXy6ZTcAojhV2ClYEllAoxhlFClCaNe8c9vS1enz8zcHJ9/j9BzeLPd5dKIO8wpNZYxbbGZdGSXZ0cHUjRpS/NOWMsqQu6slSA3VklQkoA+VqM8x3uJv27RLZhJIP8AJ+r8t0iCk6xlqGVlrZZVkTMhCnalTweuSUXdWSVA1GEG3NpBkGqohsEGAAJjSxMAAMKCrWNbgA7T/OyPSBwS576+bM7h1pWk+W8K+pM65I9gZcA68esv18eumO+flUd+Xr8Pm778unkTNQiVesttR2MIGWXLljTUVlgws3R0+f0TRoW7GpUhVXRd1ZKglxSjQvMo0Z0oNHU8/wBWXmqvZp1Skkq5B3lfU+T65W1U6Z0KoJp5o03IgVljYnblX4PVdSgoNkkgQEMJ3c7dViQkEhsGroATAATXQAxYAMXYtbV0pbVIsDXVDFhUsB0zyNFIg1NwJqKs0Ui7G0FhWJllR6hGJhkLLmQbo7BiNaLgujzt8dN2RuNmKhhtIXWpeYE0KzrrQvKs0KyJl056EDTfcrB3JcSSEurD8Z67x3XLWAfXLEmQumyBMGoNia9mVfg9V1IS6hdSEkkZ2Ck6gGNBRCDVjVAYoAGNAtixYMXYC2LsBTVUtbAFLYsASBIBhVVdEq4S6JKKrLuWWVFZZiyrYLLLOogyiLep6Pct1Kdn56d3R5zXm9gOVS9IOeqOirABsSvUuauvtOLfoyXi79dSVLolja3KhdiZm812+H3zTbLUSxbrLohCuyRJ3Z1rG/n+u5VklWSSiXUBx7s0a3c3pi6MKCiEESGgE1oIGFLWwLFrYulratFqaulAYIsGAo1IlUVWDLhRSyFRJChEKXVnR2EYmXJVUdMSPE7HPQ9MPA7/ACMtNh0prAfd2nndncM5mvTJakiyVCSCXUhKkSSQkkW2qaeczFXp50tJZ3WpbNZZQVY6pEamonWPO75/sOSElQuVCSoWs6jF0sQHXWUpYMAAGAgCQ0AGAAMXYoGqpa2BSlsBFLaulgYINXEqXKqXYJSyFLSyoiFCqzoyyhWVV2lso7LOjsMwiO3Z9UNNdTTKVcOJZKyBFIZUXKhdSElSrqVFyVVyrCBvL047qr0cyCSVLqHOgOFcxhHYhsqtrs2j53rYQWS6hcqEkoljAcuzPD93F7QKnhSQYCLBgUsGAABhSwYuxS3LpK2giQatFCwaWLBqpdg3doJWSCVkSyKqKzKOMSoYWS4RbBKyzG7Let6OamxtJGHszsXSaGStgXKVQQoMUqqFyoXKhcqF2JjfMd/zPbJOz1uONNoaXLUDjwGItNAAdOdlZ8316yQ2juoSSEkhBuEG4ZqeiOkfL6NEtkM69C0Qty6UDAFgxdiwYFLW1dyoHBSQcAumCgQ5VQ4glZAlZEOzKOHZRSwKu7JctLISsI6ZYTKIuUJJCCas1aailaSyg6q1kqQVVKuVIuVaySFuURyeZB9XKqYSrFtSkt4Q6pVLtHEj1o+X7401H8/1P0ZdNNsSJKskkKl0SrooDqM9sXG4ubtplSqFLwMy9SrM4OXSltWigavWVg1YAmNgUYlXdlXZWUUIE7JIUMlwyqILKuSpdWkYF6y5wPS7kUIZAERAxsUDGDbApTsClKpIkkJJFl1C7E6Pj9bynTEhB2y4SuWrEoqDpUcen49z0XHYPk79bpecrc+63D5aPQp1HYkS6hYkJcqF7cMLAqAE6hIPCGuwXW0RuqAhBWYC1ODWUK0hZmF4WIFwIqHVBZRJcKoVEWUssqNJchBuWVVrsKks1k9VNCMCDlGWYktlCWpcioViykCsSlu6IqXcDCi1LsFtZ7eTgy6PVwaLlqJSZtEhK6xwZ5eP8/7fE8ne5V89U/bo6Z+xGM560MzGaLUYVgRclEkAKQQpIQbgujGABoCSIIfMkrSAwoSCwQIKAGBcrExoKOrAsrSrIqE7NBIiqiuAy0oxeJdzoBuvWV6bZVHDKOzUSK4EiJasjAjblSTrlzXphnvTBBOuVNuirtlwuzgHkOnwvTzNRZN40DiDO+kfN3IOTRzs6DLWLN8rl24vL2mvJepoOvpHfl64XL8vYLkDNJLoPMY6xMqXRUkJJCSQglQAsoULQgAYMIXqBVWwEoIFWEpKq7sCmyxZMulmVWWedJ0b4q07GPHq1nPXU03PO17XamNu5681nTOXns2yaylogm3QXbJKNkQFlAbuwYUUbuFS5Eksl1CcvV4ztghB3p5ZD01A5d4S8w2oxu8GnHlg5+zlc+nNT0NBydfS6XTmvvL3d+XuUbJ4fVyl9dUcqbUZqjEc1zM5Gi0MDksqioqFRUuLUugaOIsH0Zg2UZK0iIjqEBqhiX0COUPXtONXcs4V90rOI7sFqct/QOzC7WVZ2OIUZ2VchKuFSQkkJchLkCkhJLJJC6kWSXEkhJcKRfj+mazrZ6+JwhGjcSwOs6yZOlhzrNl0zF4mPtZsbwPazpit86PXF6x2XPqxpfg9VJTydztHwtibM7Tzc0IOejgQazPdaCzWaYgxkAoKpFkuJUuVVFLBhWLpsEx0sTHwReiCSaQomEARFYJSy7qy5IS6skuFS4VLokllXIS5CXVkkhLq4l1ayXCSURNeR3kuZmf6+TjzabHS4WaGylLqFZdmfOsqthGAOkFnLPphYOqnawGpD5r0GeL8Xp5nM14c6Pbz7s6W/j9DeOjnO4TDrFCilDJC7GDLVFeWe00lls1TPZoJBjIJly4VCsGFdVLtKu7Ku7JchdXC7qySQu6skkJLhUkJLhJIVchLkJJCXVywhsupRMyfGdM6uUp/q5WLTsApUr9GbSgyXLZBZBfU1mtgpHKOiRqUimwizjToLTfj9Gbh97zmdOXUzWbMJ6z6HRy9nXGmjHAKOC4UAo6BhQGXCpdlFUo7CxtqIcaCh55zHxZllLJchLkLksklkkhLqyXULuUXJCSQkkJJCS4SSLJJFySpdIG8fD5PrjTnS3ti2K06hsjbDjAlG6ofYHAi8VmjKyVuXUuxFvtFOCiS4EQ6BI6p4/Rm857TxOdOPM7FIhlm7ocjodcdc8ey5qikoS4g0dAwoDCgMuFQoDCsqXKopAiAhhqOGGoh9gcsKQkuEkhJIXdWS5CSQkkJLhUuFXIsksqXCS6IKPPWdjx3CT1zvtb+kNsdrKCaqzczNoSxqyjpUuh2dktCZrmOCmilsQ4qUwVsirZUr249OdCGJ3Dru8Z7TyObg28Xpceu+hPeJuwad56PT42/pjoRTZKlwGFQMKAwpAWUAspQwolQoVZQqFZRWS2cbEOilq6skkJJCXLJLhJISXCSQkkJJZUuSyVKuL51nQ5PlvLbnb4VM3maFXpq149es7GJfZYulKIzFx4CY+oty7V0gS1RhAnR1ZHaVdYpWaB043ekCjm6c5ctbfO97DXgNWM/L6O1p4+7fPUa26mrZy39M9kavWdDvmXexr2Mw7NYKFYEKipcKlwG7JKl2VCtRIjQGnc1CkiXISSEksq5ZJLJJCXIskhJLJJCSCFWfk2drm+M8/qep8zjLQY3NWpubRrJsDRqR4FYzpZd9lsqxg3nlMasOwIOAYZBJYNsVLgdZdiGUcTs7Wd1FgJCmUfOnk3Kr5WUHy+jRpxlZ1dXI6Vzs0Zn7m/VzNvTHB+YfaflvLsv1Xz8uevtXU+B9vePtJfNvS7x6Wc/ZrDZCsGyNFE45UmyKJFIlyEksqXCrllXLKuQlyLJISVC5QIyZcNddfkfNH0PgfPcWnpeVhfqaCHRZVmVZkdE7IbWUlsOqW5tmvRn1BjY2EjQMARkuXTTYFkJUR8jPbgq48oTGHjRMGg01mmntUSRTT52yl7nncfqCzfnuP6Zyee/JblzF6JYnaO349Oo75/7nwmdecJ7OPbGO/Eqjk1j1npPAfSbvqdmtvXy20LuWReat05bU3zGcabzkPibVsVEbaaHzMBsnPSdacHFXqR8FyV+m4/lXOPqnnvnt2ek5vO0UDblULSpTKdYGwNVWymBMFuoYkzWcms6TU3OJqfh1DKll3It3ICa2wVia3IyFPJkoqFmNQ6uop2U0AJBEi4I6mKw87tTJeMI6j+c0dyOuZ5kPXtxrxx+sx15Lyvuevjfl/d7K1PNeL7XK4fa83i9QnHv8nt9TzL5vd+s+b+y38XulVdeESdbx8xR9E+d899+vQVrPmWaudNO5h+KPZD4SV7gPHWepz+fs6+PKMXJKBwuqyK7nO0mUlzSsESlMgtsplPJppmo0mMqjuByn2IBt3IWy6E4ZWpOmW6uy7oiiJ0qWOLNhjJSlhKAMsuioSnSssgGXAPRPlp647WVU4NZ87Wa+XXW3AdnT2cN1nf187VLqZkpNhYW1oXk5ud+X4eTT5f1G1ePQK2hut+jOBvq/KMGlXJQR3m/Jeq8mvpX59KLx9Ck8387+x/Nc78dDLG5Zwg3KlkYEZdgsTpsEiZcg2XRHA0O6cgOjqUbKsu7Kx2jO6wTpinYsAes0MCGowWE14tUpsc6M7WSWrlS3dWQhsJTQiioQywql0FkbK1Y3LLItTaYzAhAdZ8hnrFw69O8TV1OwtPQu8/3rNDeeleiWHTYfL186b8ryM7/AC/pWaKxHcVl9fvj7M89+v8AN2ws6MiW9Mc7yno/J89+13crqazqGyB8f7TkHxStA8+t2RiafdmZzTRRmFURs1kDu6i9EsQbXCmaLoGG6k1sUgM0HqIa/WmRPURNZL3CZS6Lo57HulqOBc8Ok0NSwO1GVchJIFa6CSzDnVoJudY9HRbc436a1M7LwGhqkWawcPHcp1bx88w7ed5+2tuB8bjwMN2vlsr0wcbo1sPFuA4XU5c6ebz8+ef7+vbgU1u7Xm/ba4+2VkP2fndjcJo5im9Mcbx30X5/y6et3+Y9HrPSNeoqUyPlHmvrPy3QLJmdLjDE28LEk9lZXldlPq7JDbQ7FvI6aBWmjCIjF3pgrWhwanLMltGCeYKpkMKpaLkFSJWmxZ1aQwsJRgYaazHTIL9xk0vVrJGs7LqoWQSDzOUNNbOHRlZ9HXHg/P8ArvKcOitWN+dPtNppPC41aOc6ul2fMtPScoiXyHK6aOP3MzMyJrq6OV07j6TzQb6fhdh4O1kmJLpjZ5f0cjwHex5sdPXdPzvbuNTKkX8++hZ9T47W9OrnmszNWoKVNJWZreQiatKc7brKksYxaNjYUG5ag2NiiHSiUbMxBMQaWdarW6UTowSEUtN0rGgVgqMJY6mWAdWWwLCGSKGXWZprANLpXWtiVkbmXbT8/m6W0b7c/M+O9r4zlvPrS7Gxq4laEEEQw02ojVp5Wg6Hme4E7+TZq5nP7RvRul9vXK6Pf8/6pRY94ds5ujpz6enl77E8D1vOXzfp/N7+W/U2EsZBlnnfCfXvC9M8QDfWYtAqJk6zPGPBa4hcbYEs6twORpkedIFwFNAkPNrtU0yJlBgUb8rBpVUEJRcytg0uPIkGJcuEkhLqy5Vkq6SpcpNsqWiGCs2/KdBJ5vL1fMjOuMHifUeb57yvVqxc9MAS5LQhODKsCNzPNQwTn+e9J5PPr1sA+f1/U9XwPrt/O9mXH6nX5ymiG879HOPeexaL1jkc7q8bj19uzmdQpiprLedsvU+fXuz9IAvGwGMAM8umVkG6YIQbAYONLYea2SyrgSWEJYVlUQiF6RMZPlkMHShTJZVXcowqskkJJZVSElWSqAaaCGSWVclFUuKlytmRqvN0y5to7z5/iej4WdYHk3nc+fWiXE9gFlZEXoWZyUw1VdGfzfovIzs12ZmPd0Dxux9H2XofHeq7/ntUK7zmgJ0ye3KHXmHN3cvlvvdnzffzph5T3h557s4vI9H57rKWwaUTCTNps6o5ZVyQUqwzSRpbmbK+xkpXKLlWKTsECrpJIRh3gUpQaoxDKm6ktLGSql0JJgStgywYxctUdBMErLlXZLqy5LWkSefYlJucriySLfJnSEyS5wkzWlJmkqQQcgwpDJ5yTPozNknfp4pOf1/V+nk7fE6qpNeR2eSsoSdMBlkzroenkzRXJ0w45NZy+ck6ZhSaFci2UiVJAZIS5EhyBOkzdFySy5FhyERIi7kEuko1SSxcga5AdkllyQkkJJAWSFjIDclHJJJJKupEu5F//8QAIxAAAgICAgIDAQEBAAAAAAAAAQIDEQAQBBITIAUwQBRQFf/aAAgBAQABAgGsGqqsGWSDf332v1u8ogCrB1VDKGXd5VdetYWZpY5IJISNBvMTWcblShlAi4kPEjiyuvUp4wlUcbCFChAMqq9qHoPcfRLJNz1+Tg5at6VgOHBltijdYPSqqq0QwbGwgxS8dl0FKHccrGNYipGDZCr1rr1KtH4xGEoYDu70MPqMu72ZH5n/AEI+Wrb58zNkEnFnB0fRdVVAehA1WX7EEMrRlACvJ47LgPkJ0pVY4kjRVAUKF69a0RXUrVV160RhxcvdYDVg6Gnbm8t5cgn4nIDWzfImsizjyRS9u16GV9NVqqrQO6IkMnIEwY5Jx34bw+sUnHwRiNVA3VV6V1rB6NhxcrVY2hhUACtcg8w6iHHkjmMrTctrxWSTjsDse17aX+sckPhlblnnpzVeq9HbnctpElinEncvLIVMJGlzhOuDVg+l5VDdeivnUC7Bxm7YNDZNznl51xG8vHkZmk5B3AnHTBtfQYcsHJX53N8y8uD5CPk8/knldo5uJz45cJ1fKbkNgxMRy0s5KGM8hN8Ax6vQ9r1ft1UnATgwDCOpI3eNheQ8pO2+LjMxkw4BFxoOMowHKA9DlDL5R5PpByZvRG4PIDX28nfk5yF1G/ck6hxWl3XBiXVg2CrXsbsG70cYgg0cHqQMGqxy7d5w66SGKMqyNG0SQ8eNVrqFUAepywblHM41aRVjnj38fiaYlmmabkx+l6iMjRyGH+SDhRRjVaGAepN1RFbYUmVgXZ9iWx16MskP8qcZY1Xr0MXhWJFC1lYPS7s527F5Fm4b8QwRIkkytHkcXE4402SHlTDkHkHcaOMJy1yHECYvpQUAbu8oLl5W7qtD0OXqyxbTKV8SxCMRePoI/F41jVOvWtA7ODDhOHGYv5CaZGCnxfywQoMsl85UZGhhyHHBGxkGIqqoArrXocOh6Vl6s4H7XfYMTZZSAQwrrVSTf0rKudaqgK6harGJK4BqWWX5D/qf9JeaOWJSJCZ1lA6tEIEi8XWPCDhwh45+MRuBWyRdxrAI1AMg5Ak0PavejphWDBhAyiDgIkDZVFeRJyOR2Sfjc2KXrVeg2QVCrv5GUnQIaDkrJyp7SSGeNvH4woBRVw42HGL5JCeN/OvGjiZJEOgIxxlXJZeRzhyuPz4JwR7DVfQMOKKo4CMI6FGVcGrvnkKVxDxuRFL27aGru8rLs58jERsEYmSg6jeCaFzgKm8OHGw42HSjx+IRFZEmTIzGvHjGc9tI3H5HHmGru9X61q2y1JwNdYN9eujl8tXVm0snEexlhgcqq0cGWWmXk8Rk1UHHVOVDtW4ZqqwE4QQy9SnjCAUMdnl5JyHjwcdcB5sbppH4vJHMf5AfKRcsMDoMNHBo5ZJHULRXd3usZi7HkRMuo4uLHQ2MX0u2y2YuXZnh/kPDEAPlYywHj+GDiQR6vQyiCpXr4+nU5yOW/L8mCPikN27luRx5IdBvP2zjcjj8gMGzqDeicOFvWtV6nGwhsfHj/mTiQwqo3QUD1Jw4cYHQwYylOjYpRUgWKvSgKqq61RzkGckYGEkUsb9mYyJKYZuC3GTjSQ6TONJERl3djCSwY433nCCrKymJI1RYwnQL1AHuQQRTL08fjCdOhQxCBYlUCuvXrQ9RlVhzkCfL2pj5KynHwOvL/rjmVPkI9xPxGJsaB04XCW+26qipQx+MRrGFAoCvoOEV1K9QvTr169JHbmjnx81OQpwuHOL6VWMezGU8iEx+qSpKByVxijcaflhhpM4YoLWA32Y9mb6K96quvXrVet39NdetEank5PJ3HyOJy+Xzm+Qi+Rg5at6M83Of5QfILy+7K0bQNxgjDSvxpuadwSK3Ki1xIIRd9sG2xsAA97u7v2GVVVl76hfWqqqqqqq+Rb1WVmwZE0HLXlCcSFudzGcYuduO7ZQDLyI/Thx8uNAVIVhOGHEj4Sxoww6AoLRVkEdfVVbrCK0NH1HpXTx+LxeLxeLxeLpWuchHp4hj6D+Ty/0wc/8Ar5TasDiRMrK2K0iyQeOkWDJsbGa8GRmJ426qo11VQNHVEZY+6/at0I/HXby+XyeTt27eTyeTy968M3B5fwz8Mcf+ePjtjjdbWQnUUEHESPq0bReIqy9TH4gCzoYOuAhlmi5UXKWQEZ2Vr7WSBh11r7h7WMEQTyeVmAC9etVVVVV161liQiT4+f4qVCz6VYoHhaLrlBfHHDCiYMrr42RkaPxdOoWRVxcMPKgyqDJLxJhnk7x4SDVbH5gvi8jS4o61W6qvpI61gdhP8PP8X/MsCx+No/D/ADNAIVgWFIgiqF0QUaPxtGcm5DcnyeePlvKwBDHBnBFsEVcZlKnV/QPor0VQrSduvXqB6VlepbVau9UcD9peHLwqzp4gpQRLCIwvXVVqurpyckb0WRePJxPF4o+JxYHePKxsBVrumP1V7hViZ76qtV9zxgVle1MuBg03DfjhArIq9VFVu8rZznRkevFn86FYghzxqva2ZQoxcGMMAr3v2WPGboEqq96qq+utXlU2Wr5Jx+vXrQGpeRJ8qPlofkElO77TjlR+qqgjWNu8eAUy50jAFVh1d5WVuqqtJEz4FH0VX21QFYcr0IK4rBpIn5KzKdTNzp8GRmHkwyk9iSWeeJ+L4PEvHTjiJYliWLxKldhhAAW7GWx0NXl5Q9Rioz4BsbqvuHrVVXrRU5aycriNDC4N8t3J0G8/x89nC5kZjrp4RCIliESxheoU4VUdepYMDhx8OydjLvYCK7AVqsH7K9aYaR5oV45Jl5LSr6fHDs0/Zk69QnjVFQRiMxqvUDDoEYcky1xWsr6DdYcvAqq7KPUfjsaZpB3DCQH6CK1HKyzQsXadSMvOJNyObHJxG6+MosSoECgZVXqmYFTkihVBVdDYFelUMRHfBqtDfb6WdW06eQ47JMzgoWRVmYaQySj2IopSPkvE5HAlRtE7jXg4NUFCgYMrXXLwoF0xZlebmH5Th8jVbHpUUbtgA2dU6Rri+z8hTgjAUjCGlSSWdMjnlbkTRcyKag4bJOOq+9k2jDCOTwOb8VVDGjhVs4ka6AAwY2D0Y8jnH5SDnpJtg4mlnmjz4+X6KWIIxZlA9KA97tnBdk5omeQ8lp4pp5oGDeaMnl+IwjkqP6PFEuM2KvqQdKwOmTmfEcnhRJJgbj5CMGWpkll+Ui+Sjk1fP5cksS1w+Qp7dy7j5FxhHx+HV+iqsepGUDK2PRmw51XGQqylJ1SODky8uKYiXLgkklWeWYDjZJL54D445lYivchhqJh6Swcz4lohxoIUwbm5HL5wxE4vIjk7M3ycmJI03BxHLE9vL8i2duCuV6JEq6kYYPpvXRcbGDGdYxLizI/aN5uQI54BjI2dhEJ3dV4ztGWjkV1mJHuQygWrehHJ4DcYKmrZvkJsXIsbOJIzvJzNpHweORWMWblpkXF48PoBHEBuUqBg9B6yLfYSf0Ozz8ZWyV58jm87SQqg5XKj5U6ugIaaSF64z/0TPwnLedWC+7rWRMD6vE/Gq+0j8lsGRNI3EYsx5i5DBxuIF02NleNOGkIXLtVSPZx2JA9RtpO2SPKQvHlnl7wYUZBIpvqHqZY0hJTx0FXExHjklzjHktDEqfQcYaRh7ETQthMry7jkaTi4SxkUcTjRK15TgIYwiKBtI1T1mZFX2ZgckAy5ZEhYkGSnm8ryeNQ0awtB2duxlwkAJHkTTSPKsKSgxaZfcljqIjV36cnjPkmTpuFI1IY+RBEnjCdc69DH4woBW441X0OHGwAD3SPOoBiKhFYpLKIXjlmlWOPqWVupjtlLBTir2PIkbjRSwPAiRofpbO2gVJ+jlcSVZAyrGONBDGORJLyFfitHg1WAZVbiiVfU45XFAwepFk2ueKPGk8qYk8rLjJGsnHjiGPKcWVz26ODiYVSN8UqVxoYn+mzushJ+nmcOSLwrAsSxFuVNrhMmA329Bo4Aq+8uKBg9hpsGNE0uNnjWYZzIkyNWZ2PJjfuWDGQYMLd8UiWuOv8AEsHXqhyVo/amDekB+rl8TxKq6576VeDAMG1xsG7y/onKjB6FsGgrgSdGVghn46yRqEjPQo8QUhY6ZvIxV2Ku2Whkk4b9SfHG/wBLY2AYMixfr5HG6Uzc864ixKMHoDls4k7hvomIwYPStjO3U4cVhksoIgkSaKWEuTI1dSDgAikw4GVekL/zSlniZpF329SWY+iYMP18iFi5mU8dOJx+MuAD0GXjB1XF+nkYuDBpip9QMSW6ad5ZY4nRTJjJCHBjZ2jGCCNSjIuKjLBw4nBiEmKmxFq+1kMG9EwYfrI5MLqyrGqIoUaJVsbFOiOg+nkYuLljCqjGxdDLxFZcZWjuYFf5nfwrEoE0qrjTRoqOHVMlmgV5JXcwBlA92xTjA+iYuN9jrLCYhEqKNX1oYwX1Zvo5GLgwYNXhHoVBy5FETRmPxvLI0cE0Izp5maKDvMf5hB0mMKqghWZACMd1Zm9HwYMIlXQyPBh+2aPr1qji7Ygg5ZKk4R9HICnBg+i9V0dRE2dJIiPE8SFY2YR9YI/G6oyxQIEmNPNxMaQw9FSKL0OPgxdTnQyLB98yav0Oxur+mULg0MB9BqsOjijRUrPGJUfFPIiWMgCnKt4TxzDMpkBOMkatGWDNKraOPgxNTDDi5CPvIYYV7K2+tdu5kB+pguHAbB970WYK2EtKnIMSLNxUyQHltEmPDHHEWYyuyoZRq0Z48OMkD47BnxQNPsZEPvGTJpsXRwG86sPGFH1ybGlOqH0SooJkWOOU8cRseK6/yMqkyxkZa53mEGHAIypZ1Ixwq6OOYtu2hig/hkGMoVTlUNV9vIEfoCDtlHszDGXpFG0SxW7RLymVqieaR3jjhBzkLxEq2lPIjEkuKspiktzSrRx9xgfhGTpogYNnL+0Y6ob1Yb1JxsbRVY2C4ityWxMChZMhWfh/xiOSPzRxspEEsYaWOORArhZJpo8GHP50TLxxlQj8cg0NjOtffMARq7BvLzqpxsVsfJp4Fml6REmeWMzK+cUeW/IYpmaVIzF0SBXjmp1fEHfDi+rYwXEB/EM5C6HoMPpX1DJVXBomwQQctsBLZYyWKXjorxzNLkckkXEimIRYhKWdRO8N8cSxRNDoKzUctdSSRN6NjCNfyOK1eXeVQDvyPk/cekqgY+DBjZ2aQMDjZ2SMYWjfUjorFz/M8EEYwrViHztxOSsRIAknj+RslOPHHhLBF3ZOKCfxjJV1WXg1WfKcz6Bh0MYHOzDXaxl2zDLOUy9QvWSNIqZMoYWbIDyIxKMZxIHZYo5Im4ao8nbCWZSPQ4Sik1+MZyBewKAy+XPI/uPaRMtcGNliRSDfalYsIxhGurIwjyOebj5MICmJx41eJeGIkjpBleNuP2diRrt2MheNc7Ll3djdVX1OD6Xd3fyw+hcY7GpYxgJFaUhkm7qS9hvIrAXi6YxYsuNEoaKnS2WN+jAoBZYuWJUxoxdu64iDJJFN3d2vvXX3GSgbGrLd5c5PF9xh9VbJYxlnZPRctmiIOJit2BdAVlnMQnwSqpfoqsePBgGrxmZu2JFHCS7WMjVRLKG7du3a1+sr6jOSNjCxYszNM0kvF9R9AOSRYxO/J3By+0Ld0kWQHJc8WHOnfswZYl8DYVQ2W7O5KRiAJhZ5ewCIoeRmZkk8nk794Dl372R6DOSNnDjYSzSZYl9Rh+gG5ISCKIKuqgGxgw4qRjyKTjqELHSoHJLLP5O/lMyyCMQrHos0rS1kUWPJjjkupB0FjCt38nbtd3gw5ZHpODi4dHGDCQYylfUfVYMkbocII1fYHV0jo2MoxixAwQjDnSvH4Bx0j1fYytJoZHCS8vYZKXxFRIuKsfoR4+l9+/YMTg9WHqysroY+nj/BYJDxHVHLy77DA2CVJA1NG0Qj8PhEPj6dQuyzS+Uu3JUjERImkeTsMGS4VUQKo+lo2UOHDA4fQYRg0TbYV8Zi8f4bDAvE8OV1qtDO3btYeOS/a87FzKZmlJwDxBVgt5u2HFy88A4kUX2SQnEdSPUY2w+EdetV1/HYYM0DQ5VHZGXYPcSpKJvN5RN5hMZjKXvVDFRYMedpL2MGAIo++WM5G6n0GSbWOt0Fr8vYMGaJuORlVqtDLvXa7wbAGliWDu/JL3satcUDB+CaNDGfRclIOAnVaH1nB9l9g4kswHjGLqFquoFaGjuqVRCnGAfktyS2X6Da4uDB91lqmWFh6DJcGV1OD1P1HF+677iQTCXDF/OeP4DF4vF4vH4vEIBxxD1MzcxuWXrL9RshcXBg+u+xYta5yRBgGxkuDBlkjKy7+o4n4r7+TzDkDkf0/wBP9P8AT/T/AFHlnm/3f2HkdqrLv6iExcA+i+3bsSWLdo25DcaP1Y3ddQbwD/Cvt27dryuvULfbtd+o9xhxcXFyq1d9u3a77dixYskkUHqcv1Grv6zin9V3d3+AYMIXFKntd327X2LdixftRCQRwe0pxdX6Vg+o4ciP+eMGhnZZO/bt27di5fv2wYIV4iw+4zkEhRVjdaH1nFP+eMG5JEfv5O/fv2vqvHHEXjgfUM5ZwYdDY1X1nGxD/mjBgwZIbhW8oRDjLxRDX3LnJZQTa/jORt+M/pGxgyZfGsa8deMI/wAjE4cUAZeDDljAfqOHEb/KHoMsDqF/NMcB1dHQOx9hCEf6CgZd3+Nc5L7AK0QMGVWD7DhEbf5ygZd3Y/GMkYehy7wG9DB9h1GxP+WMG7vB+IZK2g19tLhGWMGDB9pxWB1X+OBg9h+Jcnk1ROUDWHBgw4DYP2UrA7r/ABBoD9Dte6GwTjyN8lH8qsuDBg+5WB9K/JX2DQHrX4lzkvgyqGHBlATzcrmDFHD5Whg+06BDetV+8D6a+92JywdjAZJOXylXGctoYPqXCPVX96qv0XgH119q5yZRlVWru/lp8GHXj0PxEBg37+yqB+iqnkwE5emPd2EvPfcSmfQ/HVB7/LXpZkAVQPwVVVVVVYTLJRwSswk742M5kmOlx3hg1d37XlfTVdg3317FzLioFqsqqqqqq69aqqqvo5MoDHCtjBjFiS2TDcKwj1u/xV1ztf21WF2n8gjWMKFqgvTp169aqqr7+RNZ0B1aPrZLYxkJzoIU4sUMedfzVuq69cu7yqqs7+c8kz4IhEIxGIxGIxH1r9EsjsN1jYcOW+NkmBfGqqqqq0U6V6Xf3VVVuq69PF4fD4PB/N/N/OIBAIREI+vWq/W7zSjQ9WyzjBhXQKFVVA3VFCvpd/dVVVVlVVVVVVVVVVftZp+R61ohhhDKU6hEQKABlliwayK2CGu/vqqqqqqqqqq/wGbkcgC/c4cIor06BVUDBos7s/ZWvK3d3d3f+yz8nkjA2A+5yuvUKV6KNLotM5NqbRsr3u7u7u7/ANF3n5NV1BHreVWXYwqdDKGV15A0rB0IP2Xd6u7/AM2SWfkD0oAet5RFYMuqoauuQt6GR4pB/Jd3/jkzciWcAlTgzrRwHBsHK2PUYG7Sn0GKy5f5r/xWeflSMqgUoAoarqMram8ArCdUBayTm9UGUq1/pu/3kyTTc7KAqlyvWsu7HsdDABhAWnwHVqQwYfrH7mefmS8hcDDAMIpWvZYHVVgOXeDRxSFLCQGfAym9Kysp/wBYtLyZ+flDAFwbbFGDLygPYZQFY2KFUZ0AUc8AoRtWXFKn/TLScifnvJQ0MXLBGioWq67B9b0Tigavqpz5EYrKdDEZMUs6vf4qr9RZ+RP8g8x0NDBg0oXYy7waGhhwYcGBa0FoDOymlzlx4CrBrsGPEM0Z5cHyCzBvuqv020knLm+QeWsOWuUBXXIwBWE7vK1eVgN2o9KvAeThGAghgRkZQq3yUDCLmQ/KR8tZQfoqqr89l35E3yEvyJfBlUTSr1GVXVcGzoCgd1VDKyhg2TogHHx8GXalcGApKuSZy10rR/IxfKx81Zw26qvz2ZW5MvyEvyUnI0MVqwYVWOgCbAEYUelar2AA1QwnKAzxnAMPDPBliAXFINrintzh6huPNHPHOrD819jK3Jfmy/KP8i0+iKwYMXQGAVgCpgzt9wWji6PrRyhlYM6ycFosDDExcvklgsTRXVcaWAxx9OtY0g5Hl8vk79+3bt27d/J5fOeSeW3Of5RvlW+QbknYysGHBlABaoZWDKB7dhgbt616Bazv6EgkasZ20pU28f8AEeH4gAZGZOF8YsHLik4ngPH6cfkRctGvTLzuJx5Rnl/r/sbnf9j/ALP/AGf+x/1j8p/0jzzyzLoHK2uWSMoLQxcqsGqPqND6AoGzg2crOzt3LDLxyrq3e7sDxNxpODxODrn8tIv6JF8LQRcbjbvOTHFGEaJoGi6zR6qsqqojqBrr161VaAApcGAUFoZdEddKuq11C16n0OVZF1VnDjN2JRldWUA3eXhPKnt5kFrykxBo6OSKmAFSjxctMrVelDKqsHrQHUAaU9uwNkgeq7rrXvY9C9ndBcogm7JDKyN3BXCWOcqWbkmXjEZJNxuKMGHL7Y57BgTlFflIqA9qqhqtnAcAHqMqtVQ9OtIAPqOraTy9csaGhufA3a7uGQYW7JhxXbGyGN2kkiWKRCAcLXnIbjsrKdHPlIqrKyqAqqqt1QAGq0FoAitheoQJVYPqOE+YyAKtKvj6vitd9mPJkDBgwNqwdRZbCeXyQJcgePJH+Pixjhy75mRFSuDKrmRMMA3VZYGqqqA8fTp1Vf5xGFEYi6FBF1UUrbIGD6L7W7DFQIF3E7wx7GMJ8sGwQQVkdlxctm5WNnHhfORMh+OfACbBB5uWjLi5eV8jxKyq61WVgyqoYBQwAKE6gdeoAymB0BnX0OD3OFOtZGlD1uzlBtckYrZfawyv2BtzNIxYRiESTcAF2IZcbAZlYceRGVt/JQHVVsCqrLvqoACAYGsDrWA2dA6HpRxdX6XfUII8OD2qico5zz6Xdggh/JnSTjqs8TDjrw51YMCFU2DyYchlBU1hHP4vWq6heoFVVdeir1AquvUAaArRzsMByt3gGWZFkyqq73XYkYN9i2A5z4tL6kg2rLKV5ijGenPDDyDBlkK6tKjw5G0ZwalSWMZ166ArrQAWqoYBVVsBtnaj0vQOiip9RAytNiDQY5z2wnLs6oZdqQ+S8eRhkWI8eR4uFY2ZRgySOSNGiwavOdAABVUNUFqqysGhlFbwYc6UR1oHQ0dWMr66rCBl4wjYiyK5ykaI0Dpcq7ti0TktEsMyBMOF45YpA2SJKvFe71XLgGV1wDqABWqrABgGutDL9CcDetfhqtdGYS9u/LasGEhWNjKBJGDTZLikB246tkbNi6pcDHJRGwYG9clOtV1C5QGq2Pc4NVhBGru7+4fRVENGNcvCuAUdnFA12vDjYT3jKZBJBK+MAFJIy5MbOKburyVay8IBVt0NDQP1kdQ26+u/r6sDnXkgisI60BQC4wxdWccJhyQRKMja8IGKxyXGHFbCFJPblLo7oD3Gh7nA+VlR8f07el2cXdbB9y7HsRPhAFU2gudQKOHbliMXAJDwcU9Rl52WSVu0BwNl5yhuqrK9hgIPv17du17u7B9a9qH0dg2DJxVdSCOuUFphirhw4ANPijgzRhdnBl3cGiq51GTe1fSMGDd5WH0BssGOAME+gew9b1//xAA8EAABAwIEBAQFAwMDAgcAAAABAAIRAyEQEjFBICIwURNAYXEEMkKBkSNQUmChsTNiwRTRJENTguHw8f/aAAgBAQADPwHzgQ/Y2lBdkRiRun90XHEjlcg9qLSiVmQGyDR1T+w5Ag2boE6oOQcOpPlipUjRFpg424eVNKEocR/Yg1Nbum90HboHgygouJJwczdSNeM+dBCmUWmCMCEVPBOBHno6MBFsqo/U4PYdbLMNVbCxUg8GUqR+wNam900lAoFNdsuye3iugQh+znKj4nBkKkYzKEYQuYK3Xa3dMnVMKad8GtTBumymuQdxwFllPcZlOG+EooJpTXFWUHG6keXnoHo8q/UVsMpQlW1xkcBc9QOnfHK1OBytVX+Sqt3XdAt1Tm/KVVI1TjuqjDYqdSg8cUNKLqp4bI6BE7oqWqDPAZVvKx5KQrq3AYR4CVmQbsoHW5Sj4zuBzTllGoODKZWYaqRwy0qKhQjCEJXIrnC6ylBzSoxIAUDy11brWRBwlEHEk3UDhMojyGZqMkgIjALnClqyuPA5W4AE1w1QdKjgOTGDhaCsyd3QB0QaP2ecQcANlG3F6eSa9A7IjRPRaUA2EHyi3B1QrIBwWTmlPCJV8ZKhqup6Z8pHmR5YHZNwcE5ZghOiAVuCVKjhuuVQeC608zHAeiU6eBrU1NKafJBgTWnVN7pp3TTum9012AahKBQOE7cEcBwzYEcBlWQvwSVeFbBrd0zumnyhPSjjyApz3GDZO7lVG7qdSg7yJa0qTiU7unNcASuRHMQEU5p1wDuKOIFAo7J6O6DcLK+ElQFdWWQIyQ1VQdU6boOHlBgOtylSowui0wSg4deyLgVHDzBHw1+oeCCBKDhwDjOIPBZZTgAVnPooGBDSpwgotWYa+TPADxxw5gVkcVOJBRIxjqh4VzCLTcYyiTJQDIRmRwOBRyjyATAmIEYOeZWUKMM4KLDBxgqCAmxqgN02dUH7+TPUkKUWnFzyLWWVvkWuTXJp2Teya1Nbg1yBTlU7JxcC5ZR1wAg1VHJ53TjurpoQjEHVNcCnMOLhoVU7o7nAs3QcP2AFSVdAeSKKOJRTgnKdk3smjZR14ai6oeHmRy4FEKU16/iqo2VV2ydT1xusphZm/sB82DhHGEOlLVleVPBlMoRqgVOGVAFN3VJ6pwrGOC6lo/e2sTW7pndMO6aVKCaN0Duij0pCzFOHE5p1UrMsoxLXCCpAlBzCoJGJzBco6AQH7iGNRe4gHgqMOqa5mqDNCqpNk7dNfugRwhqa3dDDNus2Hop2UBQUMQGqTCtwhzYUOkYlzszgg1o4yijgPOnyRDDxOpixTnmScctwUALlM7pndNKgItkBOeZccGwg3dZhgEECEQeEl8rlQhQVCylEIVNU1yaEGCw4L/tJ7JycnIo90UU5O7J3ZHtjmaVlJCHA6FdDAhP7qoPqKrfyVRphyDqeqzVJxKc4wEQ3EhFZgr2TuyPZZnJrAg5qyOUo4CEAggpHSv59y7lMCYNkOyKcnJycnJyKODSqZ2CplZxZy+I1DZVdh5mkKonoBNyqHHgPA9oibInXEv1TRsg3htgEDso2RCKzKoNk4bHgIRlNI1QKGEKeA+cJRTBumjRFOhEjgCHAOIo4U3jmaCvhX6DL7Ks2TThwVakYe0hHEuwBFk5uyPbA9kcDOijoHgCamyqRVJyABjEohOB1RcYXKoU4BDEeZJTRqU1uiKOA8qcKdQQ9oK+HqXZyFVqWrZHogoQwCYdk3svRGdMPTqQsqc5O7p/dOm6FRihxUIJpQRNSdlyKSjgUZ80XaJrdUBoi7AdcA9MjTGjV2gqpT2kd1GE4QgVdBAIIdLI0ouceFzfZNqslVGmyqfxVT+JVRx0QphbKUMY8xKGrkAIC2WYIAQr+QzKB1DjTqXbYp9MwR0x0JaVBPFlamuVMqmmDCVGAwlFHypcmsRJUhDzRxviMDg1wghRdvQbT3TQdUCmu3TXb4HgzNKLKh4nIo4FTiU7gHlN3IbLNfhPlDiEOOVC7IjXAPHLYo0qmSoIKa7fgysKc+oWzbEJ1M3KD2ocLXo7J6f2Tio4oxB4b+SJMBBgndSifMTt5EhAqj8XTyPF9juF8T8DWyVLt+lyzNxhhTS90q+BCsiQpwOJw9F6YHjHBGIwsj1i4wgwKVPmY8mDYplVhZUEgp3w5yky3YqMMzCiHnE4CAg0XTO6DtOAcAQ4jPG7CesSYQYMCXenmp3whEtsYWRsuKzNzNRa2XqR1cwyuQcMpT2zCIMFWTXKMMow8Obpxs0qo7dE8BnyE4Dr7LKPXCT0TmiPv0msEkoOxDk2jAcdSpFisjJN1TIsiPlEqRmcml5OaU1wgoMEBaX3VsHmcwTmvi3SIU6oFU6g0VRkltwnCZC5jhPBDVfrDCTxtpjVSbI1R0yVFyoWY9AuESQi1sEzg6TPFBgCVInC/ogNE+TKduU6DzLKcroIB1QdcOCdOUNkLI2XwB6ppecoMDdGGlvyoyC0cipuaLo1c1rbL9UhzvsjFmoHfCnU+YLKI6UFTgCqVYFV6DiWiWozcYEpzQpMrZQOpATae6vZZjdNcOCygrI1OqOPbC1ukSgFCzOjinptaJJTXXBBTqWZ5PL2XifTIXxDqsBsNXhs1uqjaeYtB9FWeMwHsnHU7IkPaQJnVPYIbAJTKTTbnhPq/6jQ4TsnNeco5Y0QByP5R6KnVY1zFSFfnbDVTYyGiBMSmtaHzn9VNPMGlZW5wTJ1Tmi7pwDQs7d0GiOjlPA1wuFSq3bYqvQdcW7oaqQi1F7lDeFrAqbDqqb90144BTYbp1V0k4QE7NEq2AQUqAQrqAsp6BKAUYa90ek4OHbCRYqpldJPoviGkNmyzEE7J4MZhlOyNmuNiUGAZZjsFUc4tc8ZCnsZDGgEbpz5Dm6Kg8w9ua+yY4PGWKYGqpVWtFN0taqua4gItbcT2UVOeZKpmm4MGZOpEnKq8AktEjZBwNrz3TqNLM6S3Zuqpvc7NoAmvaGiNUIDdZ3Cq0a4cX8p2TagsMJHV24adUQ4Is5qacHQQg7ZBpVuAUmlOqkhpspODmEAlBzUEMpWapGGVSnF8q0IIzjLvvgUTfjlAYgLMZQ6O2MSRqjF0Y5VUIF47oMAkSjVbyuEL/p2XcSpcahPsnVp+mE5zCHaRqFQpEuDT2VNkvc0AOFlTaTTot13Ca9op1HHPqgwDLJVVzoyoUKZ5jJ0TiSc101og3sjmsqlM5A4pzmHsnOMCEWQxuvdF9TMDEICqJOWdu6rZ3gi2yLW82qI+cboxbpkFSOEFU6twLp1IwQrq2Nii5+WcLqyhSwYcpX6k4ueYasgvgeAlHRVHkSLLI3hni2UDpkjVPYLhANk2TSbFfqFuWB3U0zzKuQYzABPeCTPsqjane1gstOMgBlQxrLAxNlVpgtBTXMh4vKzfUUQc+UmDr2TnPc+bAqAIspqNkwqVZudjpyjRQLEaJrXITntbumZj6ha5nE9gi0lxFk5rtCmU2EBpsszwXDmGycXEuMyuVznNsNFRgWlZmgqpmu63RjCDxteLhZSox5SpqnC+PLjvg6qU1g0UcQcmzKa3bhLigOGyzOt0g0gFHMIFsHMJIujUp8v3Cd4B1BGhXiaQYPZPZXLxcCwCq/EQLNaeyayzjpoVM3N0WvLXVJtuuV7JJ7JmUwLoaASgbzCc0QDZPywHi6eHQ5vsj2RbTLbDMiSUBqUHHdMi5lQmNo2N/VVSS1rdU6m1zXJr2z/dOY6Mn3T8oyb6qW87brKdbdWRxgrcKMOUr9Q45VmK5cLLMroN2QhDEqegXINHFYqOMMaXGVIwdNsB3TCS1NN1PIwo0jLWSqdSrGU+soeIcs5e0JzjlJgA9lXILGudbeEfCd4gl02Ty7QpoDg9ACQVmbE5fXuiNLqTdB1iJTN1ScywIKuLq8bqeYppkk+yo5d59VLsppQ0BZeWcvsi7luWqaQuRdeF81S0WCblD510VtZTp9Fm36N8YMdCVmEtTmmCrK88GZ4UNwATZUq3DPQLigOKyBfjbjgkkycKviTNk0jWU5lTMGZgn+GY/CrtdZxkaqo4S5xEbRqnNcSxoiFVNVt9tFTrE8xBn8pzXht8oT3WLLJ1MCAVmcczo9U2nTcYm9k/KBaU6d/VHVEb7qIQkGYTb3KnU+y17oEXtCDSA0bqo5ozNEhFwuLJj6rcoJTIaqFQ6yQNE/8A0yDCDBATrQcTPHM2xurdEVBI1TmEh2F1mR7rIrJtMFOcbI5tUHBR1MxQA47KT0JGqywLlQEXsNvZVmS1zmoyHZ9v8pzRzlNaUA4uA5SUDTMEwnGoQBprKpsh8bpxc5zSJBlNrMzGZi6OZwY4x+USwvDiSq1R3LsntfzgGNpT3TATu8K/oi/TSVJQj/UTWkhBpubp30xPddxKdPymFTa0ZWiVTDgXBNe4N+T2Qe0hxBHdUqYLgLxqmlo6jhM4WVkcuqt0RVbI1TmOLXBTgVC8NqNR5vbC6dmVuCehA6HKrHpTZfENfrug+CdUG2hWQcYEINm0goUpkyFSqc4G2qqvPKABCyOjJLu4XigyYB5SqNGoYJCbSomHy4ojl9dUZuCmsaA9w9uyaSQE4tiNChEEWR2srITBKtACqv2hX5gPdMBgVLKqGzl9pRialMZTunv+V/JPusrMs7I7xCaNkXDBzWy0J2UZtepYhW6TaokC6ymCFGMMOMlBoQ6QQ6FsOVX4Y98DGATo5SEHnLcK5KqOPYItccwkE7KdBZVM5IuOyp0KOWHXRrmXvAGwCp0A/lMyncziSAi9+uvqrndO3Trlva6aW21QtcfdMDXAWMITCMaI76IDRMddtrIh3dqGpsFQabCVVquOQuiU5jAH3B9NFV8U6kbjsp/7LsuU3WjWj79K2DoucYd1A64V1GBLcS6ooaOGOC6HTv0tVZTsv4p0iDZFZp0RuttPVfS+LHt3TDzUgNd0QIBgKm85WTKb8PFiRus0BoTagysJEBM+kGY1Kc7Zyc0BsFCBrmTo0TtdQVN3bJgAyBPP0x6ponln1WckEmN0Gn5to1TfDFNupTXNaXvMp9GmMjwftqq3hNd22T3gucW67JtMeyrGoCLN3GLZiR0O6tjzjq/UMQ9GbFTqms6UohHpXCtwRiOCBCiSs5MIIDRFtXw4TqtQyyQ022Q8IxHqJQojmfDY2CbWcXTZUqRbAzeqqVXPdBhPF4IVTMSDDtuy1zC5ToloMJoAZCY1ktM+i5btRdJBhVMxBMWRa75FUi9vZOpieUSn1JgFCeUE7Kq466DROazLW+yNOtLS5w23T/DOYzIsqzY7eiaYdwNzZuOForq+HMFfqSEWmQijjbjKOIOEdIxwSiMDFkYvwiXRa6JIwaX/AC31lHxpLj3TG1CIk7oAG2osmZMrTlf2CfUqky4NlCjyMkrM080HsnMzeJvuqAYc4h0e6LBlp37ppbm+r8p2icaeWyquJM2VvnHZEOhwEHSE2mAQXGVSLcuWHhPa2Gt+6a4Rm5junfD1S8OzApz3NLpCdTAa0ctlyCdUHWIUDp2Wy9ceYYX6ge1ZSRwDhI6EdCy0VuG+B78IIhelsAnOtoFLpshJdCFVzXEkBp0TQc0TCOaAyPVUhTc9gDiqb4Idf6gg2W29I9UBUDcxMtv6JtOSQSO6a1jmyfT0TnX+0pt5LScqcy1kzw2ANIndakVLDdV628hGjU5mz6ymkjLf0iEQwuEg/wDC8QG3NOqqz8midytgeyyhA6EYBgkymuEgqNukVfDmHXDhwlHpz0eVDrGFzSnObDXQe6yxdGLJxcA4S1Zhykhc2XxJtcL57baqsxxDQ2DssjMzxBzWKDneK5puNE7xXCIYmSbu9BKeGcrSfdNvMz6DRXJbBACZ4AzG8WVOpQI2I7J1Njoe2DoE57+c6JlKqT3Ti4c4E6hNomQSXFF02JKz/PaNk0CIspbyHLKezYmBAVVwOc6jRCm2J4rcADblHHm8hBnG6nyvKepOB2wJFllGsq11a6OxXy3Ij+6qWNOPWU3w+ZUny6x7SFTe0hgAjYpuXLmEzaETVLc6qtcDkkSq7ngZmgQmNvO2oVIfUAYROcFg9FUpsAdzOOjVUqvL5GuidlaJFkA3mdpoqbaYdl5kaUwJndPdHIL7qnTaI1KzU4Nrap9r8qJq/wCprtKywFfS0aprLtgg6lZmzxWwBbcYHC5VuvmCynEtKnGeESp6dioepKtp0r4nYIalSJxP1j0CNQjJBA1VQuPNI7I5spAcBuvFdMmFkqZG67bqpMgX3PZVKU8oc4qpOfOcx2XhO52m/qmOc10GwQq3Y8iCbKoHEPLSBv2VTNna4BodtunupZc4nuviG5Wh19wn1HhzzEGyGYkMnsPZTTFwOwTRSMui8SV4jQA6f7SgbdkS4ObY7n0Qdqg9sDTdU6VJxIkKBAYYJ98AxsmVmEoKTjZa428jIngHDOJTh1Mr8DxndRxhzct4PZFpMnU2Cqbeuqa9hEAlANhNpsgv1tJKLATMtA17rxAHQmNJc0QU+rAIICe053d7RsqrGvcb8vsvh/DzPGiL2jKOU7pok+muyl0yI7JnOLlV/EkGAs82yu7rKQ91z2TXPJcDdAtAIcI0KdUu0yNQmNystmTw8yRHZXLY2lVX1NBlcRP2QEo1oLHb3UDqQB5GQsrsJCLTxhX6tpVujmETvxtbqhsjLrG+yiYGqNMG83lU60tc3Q9kyk2yJHJHqp5PEvug3M7NZODRkdqqzmnxCMsKnSYIMSg5znE8iZQYN14gAY2DN0c2qEaptOWxqUIzRJCzN+RZdBKZSdpY6oivAbb/AITi5nNATXHNF41TaLsrWeyzNv2QaICeG8mqe5pzC4KtgXFRi7MbffGXDycifMS0hRbiJOvDbTB0cuqc17XOcQOylAplOYtJRixWt5QY2Bog+oabRfuneGY1Ri4hDM45fujJkQE4iDtoCj4TNfbuvEfdxjQeiAjLqmvytP8AhMpAHLKpZuS5WQCPdNLnOzDt9wv0ic2vdNYHMzl0prbjfum5rgWQB5RAWZ2hHZycGkZr7JzeYNBehDZME7I0xyi6+JdVl2YDF3il2YoNGJ4NSreSkKHEeYLTIxsr4XxGBzl2a3ZWwtpKEwAbYNNnLLYSBGq/Tac0nWRunUyRBdOgTnNzBmU+iqZYeL91ATmtbt3RcTzF9tU4czpBC+IjlJIIVT69u6AfzAyXQFTqOOYGBb/9TCQD+EJJAaBunMf8to1VONNSmVG8rp9FUpvk8vtdPrkCfumtGklPawgHM4FOLRmEq8oOaR6aKv4lrAb9pTi0Z40TbxcjUDG/FBwgAeU+rzEtMIjXHXjaRDtDgBrjlbC8ZwnbZOeRp/lZGhvZZk6RTbM91U5Hj73Qq05YSPsnvMPqQNPdUmnMx8jvsVSLeeDeExhz5jlGwQaXPnVMLtT6d0wSTKa8eKwmfwoAzRJFhO6aWySYCp3BBdB3Xw4z5S78qq4Sx3JqngOaBz7EqqGnxCnCtZrRJQv2QBAnVZXam6CGyBEjAMaSUHNDhx3UDymZp6jWCSqTJA6hBniqE8tkU1okqcZGseqdmiLRqnteZdIwAWZxvbASqdMDOVTJPNO8dkW+yYW6jSyp5YjZNDMs/coNFvzsvEa5sEXhPY4Bo0OsSmvGmmyp5gxzRfZU3PJy6JkZZk7W1TajriFkYG02T3KzEZCW2Fii14yi26sQdEaVTJA017J/ic2iDwMHB7iDZ2qawQMW1LG4QaIAtxElWjy0O6UIl2Rp6siEWnCcYwDjcfdBfhSOU73wEmDfsr7oBACX8xQcyw00CeC0yUcxOZeIwhyYBl3I17q0aqm85SE1sAHlmLK5BTWgwnO0OWysqkvY7QHWU8Oe5piTe+yDAyX3jTumue2202TRbcpjHmm650CyOe/I4/xRqOa5puBp2TmTJTajgYCq+NPh2WUDt2TX1mskgi4TRYmOAh9+OPcqB5a09IUqRvss73O7nrZh6r8qFmm26ImSIQWqd/GPVCFbESSNUSOYCVA0lO8QunZBGdUbr1QmVmcDJsrGE6NU1zizcarxDMkJrcocPZH5A+OUwFXBvMAflMqCo0yHHuhLTIIhVcxzWbsFVswfLuUQ7xCcx/ihlLZ3TWuMSoTBOXc398WTJATXVc5/CARUolwCtiFOim6hSeKUMB1ZYek4st1zCmXDXAApo91eUJWYG6I3QPuuct7LYG+yjXXuqmcRZqdsoCATXaHCTut0dyjF1laXmTHZDODk3n19012mFN7nPkuI2BTRypkg5QogNC+QZ8t1LoBFtUY5bJ+Z8kRKreIebl7LaYUnUqPbgKJ/5WYnL3UKMCiVmPooHQtxjpQ89FtRpBRpEkadaMN2rVXwCC9EJmTor6fdcx5VUc8xMp2WHa4arKIgoYFOc4HMQOy1HZBxcJ0VSnUY8kuamlxdkid1AETqmHKJ1FkB9W6aIuEHVs7XaaotcXGoY7LNYELwgRmJugmjZGdbdsQJwhXRtZFMp/KMLKb4ZjA0QaFA479Ptx83Rug4QUDdh8h9TVmCiMCjmzE2CbGabI/burK4vgcqcQcxm6BmCheDPAbXNuyg5mmD3QI7qWwmD2HqgYP4QdOaOyBaWm7dm6L9PI10IsGUuJCZnDu2iJFjBVR1U6AfyVQOgxljgMWRcVVcb2Td03tgBgXThOiDRgXGVlC34cx8lYcZVkUQj5GeZuqvpjtCBELMALqBC17o3/sraqDhcncptMH+6tyiVbAFdkAYm8xhtCDAQmkkTdGER9ii8dsAJwsV4kFpsnHdDdNG2IQG6Ll3wzX2QaFONw3Aopyf2KqtPylO7HAdLfhmn0DhKPkmv9+6LDBGEGytwQjCuoOBIjuoflkooEK6soJsPRAn1Rm52RlEVM0oAd0DsraYFFaglNY0NxCGGqJx3d+EGjCMIYVLjhmNkz6rpjdGjhB2TU7Ypw16k0z058mHC63YZC1U7RjZHGyuVayAdP5XLohogUEJKfNk44eq0QQQQAsOALVGCimtMaqRpg52iDPdAcMtOMlQOkDpZOb0uUrmPn2v905m33R4RphGAxvqgRKbqghxhBBXKJU4WTZmF2BK/l+E1owlBW4GuPZPnZBg6vZFp4LcFiuY4Qg7zzXaWTmnTC/CcJCtgRojKKKujCtgdwjsjCKPCT6qfmTGBDZE+YDgixynj5zhIQHnwqb9k4aXRBMoHE498DrhY4HAhbIlt0d0ZUr1xe5NGpTGBdk52/HfygcCsro4/wBQ+Vt5BrlTdpZO2KcNQpw2hFevEMSpwnRO7Qg3UqkzQBNCcdE52p6PMfKcqyunj5z5W3kwqbtgqZQ2cnbEKp2T+xTuxTuxR7FVP4lPj5Sqn8U/0CPcJo1KpN7Km1NTjonu1PU5vKcqthA4LKXngHkb+TKKKOITU1MTU1NwcqhVQ7o90Otp5SWrZEDMeGxXMffGcIxHVv531QQQQ8lbgGIQ6hCc92d/44uQq5xtifISP3K3kCjuQE3aSnvTWep44pny+37lbCOmUVTy/IS7uqh2Xcqm3bo8nl4d+5Ww24yinHZVDsu7lTG0oDQdTQeYkfuUSiSmuPM7KvXAp52Tim7lUxsgNvITUwhW47daDH7lIRCcdk8po1TG6DykAqXE4OKPld1I/cZTTsgNvLxTOIwjCPJ5T/RVwFPAEVPlJt/REBZnnjMqPJkGUC3+h8rOjbE+RLSp/oaXRwk4X8uWn0/oXIwlSSeAK/C1olxXw7d5VBxhNeOU+SLVP9BycvSZQYXOKqfEE7N7YBlMkhFhkmBPky1A/s0+byNRJJVsRjfBtNhc7ZO+IqE/TspUO1TjYlS0CNOs1wg6qCeGF3/Y4RPnJdlCnoXUMFPvwvjTyxCB/YOy7+cyMKMyeiQi74g+3BlGYpvmCNUD5wbJzvOholeI89sIxtjGOaq8+uIa2d1sFUrOho+/miNUD5YIBdk52vn55QowPAI4LK+bg8SoAmsbAHnCu6HkAmjdDZVHInU8RR8yGNU3wPDHBbF57Jx1MJtP5RgfPuXogh34fVN7hUxuqY3Q2CqHQKo7dHfhOAQ80GNKNR0lRwmDCtfhJ4ZUYlR58dkEF6lHuV6leqCCCCCCCHnw0I1HenSnG+M4RxBH+icqzuLW6dc9AL1xH9D5VmJa0+/lbIL0Qui0o6hcq9oU/wBChqJlrfzgOGDwDhPHZN7rYFGUZC1EoaA7I7qf6DDVm5WniPAesfwrCUM1sbq2i7Rr/QYaDdOqGG6dG/BPQHA4kQUZN0MsxwxEf0E1gN0ap9MI4gu3SPBfFsxe+621Q8I8R3RJup/fQEG23TqhlxwOFuGVHUjhm8mVGoR8ExwwidUBIv8AvobusxLWflTw38uJiyd7psELK8jtwzZRIJURf96ATWb/AGVSr6DsoQKnGemOMooIC6JRVpEaI2RRbVcPXhMqLSiNSIn94ATWA3TnGGflEmSeqetdSL4uGgkIFQoqAxtwnuosSjfQhXgQrfugCa3dbNuU+oZceA42xngHBHSOytwEEbJrlC5GmN0eGEewQ7YZTdA/uACa3dDQGVUqfMbduAcFsLeTk8WUwVey7oOokSjPAMYd2lHfVCrTI/BVf4Z2V4mCqVTR0HsUCgf2to3TWjVfxuqlX5jbtjZRgeADpFHhkKMZMKOEKfmgKNFsj4L47JwPHzabK/2Wo0K8RuYawoddV6WjpHqmfXLU1wsQU0ofsoCaN01u6e75R+U5/wAxngGEnH04LdC/EUcbdBt7gWVhqgpaR6J2Y+6K9OEyu6BJg7aFHKbLK84uYZa4hV2fNDlTOpLU1w1TTugfPBNG6aN0xv1BE/KCfdVn6u+wt0JTRwBE9K/Gcx7YBTwEp064iSh62QQgymOJMwjsU9kW+yPBrhc3+65Duv1DhPA5mhIVUsEmU/cFA7qfMBNG6aN01u6pj6p9lUd8rfyqr9Xnijoz5WOjO+61RwjdappmQmuuCnU3EEHGUIN47L9TsY+ysbaomo6cKhFmlObrbE6rw3X0KaRsma5QmdggvXDKOayadwggmoIIIIIIIIJqb3TE1NG4VIfWP8obBx/sqp0ACru1eftZE79YjA4whiE3qwrxw3RRx0hGNFmWyujsL9lrg14gpuzlUDjaye0XBVjZRPbssjLH2Tnm26LofUVNojKFSDY8O7vRNpCYATXEnN9lUiYsnGTBsnUXdwqbg0ZrlSFri17S1wkFGg7O02J+6e62ZyrwLlVx+FVGwT/4pwnk/ugLeG78ofwd+UP4OX+w/lO/9M/lVP4f3Vbs1fEHcL4k/wDmFVXavd+fLDAo8VuqO3BClHB0py15UTtGJkibIj2QLba9ioGhPthrhIVM7IHQwqzpAiEKN3GSoVpVUvNFgMg6hNcBUr1hm7HVVH8tPl2AMf5TaZOdxc83ja6eWB1QNpt/7qi53LmOxssoGqdphqvXbBtWnDlk+IHum2QOwQkhQvRZHde/QPGcZ6h8g3smod1M2whpK/yh2X5WW9x6IH6zKMDdCMxas25BWwIUYTI9cIdoYVBtepUHi+Id9AFV+IqDOXPA1Pomhvh/DF5adWOAKZ8OMz87ascoy2VSq+ahLQfqiyFEltKNfmG/5QcwW2QExsrThrYrZWK/8SPRRCkBSswjDK/Xfynohxd0EUUfNhDD0TkTqUNkESCoPAQEZi4KBPzIi2YSjlkxMJxJloTphmX7qDqEQJAn/wCU9lGo5r4ytH5KqVH/AKjp2lNpU8tGo6+tlRBzuquYRsBKq/FVefO5vcDRGG0aDnkdjumNe3xCA+f9N41WW1lCOaxUHU3lC8rMFykrNX9lAmd4QRlTvgGvB79M9GR5MrZDrBFXurYTg5OtfbCcIqnhhcvsszrhp9UC7LksLIN73TCc2UovycgO5nZNdlbcX/wm1adRjqk8u+yd8NTLW16T73ESqdR/NVayO6qVKmXNnCFNoZRqvjf3XwrWsfWc9pPZOd8TRzPLgHWJ7K2soB0x6Sj80mw27yuZv95ULULLTuv1k1f4wjAuoyBpr5eeGeH0Tk7spTeuQFbREpx1UJykYgDUBAharRGYhbI+IR24iN0AydyspLr/AJWaTcQjnaIJ+8KJF+yh0ZjaNfVeHTLsjXNJyo1qgazK2VUpDwnhljqF4NIuZXGc/TCpveTUq5PtMqvWdlJdUA0gL4drv0qziY5gRCkgQdPZHM0NIhGd0e+pKMeqKsgKo/soC10jH1Rf8NUaL2WV3kzgUeyPiF87YFF3AIV9MLLbqhDuh3QQQKzFBAYQiqzqj2uZABse6ZUjMJjRZSWo3AjVO3CnQqBqv1DxXRkLkAjUIBrphNc31V5E3dspbsTK8T4d4MCLheFRyvoMJ2qArxaky2BqHbptSrllrObXZPjwy9r2jcBBjM7fiiH/AMRZVDXc4h57lR3lbkCSDCMzmNyBC0vKvuJ/4TSrBZamuhQc1GP+EYutcJC8J0j5T5AIQh0IVsSMDhfEYCJwPGSoUb4DcIdAZtFcwSu4QVtERVdpr0CswLQVlabqINkYB/8AoTWMdLA9pAkLM7kGugTWgWcH+qcxjnOpscDuUXP5XMbGmZOe7my/+0INpvitmAgwEKmcOY5HxWNDoaD+VzDn+pSIkQbjZWmSg6f7qWLX3UWKjZCAgcTUoS3VqOJ6YOB4Zw9eIdG2J4pKJ2RlNGNuPmRAN90JIsvXCKg9lbTZQdcBxiB7Kya8FrtHBMoNObK4z7FOrVMs3PdGjUyFuVBlMAimZ+oG6dDnxTcI0ci2v82QEQiwNlxdcrK57oPue6J58wggCCr8wBEbKNjCyutJUjVZXTsspU6r8YRiGuzNbY6nqSj5meAN1TXaKcAhxEccvWsoXjsnKVPODhrdWw3ndX1R24DK2V7FVDVm8HRNpMMnnI7KpVcHPJMb6qSmxAAtuN0PFbzMv+U5zxlLlzNbn1glN/lutRAi6Bk3mUNL2agszIRGiLDKzCQs2qKtgHtLSjTe5vY8EeSlW6s8OZBo6kHhuVaCjMgqde+B8Me6Inl/C9V6r/OA7qBqu6upxG0oOVQumQQrZRomNpf7z/ZNDpdPpCca7XAXm2y+qD91NQm3eFIlS4SNAVldo7T3Vg6XKZM/Y4bhXkI03K9u3C1zC8N5vKzgcD1BiPJWWZSsg+6BtdQpaCrowL3lWUKV6qd91OkIBygba4X1GJIWR2f6exWZ0gQhAAEd/VU20/EcTM2Cz0bHX8rKAZ1VgjfVOuWu0ABTi03GwCeTeNYK9MBBwMwjspxsgx0gRKhA8AR4iMD1L8J4B5bKS4L+yDolOvCM3UUjdTvhbVeiv7LYEKLEiVAuQiTsVdWsoEqexGLnMLQsqLiSi+FTaRTnnOq5hCDt1YLm+bsocCCIlWHLJubLkiDphIIXLpusjmn1urC6/wAo9t8c9M+l1fEcYQ8kOuesR7KbN2RZKzIWEohXV1G8IAoi7oTr3EQiTaEATAARDbxKupJvuhMSFZWwvoi1uVpsdUACSPZOLuUwUCYLpLRdDNdfUuUn0QLYtYWWsbWUEzm1hSNTZWvKEHZDbuv0gvVDD1UiFDjxQj5WUE3NlkT28gOp+ECCdypFwERobKcP8qwwN/dEnQFbQPVAfTC1kBHUxCJQAOq3zKxuEdEJ1VJpde6GYSQEC6BAum04yuk7kaIAhziWhQBG6zMurmdFlaPdWEDeSnERcSU9o1m6kbqYMod1Et+69VeZw9UDuub38gOjOiKKKKp03ufcuO54RxlHrmLI2vEIbmUEFqubRWwOxX5Q3ARJ+W0LsLSuwEINBMQidHBEWkKwXoo/BUlRurzIRqPiRfuvpiPQGU7KWuQc8Bu2MNj0Qa6J0UtgG8KDllR790HEwF+pqtbqN5X+FrbZQdlyjzICv0b9I9keofl2HdEj3Ua2RJ9EJX5V5wt7qBZGNiEZAAH5XYD1QbtBUfSEYOoKgcxE2V5IHuibowULi6FMk2KzHVSYsPVNY0M/Td/uC+pzZb7pxzgknRFsjWUct+2Ehbbyt7aK1jqi4FFczfdHup/CvZa23RKimfMngCHCbwnQJ18t/8QAIxABAQEBAQEAAwEAAwEBAQAAAQARIRAxIEFRMGFxgUCRof/aAAgBAQABPxBG8CBJKWaQAkSI0kQA8AsMMp4eCMAlhljAweZj5tlmsfpSA9PcklAgkCMSYgwShUJQa2kAhITobQ+EbpLIGTmdyCyHz0wA2wEuEgsCI2q4SRwJRUSqI2WpOCKDMVluFVtppCjou2GkyHuk8E0lABkwtj6IJoQFhIEiFgrwswlhLigzZliWmaRGYEBJM4tEBAFx8WDZxI08zTwMTdPMY21B+A5bpJppAis4GEBR5phH6esjaYEgy3SGyywkOiUYEDzCQ2oyGTCVgWWXDCgTEyxfBEYpFnLIrcyMg8M02FCSnQtAXWHEf42AGRghCLglrNQ8CwLKQJBxgDBywyA4W+5aWyCyhEkkeNmnrhjV9J8BSB2CzxECYBhGAsyL1Z5AS7mZsMMCI2WJbgrbIZCFVYmDFlhbAQbSUSRC2jcSfjIJY2UwWAs0stY6QJDIJm54EWAITcsGQ8BtY3UkWYGwbBZCEBLFFg3x2MMSReMmgW4WRBCyOTEPhjBZbBKgRgPDpZLsBoECMEa4QG0QgJBmSKSiZsgRj5eGBZWaWhZWzSxGSwhA6sqBlFW1+6xHUwA2AhJERgyzFkcZCBOJtgw21AYYTeQGAeGWafhmwQBPgYRjIZZCJGVGSHTzJ1CwiqQFAWQGM0YniQjgbFUJLqml8cT8BR0gAMBWAAi8AgIIsNiQWhLsI2aTvwQAkFokgkoikslrJWNEGWKxhgICIQI7JTIGUZJhhKsBBKwvoLMItg9lIkTbNOgnqs7J9iZCvlpDDEWDCElh3zGw7ZvhKoksYv3RC6CUzRnMUi0BDxpNBpFCJYYMAGeZKROrKgOssTmzpmQFbBsQM6jbQJMOHWF2SMJFmMsLCERBYARhaLVhGLSWZm+FENJAsP5ag8Fi0wWcEwRgBJgYZAhoxJA4WlgYSWQWCEaiGmShAkxS7DIBGdGwQYnQbQksLCNoOEhwJJY0hk7HQyCzYIySURnzQZCnZZ1c8bH0HashipIhihVLC1bYEEESUCwYdlkEuJ+Dbi6DYnUliRUEkANhE25hdVLBdHcYCbEECsmYwojIo0QwCUYlHSR2x80IDINwkLAMBMnmhC8iw0kXGaElXSQBhtIAaSDbWCRDS1sOyAhGBy2SWxDfVfOkgLJLrqyUQgi5IAEeFFlBIRGEpBoLCJDUbOALCHxDIWAWCUy/jJKvoo6MUSRilLEUSLJxCiM4DBBGbkJEl1l/3CR0C0smOEaBYyAxKZb5AUOQOLhsAiRSNqwlANdnZI4Dayhlc2B6mEt2WYNiTKHxWRthfEQJIagRGHYKQBxgE08RTzSKEkuJMVJFSC2iLAVCZRmQK4Gx5EBMiJKrIy64TBxhDSMBC1KZdJMBgI82bZMsYZ1ah5qKERGEYFmsiR+kYjf6SuDBfB8aRdxZuRlkJAdZV1lAi3AEikWzwUTFgu9+SqsifSKCW0gJEhEBQBUsYwCAEEhsBgYKngaW74A3AhBjchIJDCIJktHkovrEsZtg8STdIEPAkFosIQ2uSpAz2GKFiTJFEI0x4sBAQMkLJX5MzvqRiZDAwkCAQa8IAQgng9cRuUuPhy2YTikI6FpuJ9g3pDFIEm4Q3Zpw08GAIRQQAEpJxZBJYAXzhUZ6m21lBYlAhCEjCFOjKb6MZOESGhAAwLaQQITruEJcNSUhhZLhItbKspWYtwiINicLRsGNONlNI0hEsJEgikmOluEwGIixpZCHMLRQl0kFgZ2U9yURSPAggBBYUnBZAw8QgIASIJKEOskOxO54Bj0kHxJEwZ1ZIbIEgrKZB0S36h+hOqbOcTSwDmwmgWOoRAALUsEUwJbFkSJ09RuJIOBNYqwmQSMurIgSQR0hIJAYBOeObGwQ1IAgIAIYaQYWGwTZvCMWzi1WxCEMRuQHFgKi20whIQwJDJPBlyDIHxPIvNh5KJIa2iKQr9PLAiJGDIQ4xqEPyS6ICwEAiYSBLJUgSzGJAqGEkE2Ll1UEwyHogMEtSAYONPDJ0t5iQHGFvCACDmltaFpAuOhB1xjhmYQidmFQxlUR8yRmJBhmEZgr4pGDrLrs5LcwJQLGY30BOcREmJCJDl0+BcJbBLbAjCeZYpIybEGEQOlsdYH6bFgYWzsUlJOGsFZ3CQrKJIWJo6EEhBCBOlKmJI0EBhsCAMiDIRgIUbCQBMSSisw2AC0SXBsRZGVVXwICIpBNGT0kWFLv0nJSiqqxDFbYLAA2U0IAwEsLI9CVyALIkQlnRPPKupFAJ/YZEk4oYjxACAlJ0LAAEbs1hW2xcAgjUYEEtQwy2EoSGQSIHjLbCSjAWMRjjCFDSAgRQkkMCSGFFkIpiw4LabOCCjNKRvBASIQIoyIoibbLww4zkjcMiUIhqRoXwdGidPwElrB3SaKvwmGbOiQo6QCC5axBMwm2DNWEgElhK61JpJYxGNTQgxgSPoSE4dLVYTqpBaRmBBQ2QpAxnUvpV7ZIUgCuQBsQhaQJEansORBJbVlfFBOkOsgIJdsfDRGONgsDsOSWeDLshgCIJEg8ExPQKOjAk/SRuEthtTS0gE9BQSaZPCQkgISUTKCSDeiWAsXDxIiCxHGCyEAv0kwpYIwghTzQyKyIngtCF2xOPCUjX0gDXLWFGwIJNECGDIwsTQJAAIfFLQfWIWFhgARBOiRmnGiFBGBINlyVboGwPA2cCTcWGwpJsGQmSDBAQmASEgGAJkEqEgM3QiYYizAR4xcJqEBJAGA9PCaaWIyZJK+anhQS3WEWImzWLEIyzwlHQwPgu5hGmZFJxzZNQirl0ylhAZlgW5Gj1LOjxBvphbbr9Rk+QSKmJTSYccJdq4RB0WQXoMMEoZlgkkOmJUAkwinmEiKSpmrcRH/tXxsFRGABIksEgEABMHWECHZBJhER4Z4mkTEJGUQQWWZxLiQiTawel2Inm/ARgUWzRCACSQiD4Jk0UsvDzMZmGWKkFWaEYhJSR1C3KEmQWQg7FnYjNhJghDCFWByxIWGsp4YzKwAsDJgE74sGK4MhDkhASgCULeYwldZzjZcWDVN0j6hGTyqOoAiB0nhP4nFMgd3CKQwssItMsmCQdZEtoxTxth08E9XLdiGQyXJKSLaDNiys0JmwM8uBMSMMJAsDwJt2S02QkRlzJKXWdCyhntyYQ4eYQ7kUyiwILJIgMsoRAPE0kYMDJxOhLYlhqlKwsLCURFAiDNbIUSKbZtYwLLnRJZydoB0iMh4MKIkwXfiTwALtwkjDsBCJIJIDPPrGEhjWbY9NYZBgyEJclM6kWUtIk8cMejhAZpAeDqCBhYwJDCQkwSEBtLtkMOM0bLBHpIkMnHfGaRBL/WUCugJGRGUCqXExfGiTpKEhZIYFgQH1ICpsBuQoWwhNomyI4ifiANJMTWMzJCiLOgay4nEj0JUD6SuGYp4dJghepOU6MLGcFqMixggTBtClvGpaWjYwysGsBITbGyxLHI8zYjESGDAPhGIgZYJYDclCTGmFzYXxEtZJJLCyyLFgJNgYAnE8IBbVdXwUdGEOsGMrB1hQiCgGNNESSEPFyEY/VJd0yVBjXi2bIgqTsCsI6RGcYFGI883G7hxyM1ukjcU0J1DxAJWkbSKwYFcBYyiEP2ERAM7cnUEiEqcIEaWAkPpZl8gCWZDtjEWtogMiQTpwjsBZkMmyIthsJAiCkibKnCRWElIIEicsGfB8QT4OpL5fym5rZRowpZM8tjoIgBIQxLOiBMSJ1jEaswQsBYgDk5ExlkMQlFZLpktAJEkqtn4mlCH6WgJLWBIEhMEsOWUgRoh1BkIeQYSEXVGMmQNurMGhbLUt8ICzLWTZEgVtRAgSASxuwEDGLM8VpktgYkgkZaNgyQnxMJ8GF/RCfUv+Yv8AiT/Ys/iTSJyJcVJPVKFpPFkDotuPQXAkQ4w0CQGd3SFIbCA+Ih2lgujhKRsEZE+gGCxIFiUqSmpBZEKKSCYjoRP6pwEc2IMDcJqivhxbnCUMfGiKLKGJYhZmAkiDGGBZsOADSCAJCwDIM6J3ZYiEgttElg2yA+p4XGAtxt8FiQQC2B4wAPAhLwZvcyM9C+9YZgJD5FFiegWzZD5AECwkQJqEh7D86kLF6U//AFkApL/RG2MmKQKAFtoEqvqBqML64CY6qhPEhDkSKCIAkpA2ylsYRCRiwi6QXxASkGwjmJM0IhRJKMQkTiMhoSDuxZiQAKxMRNiJICxIoYC0EJlLsyVdSDIGSCeDBbLCpHWAkPMbrFrIw6wMsJS1hhWFCUQwAWSaoEFrqRoCUVNyTrYEq2DYQwsxhiWhbIgN1PBK2RkNlIYZrCHCCg3FkQB86Qq6v7DkSWN5gnSKu2JLADCIpNwEsgkkfqsYTgp6KclOAMoKss5hEAIqCQm2nST9CEEm1wlPSESxiKHQgjqWJ3IBjkhokvCAW1YSGiwJEXQoIGd8WywGaQCQ4ZAZMAJCV2W+KsiwQAWYRrOkEmQPhpKZCaWCWJFhBBkiAQDaRICWKEbIFYAdIKYnIDukiLyLNvrRgDrabM8xjTwULfAN1IFyxqhaLRIOMoApmJBKsLL/AMjEn5A9w42AnAyFEL5GDGgjNwStMJDSMzFII4ziThjAAzgZYJCwsO6EjMCIOkAqkZcSYQ3IJ2B4EIBWgE1JyJzVJYp6S7GdIHHYYBIAIsyREXbQQjzkQ2UZWEthmsIEotpLGsCSjAkPNLSPMWFAkoQw3wktq1hEEgQWMoi6QzrGjNYTCADILCyehgPGWMm2eBBcWzZNtCsGWmcLWhEETxCxcYpgwUxxI9Qf3CbV/hBLWZAoFmCHwi6BH9BZBZTxAHCDLVhMoJGDZLAthnoJUXmv4sfVSabGsDpKgKSX1wnyi2oISoQgAiIUggjCAkaMYkGzYWAlkIXw2G7kJBjAJZbluwDIsRhy3fBBlJNmQA7AxJQwbtr6VSUoxpOoQRKwNgswAILMTYBdSxhIyxGCLLJCDD+xhAtWbpASRODCbCLsOMNhOrppAOiyiCwJjjDIFsEEowBCmhMOJB3csMJ1CICAsECEZBcCUGGA3/ehkInRfw26wGbLHQmehPBAhOBaXCFhSz7AONy3SHoSOESl2SopJzJ0kXh4oBkx3wUbVk2EmRk6tiQsLczSGyF4WhgdCTBpYIT/ALRhBADCzLwyB+ZAiWFkCpkCQP4hkGWe54ssijYsIDkL9RIYIBdcg6s6WyIQUKBIoSS76E0EA6EFICAlA2MdEmCfsrLGECCWloZxnFhYhSgHF/HFQIweMCIsoSSEAiwBKSD0gXHYabAOIQJOkMgwmFmQAurFuoIjy3GES0sQmLLFQCMD/wACEJFUJdWA1gjZrBjZq4rllg2LCesCAkg/LLJHxFJRlShjBO2iYsBHYMRSFgkh4ZNBIp1E5DTRlCiXzCjzBAhBZkKP4MMEDxgkREcYoaEYdIBAgSEYkRYlcIirZFcLFxhurCzSDDkGnI0LLGAvyyBcEgYBGdD4wJkI6E4MITESCM3WUlGA2gMCEYAZOsqGeKwywECtuGMcImQZAObAQEECEHHfA00ImCAiCD/NpVRilhYSCWEhkT5ZANllmzAgkJ0YjF7JcWFHiRpV3/tnBJXjJCaTAjdkKSybEYSBgQssD/SSKkLSZldxmuDIrAfogryMEpFFl/kAmkACExzITZGsAYxrKAElLBUmNIWUwqQdQSkHIMTYcPAYW2RPgIzCjGAay5UWdc+EjFWMhhYsaaBCDV8CnYNMSA8wsI/xE1MfwUCraIJ+WEh4TLHzLEM2RtkaWAZmiyA6WYkfcU/RtAhgHBgN/wAMTpmrYeAvgyI4kKHMQWhAQJiOpD1MbOayGMAhOYowuabIIUB8IQCAMBIBBQEDYhkJEkGstdJRQBIAyFdbdkBlC+ukIMIBuJkwhjWAA1iY/W1UHm5LFWBiQoQaXByHCGgsAQQQZA+Iog5GhZ+ah1SEfj4k3dmh0IsAGEDBPrYJVKNCgahCILppIBDGAE6JZ6nqWWm6TwkmOjy1iAJAGk90QnQI2qtxkaRrgSBMNnV2UagJBZV2aLLQuRZ8Qg6lQElLENIAggNgNsQviAjHCZBCQlWUMAmyQhNSAZqSCSWdkVgywQkNrNhswVAOrFsmq/UphA7LhDHhBCgyx36Q1xgzqxGjXMHTaeD6Gfg5AAwgm56Sa9HSRNqQSeYOaNpA9A4S1XBBjRB5objAYBhBrZzDfBAUMAwIDAQQMxCOmEqCk+gAUM+oQEJMOrIQRPMsduKyaWhI2QNFZSJGQ4bBxNmGiKAwqGEmukOIyIXzU4LYqBYS6XcRLplpY8HIB8UCwwGzLrMML+iSicYNIggC0IAVj1BszqTzRAo4ssASGJAIW6k6Mth9G4EW+zCEHLFkeEwQiLCQDCGfAnPjkLQjxsSYPMPNyPUNalLH0JRHWDQgl0N11hcGSQGYuNgqAocPgziZ1wVqshEQTH4TOnnUZigtV+lgJB9iQh+k3CPmAnSe8ajuttXIUUMAI91HWuDfCEImkhujEZXAwtC0SSwHSzSRZCQKMG4FoEhIktITEISwFlCUghBHETElEEAFbQMO6AgH6zkpBIBuwJAEGSgnSaQ7MAdI2VtYCTL0tnCiSJDa2sip9mZ0ccbVFhDVhyRctGDYCJBIIIS4EwLAgFjcyZNcIAAIQEHjhkIYQR+G5toyAVTCAmiZIAAQwAnkkHIwcMcxUIkUOMBbRM3gZsgF0KAJO4O/QvxJKHLQzUgp/wBAWqKWIFIQWIRSC9D5LXCFdSnBAEE0Yj/yCsjSYESqwuJsZqrgQkDHP2VYCIcMU8NLtoCIEgA3D+u2eZpIzoTXRJMGfHjEgkPjoBEjUCXQ6XkEaJGUqoQOpGZGJaImgbLlTZSRUCBESDLZxEpEiolFLBM4OChkkaY3wDBVIYaD+sOY9m4vgUYxLoxMWOEYKQAlAVYQA9MoXDVioRiC3CAh7hE4CuMJNQwbQU6IDiRFJ+nSFY4EwUFbUkJNCJGwQhiKQHgEMN0Y1cnDdWbrQFvUIjAf2b4h0D/ZPnManWROp0GwYzLiFvIbU+EIlWVJRCMGyIUcJWQzdGy4nWNYXLhQDRGw3FgYLZQKcL8BjNx7PgEBQtmmcC8UdIkAFBTWBBXICAkAcPGzxkJVbFJUUbrIGmWw+cZyF0kn/wBSbKEejEaw0AQQQYIAnjTQlgEDsqs4iKT8EWAMhGSQAxPDAGwWJwqwLCWLkoBWQDY2PxQIbLYK4RAhgsEkGRZqZMhYUAPF1hDIjqwwGI1INHG4EAweYSBE4vmjppAegQHWJAxbNINsGCi8zENDUgQIurbrtsAqQVe4Egh3nqcWBwG3DsLCwwf2NARhdMWMEP3BiYCEAIVsUtZwSMwO4kFhUEJANwPcGaAI6NsjwbQgFxHqtgjEIw+xUbCyLIqpYjMmHCBAQh2JQMsoUVA/rJGgLFDFV/HGRiSQVk1F2AEiJGHTfwARCOQEcIyYGEUwwAwAhE/gz0YPHggMehH4zgXeE4uMyGxVwLImCwGC0RIAyQCxG1UG1UGNcDtsQRwE83WCQnQBAYpAGB4uCy4Osq46ubAGO81gBsBgyADAkNyGEe4LsCxCOw4g6zsAMIIAqLG1IHBM5Aqiic0J+SCJm7PIVTG4MUK4ciKDMCdSh0tCa9UR+Bd1WWRI0s4AQHAYk+QxsO6xKqLOhCVnUIPuStuJf6WEuBDIFVXDUh5m0JrRtsOIPD4wagEBDVYyAWmYpaEQc0C1AodMWMIEHDLBAUP5CqF9iKCQHDqLEYJoOJ0W2EV5gEfg2Eg8ZN+uMorKLkmC+A/iwAY2Q0kVyyAgI2/iwMaAWGLKG3XWcGRfB8BCGrAOBhA7IXM10JSyTEsfBGACAluHI1YgORJpAHD1a5AQFVZABBpAkCZp+TSgWWBFfvNDw5E8M3RdzAmAsQ+sJED4OpFhCoKoVJkjRBSgAuq1aFYIZq2xBIMR4EBga1WKsAw6GHgBKFUPVcSw0K1DXQ1kropM0SOrgwzCHnVJ9s5ihOCFc68SLBgBfihZVoJmK5z+WAf2jiW8DgehzEhJHp0WAFCb3Zup0iR4NabLjocVdVlgPBMxurPNMQ1EkRiwGbgx8ULmhOqNwASgap4Omn47ATGAGxdYUxIiZb+G2wKJOaElomY2IyoazXxyRYzAD9SSFf5KM7F2J9IkKMAZAAtmMZSPkxKjALz1sQYAYDNsFcmCMAfhuC+AgYrAM5qWl4cg2CDUfNYUGGcDUiJBNDjxPFB0hxLAAYSeiLJjgHyEA87mMjRCYJhkfAEBxhBw1cNJUBs5rADAAnCmNH4EqmFu8CP6GYR5XBijCOFpwDVINhRfh0SJmDSzkDriNiWfNzFXQgBkAAHLoDBipmMC7P2iBamiTBGVWFiZ0EEe4Cs2+Ybg0VhmGkjodJFAsiuNzIFRUGssBVEoSBBMcGZb1JR1JeUoBLsUb9mH6BDAKMT59QgwD8E21lgC1CEhup3MtN42wmRbnhmsrbIBEtAMYIBEZKrXA/BhBwScyS2NSFwJsJEyGaWUigBiSKEgTY/gszhCWhCiCkKAfkYJ34Twh8ImQcgHGsGGLBp5m8SAeJJzCR0RZkAgpZAnQTV1goP6LCFYpoIQidQnIMVToKAgUe5zFWAFoYUYMCgo3XBQkdBwXNCJyAWQf6Q1HW2HG9ihbhFLYAC/e4ydCkdwyoLEVmnUJjBjQCGPWQMZ691Ygn7SpU3imPADh/RpBha6wMUgKsE9cWZBUMcshoYstBAbFA0BfjgrGVzg77PE4vHMEhZYEVwGOseZ2EzPC2ZySin02EUoRZcNhBAkAjgJaB8bbb+GiYzEQEZWNqOTicSdY7L+LIUQIG6AbOhIQQqhAsQERICQk8YEGwsQWTGRwUhAkBSBAfl0hYJUku/1ZLBhAPB1SVhkYETkmihsDLnCchhRNdEYmCV0XVQkwIRBhgseXVkSq7DErlU1GQyOscxJoIJXwsQmkCqzCtCBWB4CHqXuE6qDCEo8GaIRz8Qg7ZSvQW7yBdkhXo8HqyIEUcdwHLtBUNB0LQohgwxRCpiB8WUC8cGwccOoTSp6O6tDfqxZgatsWA1VS2xiu93/AKyCy57uAUkADgFjMGwZ1u7EIAR+G24OQjLkh0IOIwYB0XP2IwuImu2DByHAazDunWGj8xhEmwYZwAi2HZdC1BIBSFFhrSXw4JhCKDZsMhhBkEJCBlumlqEmAesg4SpBkH57qs0Wv0gEObEgsGEWeCQ8AlJiIDF4aMOLok2DASAhzNzoa2iEN21SaG90QYCDI5gYM4ULUwwA/wD6y0QBoH1IsKRquDMIbMVFRLSAQCDhjA6Az0LNEeosEYRUoJL0PxF0EhGC7meBhYP+GZdMhU0YHwRvDBWA6D7cZKsU4ujrIaV3P6YWlJAQGUUCg3cxQsMIzBxwDmwv/wAITZWHA6iajPCioYwIQoiSGQsT+DQjQAgAQ/Q4dMMLYIRPtDssWkAL4wyP0YFkEALAXdwtRRk6dYBQRhf2BjqP8BhExnIAS3wJAOkDThYZmExB+DDbOQv1zCBKNoBYJxLEdGTBZpAMoMQ063DD/Dc1aCBIAhcFpcIIfAOGP6C4u2OKGuXJoDhtmw1Q1VsJAj9TSZ4wZaxEQ4nAIEDmiY2phWI6WTMCGK6rKYMV6wBiqTSAjL/gKusoCEbvVH4EgI/3HV1kgA4eusCXIXLmjoJFeX+GOjDUAYQsewiMQ1BLOnI6kwasFBgBauu44ZLJCneso4xhic0ZwEOfBNNLIARpzqZHEUBHZJ2cMzcIFByGaTMAiS0auGOP6EdxYYomIAF0ExmGA3uafDLQKsVdOorGqCHGHgeZ4kTIFJdRiJJd45nCR/XSAaa9J6gX7EmKf4DkImMSljLEJ8YJ1gB/DAgxwSAhJEtobKwbCwHm2E4GQn9ElOMh/hjhmPSQGn1ZmAF1irYDzQt2wop0j6GeYKNf0MjCfIQXWShFBr1TWLyAav8AVggAIAtWKckxIGk4GjbjosQVZiiTImophVCwAOuCrECSTAMHY8uWATRYWmB1V0WHsVX+KRl/SkQdHGQGaDn3FGWAniA6hBQW1zUkNATA1JIoGBJgFwFzCOg71BkIoPdRqzI2gMwwiBirJ2TYYLCmYzqzskmYcBs9jUwCwRNAGgxbICUY1AJKLuDDdWJEbuhjHg6DJ9B1LfNL6XRgDbkozVHg1HGAcasrwYDRJps+R1/xG4iNloWBnxn1iEZSgcCYEQIZgeACwSB3ScZYxqUYYUpswmrIQ/N+NoETSZhmqYeAWTQxILtkKNEh+mWgGp1wkER/ZCQXAwgWCpi5ADDkAA8VgiDO7HQHvVY5wNyMEYSipoFlSjrGGUkq70ND6QUSBE9BJWClcEUI/BNjIOCsyAI0ZXZ5a/sVVJHLAePFWSM2AoNLIlxwCKDQTcAFBNwYAro4zkhCnBMicf1NUlkjDVDDGRh1NaLKBIEq0kiAKAerBUkRJgAjgD0GkCDgl0AR7GuEAAWeBQHV1uks4jDBS0FGNafMxtulxWVBnQN3YRQIxoxBcmIyGL/kMDCbOg4zNQZjBopYohbiyIAwBYwJIrMGkwhd2HuwOOSQ4QXh4fi/GEwl0FmNZuEsBgBrIQSIxqJzYXWQSBf0MkEGyD+hYIAuyA12XCOoW4XMJKEMjHS3jwHjppION3G4JPwhAs1dZ+ArAzMWCUYGpiyaFD/1jVlerAQBQdOoti2qX74B8SAgyGIxQ7oFJmLEEa9U1CEmcPQfuIE+QsBDNRJwIEeVDiDN0ZUI3Yxz9rOCDuLE2ANB6MfxmGjiraEXZIVUvQZWBcRHoLBIWEPjqbqyaaQQBoiACQUUPxeySSaESJQm6NkVfSBFXRv8zPMxIynRbCk/zHJQJukqhCuhZIJCQCEkE0tMpNlElkRkjiQabIhAyoWFfz+jOwawATFIOEixDfoxtVxHM2Q8xGkihinSd5gWC5rpaIWCAuAGcSN0E36knheTo9X+QhpYYs7I3A3OgM6HY6AUu40TJSCGbUA/6kMoeaQiK9QYDJKpg6MfxWf21/xpOaI6hYxc6rOCYIZghhxUnrUaZIJPAwNQt6A/CiJKRBzVKzmsQoEYJo5PCQpxReCxFOahIaTwFiilwmyxtAdw8TnYBN5n1YRUy11z4IjCAXc4RoSamkhMSQqb4MmsXVxkDgzExgRjRXLEyIBlrj3IL4Vr/oOSNkiiSBi8cGI+LBGMQmWLhIFrxsB0jBBinihgGJ+J73ELQMgAh+H0yTgYLIId83wUhEiQOEoGrZxAlEayTARmuiTUDhEB8Dq2D0bL4fX5xSQDF1EIUJISkMALUYgMWywFEMbNdiapMtDkCMZOuqYR001UAirb5lveUD95HHuuIhEIhBDVUXuwUE6AdJyGoNRJzjXVBG3qgwVZwC4eMBgW4KoBbxw/mh/dyFBs5uuozA4Azf4X+7bp/EYze6d3CHiAJB3VsV8AARIJ8E8BJS1SV0DjPSTSDIGtgTTDJRxGWomQEp+i4Fl1/wBBhEy1CWSgLDGJ8bggxkEhYQiRgyUks7jYPA/4H1IGmqj+mGIrhAcbA6BaQlsFuud4WAw8dBHMYNgDUap9LQwbT1inNJEFLVNTeu5Cox1XgbAuAWNenU/QbCqdxcHDjMZmre7AtBUTeaLbwgrhBhCE+gALEScoQwZQ7c1EdYngBin2BBZcXqNjFI4UEkYCS+v0mAOPYjisfpsUJMj6FfpJgBEa5ixxBciDEZAlQ/GA3lCIUHM5FoBJpEQG0WE91NUj0DQxfCMk0OiIiT5WGAGEj3K7IocAIkxVmDYF0iADiedCUtMGSIObkEFqGSHBB211QljgbBuxHF/sMSjOolxIkUl0YcjJGkGvCiAEAiAIRIrAn+DxgR66QWHuKEAAeZM9IyErkw4w7Y5ABCKm9y+GhDK6AWMG9ywc02ESACiajxGadMBkFGbqajaJMAYi6wh1BSDBt5sRJHypmswZBIKaZABZ4CiJbXQ3iToIJ0BduKP4skRgIhoTkifvSGwCFGOYDsuUCdXDCLS2oG9bRguPiIy+Gi0VjiPRDNbJdQwRlYpEMpgUzHNJsKlTpiL9Ic1ahiirDGUIA6MOtsAzU6AaAGqHcsAAaZoOpDMa3MOR4jVR/wCZDDYjqAWWUEgzcFcYAG4gmmOMp2U7mQAMJzFbCsLAFZruwwdst/1ngH+6xjwEj4AVZJ4xmYssJBgSAwyACyrhKJGwUsP8GTQRgCGdYRFOMAOsHVAzIQNW1cxs1GBuFS0VAd/q2mlTM+rgRjYBhcLAV1hGRRGQsDAiRCRFTADgBAxACJ+8YABDJEDpiYYwkAdMqzCDibVggIHc14jBKVEc2NAiCCI/3YORU0FoCVhyAeJlNiv4qtxMIBHAf6TYC6xDixgOw2PwBIuiiP3AGZYlbIDwBg1GbUaYDNQ+jMskadMBgEXKLjr/AC0dCugGQbawaBESmaIxIXUMwRxZerIAddiPAGfcMI1EwgTmb0gIDOq5DOIkwZFUBCCupCZhLg2QkrnUg03/AKOkXAwskS/3GwYZUGW0C0OubaBPYCyoIxgG2moQBqETMJCzw/J6R0lyJaBZAhB0l3WQSBCG3BVhEYxKAGhiIfplh5o7pCIIxh4Z0Fqqh22IgQQYr82GwKZ0iNWlGMgRMw492eIceuwYEBwJgZ/IDpJVxxN7jiSqF6EDAZbAURMZIMM1lmgI6ogEUFTiLmK8AioDe8TjG/olL8D9lpI1TMeGEwhwGf3FkyI3OqrrEA/haiEQjgB6wimH4G6gQoDGQAiLCkJzoK4sISCrnMnOyCDgoNdMC6pAgHFGg/Fs8oS9GjGcFGGBGgomm42Q4bhmDHQOZkZC41IGMwSgR+pGwM+rIDDjrAJdV/3JZDkOlgMYxMEYaQAwEgdI0EYHio2qQL4fkyxyLI2BKERf1ilpDPpkO6sIGusgXIowIgzocWETLSE1LWQSJ/4HFi2Yg/pNCaQLiDRVkAY8gTQcdIrMCrr9WQgB/qbIwa6WOBnTmq6sgw1zIyQbcZu4wBwTnIZSa6bHWIoIvDVGKyFb0qm8RnkmAxePXNZdtDgPMSUYAEgxXVRyuuEmM0RQ1JAIdtAEkBsEVrprLp+I6qxkzGA3DNwF3eeucikQjBIoaC8C4sw00zFgEGmAAkUgoxJoJYKWG9QZCEPBp1YwIv8AooTGBN/RiMUDbkY7i1bNCrDKCVEqOFjqQVGcEHrhLkP/AIBkEGVgtThGwEgkV0YM68AnGAk3pJluEP8AhuOz0GMgSIKivGWn1kEOa7IEG8/vA1sf+jODAhgYQlgmp1wiCY1YCcBJAaqq/c01t0kDVYPgashAADUQYV3cYFoHTNZilq7sMZxAZ0WEECAKGBBA1NBYqyAjB1ILE2CuOEimNVb0AJqMmjQDPbAIcEBiQG4wmmAOejUkgSgHn9NIaCcB01HNEKgHvTqrHQAzi1Ygg06IaYEwqzV0zSw4gMAjjKuoVEEPndOBwT+A2xQIRyuyL0J6VKGhCUF+BjIQEUP6IxAUP34VRmGuFFVskhaHQkTASC9EmJkA2OukAEVEkBAxUgpgasJhLXD/AOEljfMEMJIkJGNOkuYyPBMzzTIkfieHi/TKb6DSApG70uBhEOjDOtgzoBhYuq4eepCYgxDkBQMfisKa8ByF1c0OEImka0UllrUcDdUJ0pBjh/8A62DIDAU4CMR3GakRwczJ6R/YGDMiHQMGgvo0pqjp94xvB6AwBbSgJrgf0j4gVojAzgCVIqIxrZF0cNGgGwcRE3P0fuEChxFxo8WU+I8PpRjRVMd7mI2AJtvysd9RNGYxKDCi6S2kulMi4cBz9o71IyHFJhmAEqMOwgGqbfpwlpRBIY1CHVkZBEET4jKCk0E3GiWF0fDEtTCB3EmQpwIVGOq//EMIpYo/pYHUiCykIlDpCrCteCpAIVAv+A2eLDngkAiMygGQAusAzN4S3BDjY6v71SRRY4qMCgAkqY5nB6iwjRbVnE6CafTQyCwJpwApY7hScTR+lDMSQvM3b6KLAgL8Y6IsZKgIrinNBJwAVAchMOU0AcNgJuEEz4NtlNT0OjDZAFH/ACDIQPvdFFiIF1dJiSAliTURc/ZZwAlTSEBOhBoMHe5ZFAF5EgIDGCjgH7dkWuIPgJl6gD4WTXRw45I4c0LT/wAkQVcIdRfosiAdYZCTibMOxGQJUYVaJxLggQ8BHtVRmQ5rrcBhBjsxNiYAEPm7CFGJLBB+3IQA4WjhBhD/APCMtEtv+MkkYdJUIm5ZYMgSgVl9Pr+ZDC+nxQsjiQeWV5/EgYbzG6GD8YFHlhhByTDQNBEAHQAgK59Z0cWQjEAIFZZqojmRmAgF10kgQWoOdAYQ4YvVlBIKmGtgKG1DFFkw/wBwzT/pINLRdyQQCKia4RcKlFfYIKdBmpxgCtANDBkTIAIFRP7k7AEcfmOlhU7q9XVgQ0vCyBui5n8FZ5a6BYW2xSUacERIrIzNEUQgMAEFbNDh4B1G+TSfsMlcSCANE/hgoQowXXwMi9NZQLg6IKzEAtDgZkZBwAERm3weIMNNDcNgDpEBBwT6wEyCFhCXHCFzbZA6ZcU4sxHGAyI1kiOP/wAaxLciVasdZGBdbOAQHnBPCDVO5+y38zrOBLvhxhEy6hwSo5zCcXJSMSX2wiLW04+J0SDdTcxMJZ193cmoOQK60EsBUXNXM1IcMIISQSyM+7qMYQYODraCL+A+rDCUeBVxgAMBf5wVlBEZsLQoGAJuk4CuMtSDoJ9cxtSAT8UmSWOMix/rFOqylR5KHI8JOCpo81mIYqaYs2NGOBqgzIfqDwo/+JNAFjE1EnOHJATGUb8o6YtpWaqmNs4tMcTWdcNf/O/yyFVfr1j0THcO6vAKstomOMubikAbkdADHbCaDFQbnRyHMMgQkgMSQYJMowPloNZSMsNfOZJZlqAFhKSWWfEZE/xGA1gU/jCJDlowDpG7ib1PXSWf4CwMIdH1Y4wJJYAZApqamkANC0kBXHDrIFp6HNMJVhdfp/UsDATpKGr6jKIIgjSIgJeoBTYqFhokEglXeqEsCN1NVSxt3DJAqODnCFUHIBUIGGaAemEBuh0EkhQdeJIvkuPwQkECFAZgzJzqkKA1nOSohIPRjYcDkCLA4gKPUGCB01CUQxPmjhGuwC4GCvYbKGAJqxMswi/oTdZIhAxC1ZK03GJAgkAOjCThhkjAeB5nVkEISiur9+oStNPmkgA/tZlEoLoykXNyyLEHUtRBWYiLkyGYHsAFDAwLRwg02CAD5fISwwLD+Skr6SJxPyGwif0sX+thkhLdWZIICQQwB0YqF/Du+bCywlqw9T8EQyiqHJASgAnPiuyML/IbxCQJrqCEYcBBR45qMQCrqGnUW02TETNBkHmpOgjNIqRDmC2x1ADfx34feosqg1lhoDTrsQACA6D0CRumdwjQQJhzWbE3UGpxgkNaIOpdYFEDuMqlkYobcgaophmYZEaF20IpIoP9s3Vl0kIovzjn2WW7gGqSwq3EgAxHZETd10kYIptSmjnE3pKqAXDhBinwxxAAAaavXXWQXVB1dersILpOhkKH4yJQjHJGr8VjEw1VgCISshutIaiE6cB9YQYARMDIqqsHQIyEN8FegjPzI65JpiCSBq/EZ4liXOJHirJGAI4XQZQVYRDY4Edk0B5vg+KXDwURn8QdJkQ/ukJ0HH+iLMgC9Dh8WC4iDmP9BlAG73RxwkKAfAekA1jA6kEaI4euYkqdRQMd0sRBc1wB0ZKidSQChmg5HTa0fBCUhJC8CxKg7Ahu8ZNHGCF1QgsVsFpDFSiEAnVkMlAT44ysUUBOo+IcNSbjJxoJ1/SAExAAxjIpGQNHoEL/AIUugxj1FiBm8fKyhYiA7p/YyzyDBUT9rJgLCKZ9YocLDBMkhkCZEVEJEFgEJ1IkQZQm2cJ3g4fWHgYFyQcAZCtz4EKqzqp+sCB/SAwBIMBIQU0biA2n4DLiMMgQCB6fjwkKjOBCNh4TJNIi5dxJKjNAOa+6ebdMvBt38fgNjgprwk2gfuEghwnHYFUSUKQIJY2rbnCfUGfocLACuGakygXCmn3D9QC39ORGFDIAHdUdeuS1MB583MSHU4WSAp/VCAglDrhIhwHdQ1NYCO5AAmg6azICQA6WgaSBmukt03sqgECopARUXesDi4FN1G0snFx2Nggg1IQmYwVKvFgCKOIO7hGIOBrqyAhRokACrqZ8EQB8C0IQ9jlxYQfNSE6wMHCTC0gEPgSLCUxGIBAlQMoASoX0WNGayeCf9CxhP/xbAKFz9EhP2QWAkF8GGUSWhLGEMSYPHwZFSTHSADZsGS5ukC6iMYYav4Dayl18IfHx8B+zcgeML/MYQIj9YhDdP4zcDq22CVcFZAXZGKiOyGftVCQBxQF4gyOFQN1G5or+g7qloR10V/8AGVACJMhYaGHTTYjrYowR/T0YDQjABmTsVMMB1ZQLmEIgAfp5iyYon7LElIQoH5hupBNVukAwLDYaiiYQmIMMirx0hTgMaFQM1VWEIU+uywwQgrkApKuVRlDQYE4g2kkcDD9TFYcJlQYwcdZKQKkobkLKALEKYEAIhffqBlOgkh0GW4EjLAbDELAojsIksMZMU9Gyv8GQVCOFuvWQWwbSQYGYeFoscJ+A+Dbr4EfgyW5H6PTxSAElM0B8DUJGJGNJqW/FuXd5mQVRX4xoI5pKAE1PqwkFIHBx1z5o2kIPEIAxxXVkND4rjYbAPdWiTDZhPQbDTLSUgqp81dCwVYAmPRlMDMW0nUtYgtgHDmEDB65DnAiQABmBlhKEuuwDVIXBsqH1l8R7/HRnul6iEhAgTYIKnzMCdwLFauwlBnRbSz2eRRn3JJQCdUISD0/EsERIZekl0ZRxhfYG6x9ICbMAPxZVgsmWEsbtkSQ9SCM/4Hg/4CHj4CxWpn9EJqk14ZAK81kIowRcU/4W0CKbkIUOFmcH1gQMDubvNZOBVcICoaxgMBAwzRl6I5if8qE2Axh1jyU1xEhFwbmWqAcMtPpjGLsJCH1MkBCEh9YH1IaGguygD9bQFQW1Kutq8HqbK64G5v0RgWCu/ZlBB4GaxJq/5wyUAAW+gylqypNBgKsYRixVnl/phhBwKIGDr+B+J6giIZAihl3DkanYXGV0XpJwIgH8W0ZQq28DOLadJWziMOSGCmh5vg/gebj+L4yWpDLpowJjbT0Zs6T+lpwWCp1+Zko5hjsAdQcjhqWiQATPvANSUFQBy4FXchGFlFzYYKYKTriBLEVnAwRGCWykArLHgZPUwzcx0ZQKHST/AAjKTVWcNlREgXHUH6ME6EBckUBW5mbIRWH8I4AAyNopPqngdIYNElhklQ8CHUhB4+Ef4qEIZmAFskoAeEXy3A/8wOsgg90tnJAW5wtW6zUWGfgP4FpLiMOh+D4+PmowiUOMq3HA/wBJfcGPtH80xCdAQ4yF3CUagZAEEzu4yKuhI6hcV1kmY4/S1dfRta4loRVhAA2XBp8RgcTS+pRP1hLFD8bUHW6YKSQYzCUgDn7VwIXXM0ZQzjN+shBESAyCcMF+phYDtOIYEZyPK4JBwhYdYhHCcIjqQIRwD8hH+TAE6K1t1H0vhmB/5kyHGCQwDpYyAHSxYBLon4D6x6Wh/B9Tx3zULRCLGCyYgn8TYjNQhpOMma3bVzGU3dE/q42lUvgjJrq/Q58wZYOOd5jLOCSIKDHALAgGO2IwczSQAgwCafN3CxovzPgZslY7DBF+FoAKy3eDnWQV3VgeCHcdZ1BIakAdCIWYQOxcWk/COhHkIevh/goSSR0jSU/bZILRJqL6XyxB4EaYQ6NsYKWQQQEs/AfwHxT3Hj4+OepPiSsoYYwziyn7ZCUWsKkM5pKGRjSGCqX+I3OfN+hIGh2SBOKokgKL/AIHR15mYgy6o/jistNGkHStbRIUuJ/q7DIIRNCTQS3QgfVWEDCBCsLFuEHhYdkA59CMfAz8SPXxBOJJI2yExIZOgfXhYB/D0vowVn6bRIGQMhgJcMoRpywHm/mPgcliPHx9TxmfEkkWRJW2LAMA7AQPqywSPPP7zWP7I5AkSxwb4+y3qlvqYK0DCxaXLVghj5jBZAbsIQsEXUPOiJZh6vh5pIJATFfghy7CcbgsxdTA/Ahxpl/6pGsoLhYHdkQQUlGB0kGNHw9H0hmHC30J8fGZtkZkmSWSSSTTCZUlFol28CUzttX9tp7qUHVk4KOFgZIgfCWymHfCIPARLgkLDENhw+2ACUJBIXEhZJjGNSTGYeKMWgKMAHDdIAAB+BPF/gy1n9rEAgJIAgZHMJBhWIKVeEMej4Z4MzR0gFs8fXxkmZcmZlmZ3WRnSfFbMbg2jctf20eOgtyG3YYYYggII+sEBLDCQjdOWCASFesheM1rUTGoPF8IbKOA2zoP/LAwbb1TCaEEP62Mv5RA5/Yzuy0zLYThB4lwYGWo/gfDx8OsI7cVNnj6vjMkzMpMjKMkk9mQnx4S+aYEOW+hsBEEERhBBBAYS5dWIVgRk1yzIA1YGD5alZEkgh2WykOusUjb3E4BZuIIN3/zLJQr/X/AQGbroyDInDJSzw0bkaHWWMPg/kNxIshLDoMnj+DMyzMszOEzMzJnqNknhrwsI8LFggIGASIIIMlw8CBhqQg1EuFgoZorjg206y5TMaRyCf8AoWw3ibj/AOQX0Uv6sPgHj/iNSxrVcItgFWMWwEEmSJBPOARvh+YwgkZyfgz4zJJsjjJMzqzJJMyWP8/BIPMyIg2AsdIMgg2DYIwifiQQQ2CI+RYVLCtkBAgqWBQ1KrCOAz/FHGoQeoxPCwDAH4v+JCZggDWHZbVNdEgjEtg0tRhGKukPg+Pr4MkdJFTfSSfH1mZZmZmWSVGUzPnH3kRg2KQMDmQMEEGwQQQbEwQgCIEsn2IR0SRATdxMsBURwjDgR7v+xaKYnP2sEBIpgQRGEVuDtn4Nok0IZ0hJB3bSHw/PdIQxBEDJJ4lkkzMzJMzPVZJxkkxwZ5rP5BBjBZkEDBEGQQQQW4QQMIAgglk4MLbBARF8B5sMMP8ApufgR2xh9SRGT4yxR0JKyNArEXWJnTJVMgByAkQx/gMmzM+K8WQkkmHmTMkyzMmySTITJMhMnhGJ+AeBEEC2bAwQbBsmsDBkEQQ5GrZBLPD4DDDDb/sQ18jwWIzqZ4IdSAcHkMAGOQJCyGxHJQx/htukN8lGnpApwkZJJkkmZySZCRkkkSZkGRs8NfQxgICCBYIIGD4QYkEDMGwZBkR4eCjB4YaZbDDD5v8AqSEW0D/UljYIZ4HMmgoQm0wECIIO2iazKQw/nqGng5JtkQbRC3AmhAqhJIySThMkzMpIyKyBZoySSWWWQEHgQeAQQQQEGwQWAWarBEER4F8Dlsq1DsoYYdh823/IgqFsA9ScG0lHNnTCMLRNWSBowMAJx0tAkGjKRDtpHo/gxIMC0R0hAjbshKJGSSZJJkkmSSQv6khJYeYQMEBYwQQEEEEEBBhJBBkEMeIxhgQwtyW3Y2DJQwww/wCpfSsGJ4T1YiAAMCaNrNm4SBniRtMTCIGhYEeAdyP8G3ZNJn9hAQR9QZRJJJITMhIyM7MyFh6EEBmwQWbBAECwQQQHn1bMwiIiCpHOFhBLMEDBEMJDDD/mQRKSkO6rHmEJDMSBYGpAmPhMAJdAwRpIcgkOSlLSH8j0d08SQZDN0gAj5syCTEckZFmTxk2fEmzHwI3SCCCDwCwQQQPjEc8PArD+iyCD0NgPANiQwxDDD+T+AQ11lIPCxCGshMYIfZEJbLUsTGPpakv6IFQL4ACKiUljEGEeH5EiOJnjjCTSU06ROj4vjIMxUkhJJJITpJsngL4QQQbAQQMBkBBsHj59PQhcB8iI5D4BAQEEAEgyiFhhhi3zI9PAg1wiVWcj9bSCIE7KuDCS6WiAyPABZsKBQQMFywwNY2voIQ8GvAhfEJ4MPmH4HnAWA/i2Z4khArRhcOG0fNnxCQkSpiSZJJZllljBkGMEEGQQZEEQToWC2Z5qsgasCxBkEPhBkQQemyE0iGFiP8CB9ZdjhBGsgIGZGIBnBvjSwubCMCzBrr18SILwkv0CBUAYfQ8g1ghkEfjr4L4KMqvj4gyWlxXUgdHxZZZZZmZNkJPHPQggiCCCAggvgZarZLKZqzvQbIowDMgIggggiCDzPc2xIiPMg9xhQlICCbdJNVuxAQxkTqQYQg4wPi2Jp4j4vDwECoEIALssQAghBJEJ6Pgfh9IM4fjlkgk6lDotiAYJoyyy7LLKykzM+Zj4DBsAQQQJBEAPMWUJAdYGmlkNXkIQEEDAwQEEEEEHoWWQQoUKHDihgQCwkCcnxLhQsBYWjAOLGIjDhgpwZ6z1oyMQM6D9Vi+DYBSYSp+jIwjN6iyFIhiBCPg/gjc8AK6/g+ZJ4mmTFDopHzNPEUZkllkkksw8x2AggghQQEEFisoiFUI3QrA2rCEBiIwxiCIQmoTChQocKIUNmBAsQWQQWQHnAWcKQCxLUasmqbC+MjTZQ4KEmKzIzBMOx+3voojKoGRgRJ6LDCIDCMbqrb+GP4vmSHm5YMhkNwoKwj4YY0SXfH1ksIIIIGBSEwrg6wvQXWaZRgYXRRgA0sbCKOV8GKGQYMAgwSBEJlhBZ6Fh+ZOi21PXVgpImEQSSmxqpDHGNMWJJiYSriwiJKpd/HL4kZMhY3/oxFBkHEkT3UhYYUhI/EdUj8c8SYj5gwNbDIZQaLINEGUcVf3UtPgsH4njb9yKE6i4+wh6Z+KA4tomBL9lKRSxj8jL+BIh4FgQXwgFlhZZ+AQeEfkH4HqQoYS74fAguCQSAKt0voOhBw/UdBkG6SBn3SwANqmkaDSMcJ9IwaR4CVGvBJBlizPBSGMQIR8QTHwPc8z1FIHCRNWWix90yGSyz0Sj8lPi3ZyNPkbTsYeqiw0YcGHA/UD9QX6gEEgEAWH+RHh/qgVLMChYSacyT8SBSXLVlTSCyjVl9BMjpMCBOsJBgMGNCWUEDAtkjFckMh0MhbpZjKmYkOQwhjUI+n+GeZdSJPnR4yBYWBAyxAsMGDBgQIgogICD/I9I/I/wMOpuSoFDiwKGkC4kBYjCpaiTWBMSU0gRiS6umwMBgSMow4IdsA0gQwuEjJT1yDHj78CFUTv61wZSGZKVGUOWMaWgQII2ikGAwn4Yf45ZI9XzH5HFHFKGDACAgI9P9j8iPx3IwqmzomfFAEYwI1ci0hM0h0k1sghpBVIUjDAhZRSctk7kGCeKRQQA4PNIEz45jvFkYRFEV+gRAHdlEBVX9qkKkUVh6I6fFZDnTclCiSKIJvmoQvBNQ4MCEbSPD3CwXwLLPMssgIIIPAgg8Ij/AOE/M/DciFU2UR/wxAD4NV0gTFgMs0gcI1IFBJQcZYO4zqCkgICoQpqYw7DNhLCUqJBRf11AsAiw2NSCNK8IENwS2G4TY2ejCKYWT4d00ZA9PpOF8zLC21C1hYhBEKHBYHoJYQQfgEEHoQQQQR+RH+x+B+WhCPTZm6DcW6xgpaFRsJQhMeQoTjChhEIsoLoVgxxhE6DCIk2aEEQtSA4SAEsfQllVUH/WsIQ4qrA2nUJeS83dyUSKob8xSBCkPmsDuEOs34MmCBpo9+AyjJZJ5h5j7rCwoUQYYQxAMI+BBB6EEFkHh/gOn57n/wAChJGMCUNnev7YpxhYBgGcD4N3GHSTNNj9LQMhRgly5pAbAJg6W51DGMAcIGQHQkQApqHwJX+Fwzgyh9DBSXCI7kKaLmn6ZKAmGQEOkdXYMXMc3rx1mDENkxfxzHzPwyyIYWGHYYWFEA2n4BB4f4n+x+R6Aas5IAkmqfqQOIl8ATa7CmMOkaFIAClgbCgqTQZGYya2JIQabs4GVGBYJr9xgWO7sKTJutoaTr+EhCjD/WII267F1csWZo/vgYpAQBmIa/QkIAHwYAePGRLPzxYMgsPACN3wchSGGEYWFCQjGRHgRB4fgR4P/wAahAqpEId/QG2Af4WJuwhxlcVgxkDFGCTJObD5JqAwPpIINhLiy7jKSQTSB4lgIBcgwEGkGwmcIJAB0xmOL9DckJhFB0hQjCNxnbAIiyggRmQQKJaMFeP6JNdHm2GeZ5nme5AeZ+RCww7DkMINjUOx4H/2AGrBKggUL9G9Sqr/AFdY0WBCyQWeHIJZpKhkvMbDdId4wLACxqSC6ljbpZnWGVjNXYC4EKGSVxgCQoCSUsc0QRhOKHC2YGJBSTUhl8EYRMy5kA4HYErRHBiaDwNTQy6SnRk4Dlj5nufjln5BngQZELDGsQYIP8T/AOJQI11I9HrHB1ZlF68DctSIgcL8bDCBIRYDDZEBZAQjfRIcIB3bUWFTGwG2NkCoWKkhCNgtJGmEAvW0oOyuJhAeLD1MWYNgCuZrko0HEio3FJZWhcYtujhsaD0h2t6YKfF4zgIILgOiBhnUtHU/LPwNV0DzBTQfwDwIIPAg2CCDIj/E/wDg0IRVJ4QBOv8Ap3YpCr1XVuHSREujB18BBqtiBZclOG1ENkCASAyQkRQLJ1giQd1hIADaBm2ngnyEJaIQJIZHI6KTjjo2bcMYYEySkb0sTCQRJrQ5FTNJNJlzTYADpmkI+Z+ee5Z4EBAPmQMEEEGQeH5H/wAOkAqkAgNIxZtsmDAsYBxdgjAwdgBiXYMEBMJAyDJTIBZD4ELahIiETZMc1sUfBxIDx8NYAckauriWxDgkJgYCnZ4EBBMywJEiHFrCJBA/YwsP8WQcF5ACqo5pAUMEV7wC+QDQVDjrEmmo5zqjKZoF4sIQGDfMLLPzzwPQYI1AgCCP8A/3UIRVIxwQVU/4SqYfWNCOIkDk1sRASAMkQgFMm4NwINBgIOSDbs0LVYa2EhMZNlATSQQSCuWHWE3STgEQwBcIA+SgWBMd1tATBwU6TzQIr0ZLgGZgARlKAcGTHzPgsJGCbUANLW4OCCKgftnKEAfp4m7suROaHESbtKGrjPAHw+NlCwAiRj5mWfgFngEEEEQgEEEQfkH+6CB1EwQW+mndZT6xOIZaBJhKCmR9DJISQkGEHWFFCwAA8C2BjaqkDJgJGDCBdLRhQ6Wg7DLMxgQi7QG5ZYCEGxiSEqGEouJAPDsFAGzeGshpSnHmhCqgMiy+mMTWFMw0gnMIpEMwgu4ypB4tTTFJuQ024w6ilii6AxGGmKwFxsY/4OvwCxZF/owpiSujCPuWeZAsJhRQQZB6H5h/ogh9UtfA2uJH/wDWSRD/AJi+r/wYPAk1IboRBjCPCAwScLFMHEYZSZBc1jgBktums3QEisiZKCCHwYMRs0yUslxLY0YFFZCECIEphDCBEoQDCLpG4NoWhRi6kAGoSXCjnz+CZEW3rmCNxQuIkkIuRhRGQBeOyKIN0AqSCIkTh1Ih0ODkzNBQwADrI/6tYwTWBVAyfITujZgB/wDxswQ/5giBP6MeYIbRIRgYFhsUgBB4HgQfgAf6KEl9SB6LeCbAhJp/yCyXRQfvBC6xiiyTMgUEjWJA51IC4MORJHQlCZ4AIjDGA2pxk0VkDBkACeH6zzFuEWTSEcMjIAsEguCyUU4gTGAFmtNgieAAQ2UFHIZLELXcGQfQ0DGHYY4NHSAbo8E1xs4gaRUQiispDJ4/elS6FMByCkYdCB6sNwR46oDsQCXRMSjRQBiQqEjuOQgxGx4YSOayH0mNZ/o5OSpY5ocnQzv8ZwOkxIywsP8ADCP8dCQSX1gOi1iGKgP6sogl/I48D+wt4P2HCB3WEk1S6IC0VSWu4zU12xYCBSSwyuYSpGIVgwxsBYEAOsC2ORb0tfAAbTd3YXQjW6nuLwJmUmGSyS2OuEECFXGSzOsJITS0ERuDrABd67zEglUOKWEeuBnXSE04CA6SHIHn1JFQR2GPGEA4GWHDZoc/oQRAG/pjuxUCCJ/qD9yxwDgf45/L9wNyx5m6cw+pO1Xc6JIINTpwLR1sDWz4dOR5RPBFlgtg+JqQY4UDmDa7kx4DbSg7mrhNYNH9iFj+xD/shf2W1/zF/dJ/p5J/skfiSP7JHdEL9kKPVD/ttQ//AC2O0/8AwY+4n9VYkxH8xEuqXfqrZAmZdgQBkTMIKwQcI6jAWFzGIDCFuEbQYJgQnotoPkh4lmZqwxgSlAkOKxgIZxgH4mWPgBYJAHNjhkQ7BrkiQB2+FC27CSDxIAMC5ozKcSmQCLAdFhRdZXAAXdQYDe1XY6AJKBiUGBj3H6KQl0NfTgv9gXB03R+LAzWSCI6DaGJBnRB0ZIY5k9Z+/rkBIKB3pQYVEVdSdAgYFVhKAAMQkASBEa4JMJXm4pspCVeAtBYEiRCH0VU0Z7MQ/wDGbR/4xWNIxAw1MG7iuaSpg/pIxA0Rs3T/AKsQxsf8rMYM4yVVHEglxa9mKh/6YdCQ3cixX/hdTf8A8pr8t/n/AN6sc/8AWKOH/wBq/wAr5Q/9EZiH/QFsCt+ioRNtRgeBAqhaT+iQooMPIwR6QLALIshMtKEAr/CMcbAgknMIT0hDsagpDLVACAQzlmtWAEIfukCkDdZNSKAW3It3geAxoYsCpgsgwBpcIJGKERasU2FTGWkWStGABhKBFiFBCGwNYgB0AYmkEH4HQdG0OBqYQIZmLMwDGJuJsQAqHD+hGFYjNWGaf8gKawwF3fmJGkAbwBMMIDnNYi0ePRM1lqpX+xzlplUSeAP+GYzhz50MD6rK6D3UF51YzI4UIZ96oghSqcBP/SzDEhB0P9MOyUxRBIW1k8ODJUBjoqTQLXAgwBPpLpj7hnNNJwHGIlREFlYfOjMBHExAYY9EHRGHzFVJBHrgTpMcFlgjwkyjmpYmBAKEEtWYlqNTt2Dtg6ZGjWEIAY+4QGEBGTksekYYE+ECo2jR8kYOEEQIL8CxVSwmieAQqQAl6PoMRANI0QZxJgerAEHdyf2Lh9Qs34bhCAwgLADhBsoEWOSq9YAjB+8zSEHLgpARGAdLRIu6QjjMjQJBUAL8bqBaP0XGADmLu4yWAHHjqAQr+3p3cTJ0X9ANOJKinUfMxyFYS0FOkpgCXmaNjB2LHSRAw3dW1CCL9LOujiPM1GQEcUIV1UwA4qwuA7ghV+himDuyAPUA7o2FdsMEA8cqBqQwN2kaqlLB60F2deWaGtP6Fgyw6yn/AGINIOmNQMWYSho5g2imnMRXiJJEIBhYatHRXFHThDUf0Z16hDsYK3/hiAOp/E+DEhTRYf8AgoLh9RtRDuKOZoszuC9wtxS6gITUiBuMG2A+w/psYBIMJwWB0PGIECBhBVgHGQAWCwDEQkCAEoZBgA62uccZTDVpgWmhBRWP2BI8XIBYDBkEtDCA3mwqYMgcYxNITchIAMbDSCcyELTOvgpbrA8CVlEN1gzRg2UzWMYyGSBtM0Y+iTpAijj3RYFhh6wXXdwIwDiJixMGwngnEtKMfzchQIsrAVgzrWIACOKcWcO5O64YQsncGPG1OLN3W0UAJFzBBHdxVkEvk1HqqeY8gmrCE36f8BbTjbsEZcfEhjrP7m5BNL0MAVSe74wkKDBTY4ATQX7/AGSAnw3CUQlvhNMG+gJiEiAGu9RxzZQ2dBx4kA0BAkCpGBWgReuwIREycVF9ThG6q8bRhycncPMelmbZjIyKGEOcSwYiAgIGEFjMBgQxhGGUogkZGBBHQlVxIgIIarASSIRgEWHBlHBy0HmDBoWrZtum+LDYAcfAy0kAhHwGxGENZEJhkkFWAKLCYAJaUrbAw/CeHCCNbQAGWs+mzpav2c4E3BAXrApX+DJ1XOHMM1mFNkyASlEO7AXGGMFiNqpyCTTRUN1qJB9HbBwIAIN0B1AImRIPXRZIzUKrCCIHpz5wRRiUicdHFiANRiRAgECo3X+ASJMFBAAFzQJLgC9oMaTSAESLENoV0xoVYxF5qsgQOIX3GSFECANdRAhEFxoS6dMEAR0bHUdlQ/YRgWL1JgiqoLhoSOComIQtQuKQMMFM2MkdrNakIRgumx3AtMJP02GCMCBZSARBB4WaYEiMJ3dh5AfQgFSAs00YA0gBAgG2gDjFNQc6ZOGEOQoKNqh1JcBgB0RI3YR8JA4SIERCWgng+DzGHiWw3cjcNRujjJEyULVs/gYZAohJEAMMDBWRc+MZMjvUbzXIoibkpUAAZxjIzVLT4MzZFBOEmq+6vgAbdDMjTMgcDrakBxLRDg7vCywO4UR3RnCOn3CRPsASMgjWUESuDxBNlQoT+FugNwXCQkOwOvf+bFK4L2n/AEt8sOO6aWHazF8Tf4WZEtERkjsYB0cGEgSSavVwgWk7f4AA24qUBiZkpsEGnDTSURcTB/jpIAOIk1OaqIYkTX4TFejhDLKZuwgRN1sogjcikUrJUEdHG+gG+GgZAMAcgNiEF0ZQ4bkjA7iSGOGw8FMjHRG6iGoY2N3SYGEMQt2IaTuAkO5AckOhIAmTsex6OskKSTiE8Qkay0VQO5YIBJkqKbIBJCYQuawq6Q6OTljDpKMW5aiAzAkoKpDUGccBMAhmbvkGKCEgcGFFxQ9p0TSBLUkBQ6NpEJdc64QNDQzecgN5KGndAhQVthXnVhEiQ9wdwhCwRGX9tIIDwMNtwaUtokhmi4rAShg+7iAzhppB1uARoI8/bW23CxVhK3zEoo5C1BVoMBGCL4aDvWCav+lt3KKN86GCCLpiSBhkI6iQNzDgaCllQg9GIRijD64xhB3AOmIwUXOiX0AwlAyIRYRBxEGgk0DG4yjW8AY3BFdkYf3SHPxIZA/EtwzW1bGESJDjSwmP2EIbsaDAt5pAXHJSQQcIIhYBhQkBszpK3TIEC0kOkg9cIU45KcUE2MjvLdJPQwbAYJ2RazgwWAWGThGBMcgyFYVs2CmJOGMhGsaIJJQTiytYAeGQx1Zcc8ATV7CGFkSc2hTrI6sHRwTEnAdEc1YEGGn/AOIMiofg5hEj9c5cMObjYIKOgQ4aQQQT4QAxYRqJNah35ZMA3XUFkArBDrIJGkXTgxcQqqKboZncBJM3BoLuR0n/AFwEAU8E1ICuEQsGIZKAYAYXHcgeZKCTFEc0CEAdXPoTpKAtzTp+iQyURBEmwFAV04CDA9ODgz4kLObi3ZqGroZkB0ZUYvmN2BmcdZAxgQ4aGfWBGxUtgKJ8Ug3NIgDhAjYti6MaY2A0u4zBsYcSFzRjoQ2UZTIGkQYyAL54DYPSUgkEm6SIiQJjzCwH2QsibBy4mhK4ksUbMRIckMG0jrFASRzLNGAcb7rHZQtJGKS0wk6KloxzYQWQDCGCkl6SZQNYdNGyRxgM41sm6+cBjSAZju7aXTjN44KXWCRG/qYenH9I7i2iuHhC5o/DG1HQ+E5cGTACxFuejLuK5oygHQwuyHai4jLKdAo/GUgnjVCPY6nVMVID6rOjdIpjmloUxJEBT/oNdAlAVL5nMkwBBANRRoCwRosgRIwVmJK3D4IHVq66QggdHI0AwEEckAJ0TSzNE6zhrAgdwMYIU6MI4hAiJpk/xlv8Gc6WyHabQtCqchbUBOET6UhcBEqGLAsGMZpkMTE6yE11wvoYjEIK9GExE+MqaEsdWR679YVFZIakAESQKxJgyd0jpWTQwvnUhEdnFjFNYUAWcfCKFG31ELpITBQDoETUqvW0QZF0hOi5DSRZAZJQfrbsoNhQdwkA6QDOwhSFSQEx/piwhPm4zABoBYIOCAqkoC06r0+BJR1UP5iy6rzNPp8WdxA7rpsabzgrgaoQrFDkxgC71yQA1hBCCL86LGgg3pE7/Z2XreGpjYgQdZ/0kYHIaIIs3/lBcgDZGYJDAqvg6iBQH6A4LNFId5xVGCDdGXE4Y2tRUgRxwYFDA6DmgS8SVmSpiZuiYDbyBySQbiwkG6fTNWQGDQWzaO5k4HDeQ0IEYgYN8WEZIbqEdMYG7ETGCWaz4IbbUEhhG0hsv1AMMgJhGIDwLYgWUZQukBugwASCFXjZBIGA/dsFwyzOQURIEdhXQsiYV4s7jibKpCzG0hgxJbgjEbFsIBaHCERRsfusb4J5pprKeATEGAwIjcGT0GIZ+7YJQNHqSAAcMhWlUxoSAw3pFxQFFoZCAmrVmFF5odNxIcEQZloVVzj+iWuKP3eGiDIYKHVhwUKiikhxB1DR4jBQoYCb9cGAVE4yRzcYA3dzhGBSclPH6FuWx/0gwAxx3cNbFRVnopgk41hqQIxukBAE0gFBVFgJbcACkGuDPgcUwHgjIUMXo4iydOi48CxCEcSaSz80OETNz+DjohE8FRscHGAj0W2hwilVgqLjcMQ/SQFUu47b3DCMCJaFIKKwSADaMhOkimBBDGEcSBBnEkJBi4RSBEg5qQWTFAcgaCA4Flo4kBE7ZOjGTcIUdnBrbARmAGQ8WHfAOJo5LmaNsgbBByEuqwA1y1h2B0YbmtoX9WdM8xxbr6tousS6SwBIyxiYSKRgDj0UZQYA7hhaFNxYhzBm3giPWEEB+soIabGBB1HpYQdaa5YoRXsAEXjhndWwDiOACOaraqogB0TS0ucC0SUQaBiiPQcbqwBEOuDtrFNKkKPTr9NwI08Q1hGAQj+ulgE/QxIAQ6gsLBDFKIAQvUK6GAo6QgJqRFUNtgBfXmIwFkQAu6EYpoaITccNoQMswwm+ZN1McYlEeWib3HPpPwBSdBO4ogdFgBLpDAZHCNAHu2iCbavExwkKF+k/WEwUeTIWfTC0XRyUEICKMqwbA+hYoMaIQoLBvDYXUgrAFwSzR02AOilsbRATqW267IYkqY6+A4F8RIRG2apt9MLNHSCdAgC0t65kCutgB5omLDAOaj5paTCh7guEhHCxY2DKMbv0kEdel0jAXq5oM6Ib0dyEWngPCNQggcIe69SEVNRTIqgGoZvUJjcQ5g5xWRGZ1jkmgTudN2SQBZ0MOsnVQqCEaSE46O5kSwTA4YsADRveG4MBEnRmIVQDtqqsBFF3QYshrI1TFJGIh11lAgYAAYBHs5KDTUFmoIQAiFEIzEtz6wEGsVInDGBDLTOFDgy8TWKBCjTuqjCYImgTGB6JMMdcYHUkcMHOmZQHzSBAXHgQhFz4yu2igJsIcWHMm6EjWwAwyFhLKwGjAEBQnVDNsAbBdwbDVeQjoxj0gAJvS3umLCoaJuLYSGwMBkWDECw6JMomX7QIce7t9GQAgpaOZsJf45HMWwFy3HBvrsAS5bsCsl10h1a5mdxt4M4yU2MT/gLd1sHw8SJoeMACKl3GTYOpcWAN/Wce6NotF1MzMJYfo1YEFFdlUqmYHRkFicbCAWM49FYBRRzNOmsfsP0GBKVA5mukAGoJxhBA064YSEI4JASiYPRgIGYuJIYB9HTBWQNBnSCpHqzEENXSDSANeboQ7wugRFkFOmQiRDork0JoKAFOIwVMGACMCHACGMySjHjBVmFDEOR3FYSBIwkhhwAYn0LKNJA58HWY0HaSRgTFxnVe5pAA0fN3JQ0eLrIHQA1NWAh0YMgyPokagRVEgBpACs5QjENfBFAcMlViBVxlJFPjGruMshyRCH+Y2qOHgASbAbjkASioMyEEOhGAdNkoMTXWoQAYmSLjYJiWzowGalwjWETSAsDEZbVzF23XcbVtZhRXIUdGFHS67Fmrr5sBAlo42DEAwvTIcICnRDSCARdNCXqkICmoWoAGZmfwJGaiaAsBH+oaSoKAA2Ak5h73A5hGA9wAvQWBMdtxsAV0BzXWTUIWWsOQEAKKI9G1ZeFMTYhqCAKZwSDcE4iDiQAp1AP4y0FfUjATpAimAEeikyASBTQYcBmKVjBHmOIJdJCgzB+MgidwnAgWkr1mCDC0QHWnxYpYpOwxWwbgyUTWgjEKBOsJEAYdetoJemJQxBxGNAwK6Q4Gc1gAX6IAJAE5wCMCaMGQ21wJ+DCUQyY7sBEAdIGcLY6qbJHIQ7JhPAbTLWNRSCG2/A8WN9CceY4wDNy0EXFPodNtQ/fa0TQtOjaFpmkaYsI8GDXwXEnF0QXSSBWCxnCsFqmpCHEmOZpY4I2eDrB4CRsafhr+1kYURu5gweO36IaMgH9arrhiySAMvCBhqliMQI/HmMIWHxd/YtjQRPinUZYeCugjaqiAHLUKgQ0dWDEhK6spA1CkTMIM1w0lQWM4MxHWqgi5MA691SQQQc65yRUFftdsXFETE2R1AV+BksYBU7JCARME3WAAHXVhYoTgzQFIkBMXBEScAwZKBdNuXHe62tCo434GwACwCarCIIFLsOAEGsBC4pKfJXWNyI4mBCojgN6bDodIBBBXK65AMI4M7uowqKjE0gU/YsjqlkuPBI70hOqECDA9G4LCfAs1iFMJOitpdDM6kFqRj4BCNmwPQycTWoEEzSEja67sLajwsDjIDjs6ijh0YRhehZ3UuMAaEhRzsCMGdJRmJdNkwmW4bDqIaSIYQ2sRhHxC0iAUGk8i4HXWC/CQC/EwiDURhuYsTWM4DR66hbcs4AwDUM0VzdVYVC50vFGABcwDmgDDJXKuojAmUFQcOnBtAHeOhwWQXCJ9dOsEC6gpiqyEVLpoJwkWErH8BYFqip+ywbY+mSwjv0xjtECIb8QJAL/AHo2sUCq6uE4P7QA0CRTX9j0jEQCiGEsLvUO6hIEugEGM49PdbATjnSRAMO4RU+Phr3SSqEYhMzUnZWBfo2WCKiuphjBKoc5gYYyRs3BwL60GhjGdFEv0AvAdMk7gIoOu4WgEN1+mz2Ccf7pjPVSPuuwCsZijBjAwYQhJANWHUE/pCOkILa7i+CJxZfxljshGU/acIO6PLSYMCxxq38BmnN0hdZFnCxSBYujCmMhYmAJG45phIsTRji4QMGHhGuaeIJJ1GyxCQQhDAsVVgegsKHgSG//EADIRAAICAQMDAwMDAwQDAQAAAAECABEDEBIhBDFBIDBREyJhMkBxFEKBBRVQkSNTodH/2gAIAQIBAT8Ar0X7Vj0H1g6GVqTpWguUYDX8Q8zGglUNDpcM2mKKEubtL0Oty5cuHIIpsaGXcXgaEaV679NQiAyrhEvRe8SqhMuH1HS9L0v0tolVLAjNcAiEkgQDQ63rvWeLhZRN4ncXCdWPOnIhMAsQitF/SNKhla36RDpXoJl6KrGEGVzFFmLSwuJuhOp0ayNEu44OmI+JQhEJh5g4l3opG0Qpu7QYWJ5MAoVqfQwMG6ot6VcEGhOpMMqKvMXiECUJWhl+gmWZegNQG+J9KIABoYdfGlmYmniE8y5fskkSydLMJMBl3KlQmKZep0Ila7pc7+gCBjpcJhFzYfEGJzCtcQjTEsuNkUGoCCLHtH0VCsC1KhnN6KbEqV660VSTGQ1BFM2wLK0I0AlxzCQYilmEVQBDKIiGjAOJUr0g6VKlSvQYdApMVAo1PoOqy5umwNFxqDcrUiVANCYzWdEoES4XhCvDjaVkA0xMbo+kH2ahWbYoqbpcv0kTbAs2yoVEBAl3Llyz6LjGVoODPqEwiBiDBlhO4VpjNMIfQSIG9u5fuOSNASDDkm9oras1QMSYRKgEI0U7uK8RxWlwJuF3Bj2c9zoZUIhWAV7la2IcqDuYeoxjzP6pJ/VrP6pYOqT5g6hD5EGRTGG7tNp+JsMMAlmb2+TBkNcw8mKpY8QY9vmEQwwARaHaPzKOiPUDAiWITUv3ywHcx+pRfMbq2PCifUysO8Kt3Jm0SvxAol/icfE+yBTfBm7IOx4gzsvcRcyNKB7GBRcIWUJsgQRPthaEzvGWFagMuboYAJZHYwD7RKJMPAgMv2ywEy9SF7R8zuaHaBL7wIIBAsCgTaJtm2BX3EEfb4MKSiogyfmBgYcfxBmyoaPImPqFbRQNAYT6SLjCtUmwE9oMSjmNZg4HMYioJZnj2XyKsfOXPHabQeTAgn06M2wYyYMc2CbRNsqERiR4lMxqoOn+Wm2jQNxCT3m0fEyY2BsTH1DKQGiZVeE1BoWqAkmHV9ApMCVFEIM7CMblQcTv7OTKFEdmyn8RRUC8QLxAom32KlTaIcQmytCJkxUCYmRsZ4mLKHX8Sq0I50RyeDDDDFEUUJYm6bpZlDQnmKYRfry5Qou+I7nK1+LigyogucD0lgBZgYEWISQOBcXIDY/uHcQuu4BmANXU3g2AeZy251IuqHPEyMyKHJ5A7eNGyqqhjdE1pUZbEyY6MRsmE3XHmYswYCu079odASIhJMIuFLiqFl+kA3Kj0DAwgFj1M/EzZfqvtHYTGlVAKgBJ/EKKVo9oqhQAPEUbRVky4SAOTC7Y7dn3IfgdhB1eDIFIDGzQ4mTLjQgFiKFmoOrxO2ym57GYeqKZSP1D58iNnCuGZrcjhfAg6gfSpyQSTN2fpnL7lK5CP4hyLkVBvDMpsn8T6xAG37xVnxxNoyIN6/4MBUfaO4HbV1mUntMWQ43/AAYrWLm4EUwuFPINibZj+JUMPoc1FZu/iAwmMLlQNXHoLAQmdRlIGxe5mNAIqgcjRRQ0ANnmMpYi7HB7domP6QZbdpmUbDQth2W51DqMS/ZTHut8ATBlp12M23n+DEys2QFnTzfHiZMYzMQhF+T/AGxsL4nrbyKmd3bKjNSso8eISXJYsY+cnGqAGgPPNzCwXMu5vxELdO5rjGW4BmPOrLyCKu7FdomRXHGpEy4QwjqQaqdLl/tPjQEgwEN34m2u2uU0aEUWYvPHmUI5tjAWNATbQGjHREPc6ltGIAJhbfkJiLAOIo503pdXyDUz0hD2R/EbqmGTaEtdm7dG6thi3MbDGv4uYE3ZlLOxUeW4nWI2PtdOaviO/wBwZCR9o/xCObJMTJtK96HMZt6l2bmM4d7uvmULB3HjzCRya5JhCqUINnvM+dsyAbiNvipgyEdJZu1uxXcmYPrcMwWmHgURFAXizqZnw92EVirAjxMbhlB1Rysu4WoRuWMQ0Yp5hM2kmIoWXDGiCXUuE3r1T7UoeZjXtUReJUF+JbAqKv5Mc/TO4KzbjOqOUooUCieT3mRhhCKMRG4fcRHxl1Upxju9pEFtuTG3dux4mR9ocMzWBtAPIgvseDOQOTCT/cbmwVwxiqPAPMAB4BhJuuTHyA/apPfvMOAvjfJ3C8czG+VCUrcD+nzzMYIxrY5A7CUAb1Mz5WHGnRv3X40rQGoxvmFb7TY0TjiMYh0s+km/R1VtkUfAuY4o4hg5nIBn3ZhuAcOvHPERcYc7DyO4mZM2RvtcBQeDUv6wx7cu11/UJ1FjJt5AB44q5kUH6eQ0ATRPkxkVXUVf2/dRlEMV7DvO68rBwO0CG4brtGZqquIqu2QeP5E6RM9Nuxij/wDYMZRwyBVFURFNgGBwXKUbA0JhJM6he2nTGso/Ig7egGoB5HaUIyiE2ZiUk3KlRhXrMym8xmIWYI1+IBzowLEFTx5EbGpscjnn8zHjCmwTRjJjTKxxNRN3fIFwYXVNxA3D+/vcGJwC3cA0a5ETdZ7X4EG5u9CMWv8AV8wKpHNcfmb0YUJtNfJlDb+ozGhONvpMSSPus8CdLkGBGxtuYqLMZsbrubha4nTFihsHg0LFcfiWBrYAnUZATQ0xkh1P5i9vSCQYDYuMbgxMYibRodKhBEU36cprO8wmdxxFuuYG5qudCBFOTZZ5NzKHpdjbeYmMt9Xf5NWZs2sMZIKpzR8zIzsPvFYxdARd4AJAA+YAAQS3FXxzG7nkHtAQDam/wYAQt0Bc5DVYscxMalwiMfzfAm9cXIv6gJBB7ETpUrKym+x/jmYemGN2JO5TVXzVaFVNWAahmV2TmYn+qs6jHtP4OifqH8iJ29QNTbFHEJlwwiDSvQZmFZ2iMAYjWNAKJOlDzBHBZGBH/RiIAptKipYZ/pAtf8EmN9U+AbvkgcT7dpBxbWH6mjoQqkjgniVfF2AIylkQ+TcGMO5BYA7AahxkbAAd5+SKn0gm52P3WeBCMYADXuHxOnybVLu34FxeoyjlsXHHINxHys4O2kI897lG++mcXjM6VvuInUgfTJPgaYxbqPyIvb1ofEuXft9WP/Ih+YKExZBcBvQak9yO4EWiI748XeM24l8O43wfiBszJwgPgjsZlf6uJbU2hriJt2/bub5HaI+9SVxqNtWD4mPG29XsgOKVuCIjdOu8MrFj+e8fMrWqYqJFc+JhTdurISB4h2kEFRynCiDAn0RVtTX3lsL5/gRMjrkpyBY7DwYSALMzMCk6ROS3jxMwtGH4jTplvMsHb2FNiPFNjVrEXffPq6tf/Hu+DcUb1Bm3aBMGTcK86GwOBfo2r9Tg8jxGDHcpFiubjBhhVVUByKozDjbEiqT4NqOYRjZtipSH9XMfHixu+NA3C2DfETIw2pwLAsiZGVCuO1YqL2wqzMBWw81UyMXUkm2U8zApXCDxTXEcYTY5YtREw5xkJVCeG8zplCfUUMWa+bir9MNkYW1c1FcOoIvn5nUPbbAL5mBCmMAzqnKpx5hnQpyzf49lDRrxGAIiKVb8egeplDKRASjFD3EviLmKtMOZSJuhJFULsz9S+REUIzC7DGMFH3ULgzK+UonJUczNkYkY8R/T+sV4i81ksgbexmV1GQIoJP8A+xG+llcsrNa1UCdOyB2QjceL8TEEAaioYmlaOhxkvl5A7UKiIMrsMYBtTMeTIhClLYdh5FxVZGDZq55FTAcbkut2f8TPlPTMCFLBo+Nsjq75GC3YWMaWdN0+JCXA5uGZFBU3CKYidPj2Y1HtKbAPudVi5GQeODFBAuNe8iDKcYsAn8CL1Irk1FyKwA+ZZA/MORrWkJF0fxHRMiU5+z4mHFiBbIoNtM+MFWO/ZfcxEZd7ljtYci7n0AMoZQHI5snmZBlfOobGl1YI+Zn3Y/plEpb/AJ5mZd+0EqFPY15MDBkIzstchSfMXHkw7nYJtHbjkxMSk/VUkDsfP/Uz7cWPGWZtqt3PJmHqceVSMfBHgzI7IQqIWBPjxMYbaC4ANTqHO0hCN0xArjQN3oXo7DYZgxfUzbvAgFD2sR8ep8gXgd/UQCCDMyvhav7T2m0E/kx12iweZu5FzHliZx57xM+/huPipko7Qqbuf8C/MOEcHmxXbiHGpBHO094MewcKPiMgD9uW8gQtaF8IDkEiHMyKzEbm4Heb/qYUSjdkgkxPrEoGWwSKrnt8mZf6jLkFY62mrPb8xOmdQEblSbPggz6S7RjIG38m5h6PHhLEEkn5gx5se4jazM3P8TNmVFPMLl3B578RnCgXGyoOS0bKczbEmHEMagDW5cv1KaYek9oTZJ9eTGuRSDGRsLUR/mZKJ7ATzz2jBlrbzFLfT/V5iZmelplAMx5GHIMw9QWYWR/EDDioCS5taA7H5mfKoQMLYXRPx+TMQbp8JYEFbsiqMcJloEKw8/gzJt2qoRW5AA44EItDuXnwtxAXS3FMfFwYTtUMzGmvgwqpuxGyKgmXqmv4ijJlahZnTdKcQDZK3TrMvNCKrOwAskzpenGNfye8A4laH2V5A1ubhGxhja+g+jLjXItGZsL4zTD+DoLF1FJujLlHcpvsJb7wROmzNs+//qMNyRSUZlVeDMua+6ixB1OW/keYmYHca7ip9bACqEduVmTLjy1bEc88/EXq8aLW4mHPkyH7EJE/p+oyG2IUTF0WNB933n8x8mLEPAmbrWfhIiO7ADljOm6UYxZ5aBYTzL0IMr2MfK6tDFNey6K4IYWJn6Vk5TlfjzCOSJUuXP4gshSrVXeYeoThS1gwILLJRudSmY91NXE6fKw4UzH0mVOyxuhdzZIi/wCn+C0XosA8XPtUccCZOsxqaHMfrmrtUZy/JMwdPkyngUvzMHTJiHAgGp49NQSvRi86mbYF9vN0uPLz2b5Ey9NlxckWPkQVDxAYLlmYeoOMxOtxngif1WH5g6zFcXq8J8xutxjtG69yftEbqcreZyTzMeF8v6VuYOgAIL8xVAFAQCHQ8ewDCNcXcw/scnSYchsrR+RMnQZOdjAj4MfDlT9SGUfRetzGhc8KTMfQ5370omLocS9/u/mKigcCAanQ+yvIh0x9zpz7I9mo2HE3dAY3RYD4I/gw/wCn4vDsJ/ty/wDsM/21f/YYP9Ox+XaDoMA72f8AMTpsC9sYgUDx+xMXtri8/tqlSpUoe4da9nH2P/G36UH2j016x+5Oty/Z7ACd/wDhq9pBbD3h+5r28Q7n/kgKFeksB3gIPb2gf+BxLzfpdwouEljZgfaRX/FAEmoBQA1vTIbY6DH8+7cvS/Rfu3Lly5cuXrjSuTLMJMEaGN3MRgpsxEGQ7j28fsLly5cuXNwl6DS5ulmXL9rGlmz29HaGNAoMXEl8iAVpthU+1UqVKlSpUqbYBK/YohYwUBQ9BGlQCAaCdtCsr0V7VSpX7JELGABRQ9B0qVpcMWMTcU6EeqpUr9yiEmAAD2RpcWZO8EB0r26/aKnmD3VEyeDoDBD+9C3FUQSvbuFoJlH2waKef3lQLANB6T6rl6CMLBGgggOm8ft6MC6j3CZeo9AggMyjkGBiIMhm8Sx+woyoBBrXqr1E6n0FFPiHH8Sq0WZe0E5lwQH2alSvYrQe3epOlwaXoa8wqIBGBJ5gAUcQtbUBL8+JcEGjLTA/M2n5lOPMBMsyz6q0rQe5frKG+8Gly4DL1JoRjySTxLJF/wB0AN8H+TCOING7DVlFceuvVUqV6bly/VuEud5UGh/UZcvW4e3Mu+SOPEr/ALPcxeSAOBoNGPI17yvTUHsXLhM3eux8wyyYFlajQ9z6m7TyD4E57fPeY+WFdhouj+Jep55laCV6792ptMr0qYDHFMfUZ/d+BoO4rxLinQwcaqZUr9oPZEEyfq9ZAMNiDvUHiCXoRcvmtVNjWv3VQQR+/sMLlRGvioIDAdH4MGg4P74CARhK9Zhgg7CCKYDHg1HYe+AAKA95dDofU3iHvD5i/pGgg7Q6fGi9v3v/xAAwEQACAgEDAwMDAgYDAQAAAAABAgARAxASISAxQQQwURMiYTJAFEJQcYGRI1Khsf/aAAgBAwEBPwAnor9qRoJeoHsM086CVKglwmVNuldNSpWlQ6CVDpfs1K6Lg6jGgAldFy9BpXRXSIRUMowCE3DQlwdFaGAaVK0r2m7nUeydL9gsBARLEMNtAsqV1t2gOjeJcGgNQwaGb6hyCuBCbl6DoBnFw9B0AldJhguWfYHTVTdG5Ogg1rVxK5ijiV7tDpvQiVqNB7ZGlQLpcORRAb1c8QDmBeIQR79y5elLWhly/ZJEVuYTZhm6FpegOhhAMUVoxoXCxMEuxDCZcvprS9Ll9A1JqFtR0XqZUqpuqFiRL6LhOoBrRu1yhAs5WbhAVOjgVqJUMr2Lly4ZUqV1XN03S4DCLlaVK0GoEs1WuwQSpUArR+0Had9RK9yofbGneBZsEI1A0Gt8aHiKA0IrQtULbuOw0EuAwHS/fCsewgxMfE+g0+g0+i0+g0+k48TaYDULS4Ixs6bRNg0LAT6lwGDQwgmLxCb0ZbhBEAMAlSveomLhdvEHpwO5n08Y8SwOwm4y/wAzdpzOYT+JSHuIcQPYw42WXDBu0Jm6NzAsAl1AdQJWtCE8meIDZh6T11EwkxMaqLPeFqhcwmXCSZum4zdLTatHnzA0uzCkIIgeHGjixHxMuhlQiV0ATz0GXCzGLSwm4vuBSYmIAc95ZHabjN83QsIWm4yzLl6KAfMBAhzfAm6x2qMPibjEdWFGPgBFrGUr39ka3DOBO5gFe4iEmIqoPzCbhMJhaX7QJm8zdoDEfkCMiuORHxlGneCbrAGjCC4NWlSpUHEsnUwdaIWNRVCD8wnRjU5PSAWNAWYQQaMFXyajYyK/6nsYMb7SQpIvvApFEjiEhSqMOO545mNVdtoHBPfzDBiZmKijQvVTRiZLEYJlFR8ZU894DoO350MBqBoTetw6XxLi3CKhPPUBMWPYtnuY7XDCQBA5Vgw7wsWJJjGzdAaAEngQIuSkVNrD5PefwudN10tD5mPFkdSQoNmuZ/C5EXda8dxMvpw+MHsf/IuEldqrSA8nyYfT/wDKGQWAJtw+oUJtIKA/3i4yjOdhVWFKJ9EG932G6HmWcbnY3+RKY/cfJ7w1fGimYgJkx71/MIoyj4gbweDLjaDU6LCBCKlRTUJuUDz0Vpgx/wAx7CO1wsdCb0JFDiK+0GqPI7xsn1CrfYkws25boKb+6pgRvqH7rA7NXJmbFuU71Ut/6I+JQlKjfjmK5xKC114HmLkXIt7uDMKIEYC2UnzAAoAAAi4gMhYkWfI4mVbxkKPzHC51W/1hZkwMG4IJ4qjfePjZCAejHkKkRWBFzPj/AJhoeZyvbkS7hlmJdXCYZZg7aWCdBoWHjWtFFmAbEAjGGE8abGoGuCLmC3+ygYvplKWWpi1VF9KpyAKKKi/7kTM23EQEAb4E9K65O9WoEVeNrDzBQ7CMl3+YiBWCheIqlVrv8TnkEQCwBBbBhVCYsK43Jq783M2MN6nwAa5uZ/o8hSbU+eRGJPx0YcngxlBUiOpU1qy3KgHMA4hjdoBLqGzoBBCeJV6Aa+nW3s+I7RjLlgd+RAFIY3XwIg+oNpYDaDU9MMYdiSbA48TGpylmOUGj9oMR9hIei9VYM4+1nHYd+8VQSpVV+SRwZY7+Jwe0AgavEs+YTAL5ip/MQO0y5gjonIJ54mRcbgNZUj9XjiOQ2RqPB8mEmgNRMOMHmCepTkN8y+hZdTcIYohGlDpA6PTikJjxtLqCiRPtwnaSpRueOY7ZCg3jg9jML4cam1O5h2uUcRybsZKt2MwUcYPf58xGreg5IFgeBFdip5rngkTjg9zPPBncy6gq5QhZVT5/sZ6p8P20/I/8hyB0KuSxuwYwINGFCEDWKJrUUDMDaZxeMxum5ZEBMAqOeJcEGt9AmMViWZDxoteYdFIAIYc1wYuRhXYmuPxMmQsKZRYiO7Y1GUcD44JqfWUvtB4P8vaoMikgeSLAjVx8eZwvaAD4lkHibSOTAYe/aOyh1+oKAPAAsz1OM5mV12jcaECujbF5N8z1AUOKrkWaNyiejAhA0flG/tG61ELgRms6DS4CDDx04+cKzIJ2PMMI4u+NAT/uME30OBUwlNzb1LcRnA+ns8LdCb9y7wCGbi5jVVP2m38kwlTLJ7L58xeQPE5rkVN1tUsFQajZGClmHHiptbLwa2EWD5uepb/jDcd/88TL6kuiADaRd1oGYXRq9EUNHXY0wPuGj/pMbruHQCAQHmHS+gTFziWMLjCjp4rTnRCFdSD/AL8R3JYU9xnoov1KUjxyAIv0hXJFV2J5n3WCMm4HsIrbiQD2HMsDxRJgYB2Bm8qoIUn7yIHvcbGwCby21QPtocmAuSSoG38z1CbmCIv5NRsGM9svPwRUdcYQjdbg+OxnFdtMRphM68AzATvA0yGlP9o3WwneDj2hPTn7GENkCOmp1APAPYmHgxEyZIo2gJm2iuR8wriV+XI8g9xMafTyNTCmF8xrLfdtX4PeOgUi3bnz8x8iFStA7eSscZzsKstD/wAiYmWmbJYHPEyvt22lEzng2eH5Yz6zfVN0pIrtKU1wR8mPjRsdoDwf1HzACSAJiUhgDPUNwBMRpxBPUGsZh9gijEhFHUUYdvjq9O1OB8wna1S7mRKN6cE8mujc2yiDtMXaNrA0R2ilTlZmYlAbsTM65WZgPP6jxAciruZrcfp4MR8romRyveiIyKbfk0eAZjUtuyUQG8wMFU9m+biAKwAFAzMwOTi7Wo6HKKPCgWJlw/Tp3A7eJ6hi4xtt2qRxGbeVxqaUHi46FGINcTClAMZlYM5Inp1DNBPVt2X2WEUkQkMPzLl6GDpBogzhgG+ZXMOOxMmMgyoAD3M/Sfmozb1U1RUQFj9tmocJTFuY0CeJixqBvyfzfpN+Y3Fpx+ruJiVzjLk8V/8AIV+pjQBlHN3C+dXKKwO0TIzkrwxUC2AiOuQBcXF97MdiiKXsczIiMCwYBT3hKupGLxwbmb6ihUauP83MOMZ1osFIiZFRSi41J5BaDlhM+fI9KTwBohIYS+AZmfc5PtEEe5gf+QwkExa2iHGH4sCHCb4F3ChU38SgSIMa01sAasfmI7o9qPumbJkIVGPCzBkIZRt312EdlIRAv3KeDVT65OIqxZQeKA4iHGmElXYiyJgpy4dvuqYm2XQYsO4vxCu1gcIPy0LplKorNZ7/AAI+QgfSYAnuPHb5mHdkyZKVSzL2HAmb0+TEw+pyD5ERVcFnbaQP9x9tkKTUwINwLA1MhBdiva+NEB3CZcmzHXkwn2n+dB0KpPPUODMRXIt+R3lkD8RTZmzg1GSPivt2jYtvI5iGtxZq4/ya8QZjz2r8wZGDA8bh2hfeeW/MViU78DwT8yqfblJRSLgxK7KAaXk9ps2ZXaxVCwBH+kN5VqIBvx3mI4MSG8l2PHeP6hCS68MBQ82J9VtxyWd3biZfVPlCggAD4hyYcm0HcoVf78zHiLEQIFU/2gUkmoMbE9oEGNdzTLkLm+ipXUe2gh1AoV1o5QgiK65FsRLHnQbT3hVd/C+I2EL93BJHaOgNAiZMKgGgbld7hACimsnv+JgxMzlTQPevmZdufKEIINVdxC2OzZBiE2WLMvF3zyYCQw2tx5ao5Cv9hsDzXeHMNxKqoBFcibiKowIWMx4BDsxrzQmfOMh2p2npsfFmMVUEzPmLt+ITL0HsmDUAwEgamDoR2RrExZUfkf6gMNGrhAqVOKIrzNq7TczYhu+2Kdrw04UluRMeOuxNGHCn9j4jYyNvPY3Pp5jbA9+8xo+O6UdqHEb0zsb2gT6SJwzUYM2FBwLMf1WRjx9o/EVMmQ+TMXpQvLd47qgs8CZ85c0O0JlStAR7Ld9RBD7KsVIINGYfUBuG4MB46eBdi/iZML/qAqFjQDXMLYgP1C42bGP5hH9TjaraD1aqKAMPrPhYfV5j5qWzHnkmJ6Z2oxfRgn5gQJwBMudMY5Nn4mbO2Q8+zel9D+NRNxELe3jzvj47iY/UY380fgy4NKlTLhDio3pXE/h8k/hskPpsgg9K5q4vpFHcxcGMeJwI+VcfdqmX1jHhBUZieivYIuDVoNLh95M+VPNj4MT1icbhUXLjbswlj2GdVHJAj+rxL2sx/V5G7cQsT3MvUaD2AeYdW8an9kuR17MRF9VmHkGD1mS+VE/jW/6Cfxzf9BD61/8AqIfV5j8CNnynu5l/sVjatBqf2V6XLlwn2x0X0X0N40v+iD3D36b/AKAJele32EP9PJoQacf09z2Go/Z3+876VAdKJnI4P709Ney5oVBrUVbgFCFdw/eX73aE3K0qdog403X+yr2CemtKlGUZUqVK1YyhANBoO0YEiM2wUO/n9nUqVK0J0qbZtlCV7bNWo0EEJMLsPMJ0uAj27ly5fSdK/YM1dAgOlwmE699AdL1v98TDz0gQnXzoYO0I0B/oJaE+1WhidtCL9y/2pMr2L6TEPjU/vrh92pthmM/dCNCP3ljoPWOgCVoYDRB0qtCNNhr2a969KGh6a1A6AOg6CHQiETEb4m1T4hxifTM2/sL6idD0X1AaiGodNxED/Mu9DMX6pVSp9Mg32Pf+wmQWobbGEr3KMqV1GV7VTt0VD0CXLgau0JJPM9N6cYsSZMrABuQoG5iI3p8WRtrIFY9lHJ/zD6JCzFG3Czu8iZVVWIBh0U8TcPicGUJQlCV+1A1vS5UuHStKlSpURS7qo7kgTHj+jjxog3ZyK3HkJKCb1BIwgW7nu5+PzMuXGMd50paOzCPgdiRodF86qefdvS+mpXXUqdhLh0HYdNTErtkQJ+oniLSA4lf/AJGpneuQIrqBbL/x4zSLX6j54qZn+hjyPlt8zqeO4QHQ6L2OvY3L92pUqBZtHsCUITLnM8Q6Dt1Yd31ce39W4VCoVGxqxLtyWm9d5ykWMY2oPyPM9YzY/SvuNvk/V5ofF6HRYRWoNcS9bl/tb6TovYdQJBBHBEx84Qb3O45IibuN38v+iZnGzFkLGy4lQiVBwZ31I0v9nx7Zi9pfVhzvhJ21EKZQrITt7/5jgbCdps8RlKsQe4hhHnQGjof6CYvb2MGf6dE9gYmRW8WTPW+n2nerFr76VCNF5EP7KvZrquAy+tG2KWoE3xPTsUUAC2Jow82t8VyZlTY5W7rQiVFh9sHq5hJPc37x1Gg6cRoH8TA52FvJMCgqonrgB6l6FdtTB7vj3PPsf//Z', '2025-11-28 22:41:15', 1);

-- --------------------------------------------------------

--
-- Table structure for table `item_customization_groups`
--

CREATE TABLE `item_customization_groups` (
  `id` int(11) NOT NULL,
  `item_id` int(11) NOT NULL,
  `group_id` int(11) NOT NULL
) ENGINE=InnoDB DEFAULT CHARSET=utf8mb4 COLLATE=utf8mb4_general_ci;

--
-- Dumping data for table `item_customization_groups`
--

INSERT INTO `item_customization_groups` (`id`, `item_id`, `group_id`) VALUES
(9, 2, 1),
(8, 2, 2),
(10, 2, 3),
(11, 2, 4),
(12, 2, 5),
(13, 2, 6),
(14, 2, 7),
(16, 3, 1),
(15, 3, 2),
(17, 3, 3),
(19, 3, 4),
(18, 3, 5),
(20, 3, 6),
(21, 3, 7);

-- --------------------------------------------------------

--
-- Table structure for table `library_seats`
--

CREATE TABLE `library_seats` (
  `seat_id` int(11) NOT NULL,
  `table_number` int(11) NOT NULL,
  `seat_number` int(11) NOT NULL,
  `status` enum('available','occupied','maintenance') DEFAULT 'available'
) ENGINE=InnoDB DEFAULT CHARSET=utf8mb4 COLLATE=utf8mb4_general_ci;

-- --------------------------------------------------------

--
-- Table structure for table `library_sessions`
--

CREATE TABLE `library_sessions` (
  `session_id` int(11) NOT NULL,
  `seat_id` int(11) NOT NULL,
  `customer_name` varchar(100) DEFAULT NULL,
  `start_time` datetime DEFAULT current_timestamp(),
  `end_time` datetime DEFAULT NULL,
  `paid_minutes` int(11) DEFAULT 0,
  `total_minutes` int(11) DEFAULT 0,
  `amount_paid` decimal(10,2) DEFAULT 0.00,
  `cash_tendered` decimal(10,2) DEFAULT 0.00,
  `change_due` decimal(10,2) DEFAULT 0.00,
  `amount_due` decimal(10,2) DEFAULT 0.00,
  `status` enum('active','completed') DEFAULT 'active'
) ENGINE=InnoDB DEFAULT CHARSET=utf8mb4 COLLATE=utf8mb4_general_ci;

-- --------------------------------------------------------

--
-- Table structure for table `orders`
--

CREATE TABLE `orders` (
  `order_id` int(11) NOT NULL,
  `beeper_number` int(11) NOT NULL,
  `total_amount` decimal(10,2) NOT NULL,
  `discount_id` int(11) DEFAULT NULL,
  `final_amount` decimal(10,2) NOT NULL,
  `payment_type` enum('cash','online') DEFAULT 'cash',
  `cash_tendered` decimal(10,2) DEFAULT 0.00,
  `change_due` decimal(10,2) DEFAULT 0.00,
  `status` enum('pending','preparing','ready','completed','cancelled') DEFAULT 'pending',
  `payment_status` enum('unpaid','paid') DEFAULT 'unpaid',
  `created_at` datetime DEFAULT current_timestamp()
) ENGINE=InnoDB DEFAULT CHARSET=utf8mb4 COLLATE=utf8mb4_general_ci;

-- --------------------------------------------------------

--
-- Table structure for table `order_items`
--

CREATE TABLE `order_items` (
  `order_item_id` int(11) NOT NULL,
  `order_id` int(11) NOT NULL,
  `item_id` int(11) NOT NULL,
  `quantity` int(11) NOT NULL,
  `price` decimal(10,2) NOT NULL
) ENGINE=InnoDB DEFAULT CHARSET=utf8mb4 COLLATE=utf8mb4_general_ci;

-- --------------------------------------------------------

--
-- Table structure for table `order_item_addons`
--

CREATE TABLE `order_item_addons` (
  `id` int(11) NOT NULL,
  `order_item_id` int(11) NOT NULL,
  `addon_id` int(11) NOT NULL,
  `price` decimal(10,2) NOT NULL
) ENGINE=InnoDB DEFAULT CHARSET=utf8mb4 COLLATE=utf8mb4_general_ci;

-- --------------------------------------------------------

--
-- Table structure for table `order_item_customizations`
--

CREATE TABLE `order_item_customizations` (
  `id` int(11) NOT NULL,
  `order_item_id` int(11) NOT NULL,
  `option_id` int(11) NOT NULL,
  `quantity` int(11) DEFAULT 1,
  `unit_price` decimal(10,2) NOT NULL,
  `total_price` decimal(10,2) NOT NULL
) ENGINE=InnoDB DEFAULT CHARSET=utf8mb4 COLLATE=utf8mb4_general_ci;

-- --------------------------------------------------------

--
-- Table structure for table `quick_cash_amounts`
--

CREATE TABLE `quick_cash_amounts` (
  `id` int(11) NOT NULL,
  `amount` decimal(10,2) NOT NULL,
  `label` varchar(20) NOT NULL,
  `display_order` int(11) DEFAULT 0,
  `status` enum('active','inactive') DEFAULT 'active'
) ENGINE=InnoDB DEFAULT CHARSET=utf8mb4 COLLATE=utf8mb4_general_ci;

--
-- Dumping data for table `quick_cash_amounts`
--

INSERT INTO `quick_cash_amounts` (`id`, `amount`, `label`, `display_order`, `status`) VALUES
(1, 20.00, '₱20', 1, 'active'),
(2, 50.00, '₱50', 2, 'active'),
(3, 100.00, '₱100', 3, 'active'),
(4, 200.00, '₱200', 4, 'active'),
(5, 500.00, '₱500', 5, 'active'),
(6, 1000.00, '₱1000', 6, 'active');

-- --------------------------------------------------------

--
-- Table structure for table `roles`
--

CREATE TABLE `roles` (
  `role_id` int(11) NOT NULL,
  `role_name` varchar(50) NOT NULL
) ENGINE=InnoDB DEFAULT CHARSET=utf8mb4 COLLATE=utf8mb4_general_ci;

--
-- Dumping data for table `roles`
--

INSERT INTO `roles` (`role_id`, `role_name`) VALUES
(1, 'Admin'),
(2, 'Cashier');

-- --------------------------------------------------------

--
-- Table structure for table `system_settings`
--

CREATE TABLE `system_settings` (
  `setting_key` varchar(50) NOT NULL,
  `setting_value` text DEFAULT NULL
) ENGINE=InnoDB DEFAULT CHARSET=utf8mb4 COLLATE=utf8mb4_general_ci;

--
-- Dumping data for table `system_settings`
--

INSERT INTO `system_settings` (`setting_key`, `setting_value`) VALUES
('printer_type', 'USB'),
('receipt_footer', 'Thank you for studying with us!'),
('shop_name', 'The Library: Coffee + Study');

-- --------------------------------------------------------

--
-- Table structure for table `transactions`
--

CREATE TABLE `transactions` (
  `transaction_id` int(11) NOT NULL,
  `beeper_number` int(11) NOT NULL,
  `order_type` enum('dine-in','takeout') DEFAULT 'dine-in',
  `subtotal` decimal(10,2) NOT NULL,
  `discount_id` int(11) DEFAULT NULL,
  `discount_amount` decimal(10,2) DEFAULT 0.00,
  `total_amount` decimal(10,2) NOT NULL,
  `cash_tendered` decimal(10,2) DEFAULT NULL,
  `change_due` decimal(10,2) DEFAULT NULL,
  `status` enum('pending','paid','preparing','ready','completed','voided') DEFAULT 'pending',
  `paid_at` datetime DEFAULT NULL,
  `processed_by` int(11) DEFAULT NULL,
  `voided_by` int(11) DEFAULT NULL,
  `void_reason` text DEFAULT NULL,
  `voided_at` datetime DEFAULT NULL,
  `created_at` datetime DEFAULT current_timestamp(),
  `completed_at` datetime DEFAULT NULL
) ENGINE=InnoDB DEFAULT CHARSET=utf8mb4 COLLATE=utf8mb4_general_ci;

-- --------------------------------------------------------

--
-- Table structure for table `transaction_items`
--

CREATE TABLE `transaction_items` (
  `transaction_item_id` int(11) NOT NULL,
  `transaction_id` int(11) NOT NULL,
  `item_id` int(11) NOT NULL,
  `item_name` varchar(100) NOT NULL,
  `quantity` int(11) NOT NULL DEFAULT 1,
  `unit_price` decimal(10,2) NOT NULL,
  `total_price` decimal(10,2) NOT NULL,
  `notes` text DEFAULT NULL,
  `created_at` datetime DEFAULT current_timestamp()
) ENGINE=InnoDB DEFAULT CHARSET=utf8mb4 COLLATE=utf8mb4_general_ci;

-- --------------------------------------------------------

--
-- Table structure for table `transaction_item_customizations`
--

CREATE TABLE `transaction_item_customizations` (
  `id` int(11) NOT NULL,
  `transaction_item_id` int(11) NOT NULL,
  `option_id` int(11) NOT NULL,
  `option_name` varchar(50) NOT NULL,
  `group_name` varchar(50) NOT NULL,
  `quantity` int(11) DEFAULT 1,
  `unit_price` decimal(10,2) NOT NULL,
  `total_price` decimal(10,2) NOT NULL
) ENGINE=InnoDB DEFAULT CHARSET=utf8mb4 COLLATE=utf8mb4_general_ci;

-- --------------------------------------------------------

--
-- Table structure for table `users`
--

CREATE TABLE `users` (
  `user_id` int(11) NOT NULL,
  `role_id` int(11) NOT NULL,
  `full_name` varchar(100) NOT NULL,
  `username` varchar(50) NOT NULL,
  `password_hash` varchar(255) NOT NULL,
  `status` enum('active','inactive') DEFAULT 'active',
  `created_at` datetime DEFAULT current_timestamp()
) ENGINE=InnoDB DEFAULT CHARSET=utf8mb4 COLLATE=utf8mb4_general_ci;

--
-- Dumping data for table `users`
--

INSERT INTO `users` (`user_id`, `role_id`, `full_name`, `username`, `password_hash`, `status`, `created_at`) VALUES
(4, 1, 'Admin User', 'admin', '$2b$10$gOBPPrYV0d0sLF7jdSJ15ucqOWLIylI2v.5c.l0nrGhwqIjzi9HNy', 'active', '2025-11-28 22:02:55'),
(5, 2, 'John', 'cashier', '$2b$10$gOBPPrYV0d0sLF7jdSJ15ucqOWLIylI2v.5c.l0nrGhwqIjzi9HNy', 'active', '2025-11-28 22:02:55');

-- --------------------------------------------------------

--
-- Table structure for table `void_log`
--

CREATE TABLE `void_log` (
  `void_id` int(11) NOT NULL,
  `transaction_id` int(11) NOT NULL,
  `beeper_number` int(11) NOT NULL,
  `voided_by` int(11) NOT NULL,
  `void_reason` text NOT NULL,
  `original_amount` decimal(10,2) NOT NULL,
  `voided_at` datetime DEFAULT current_timestamp()
) ENGINE=InnoDB DEFAULT CHARSET=utf8mb4 COLLATE=utf8mb4_general_ci;

--
-- Indexes for dumped tables
--

--
-- Indexes for table `addons`
--
ALTER TABLE `addons`
  ADD PRIMARY KEY (`addon_id`);

--
-- Indexes for table `beepers`
--
ALTER TABLE `beepers`
  ADD PRIMARY KEY (`beeper_number`),
  ADD KEY `transaction_id` (`transaction_id`);

--
-- Indexes for table `categories`
--
ALTER TABLE `categories`
  ADD PRIMARY KEY (`category_id`);

--
-- Indexes for table `customization_groups`
--
ALTER TABLE `customization_groups`
  ADD PRIMARY KEY (`group_id`);

--
-- Indexes for table `customization_options`
--
ALTER TABLE `customization_options`
  ADD PRIMARY KEY (`option_id`),
  ADD KEY `group_id` (`group_id`);

--
-- Indexes for table `discounts`
--
ALTER TABLE `discounts`
  ADD PRIMARY KEY (`discount_id`);

--
-- Indexes for table `items`
--
ALTER TABLE `items`
  ADD PRIMARY KEY (`item_id`),
  ADD KEY `category_id` (`category_id`);

--
-- Indexes for table `item_customization_groups`
--
ALTER TABLE `item_customization_groups`
  ADD PRIMARY KEY (`id`),
  ADD UNIQUE KEY `unique_item_group` (`item_id`,`group_id`),
  ADD KEY `group_id` (`group_id`);

--
-- Indexes for table `library_seats`
--
ALTER TABLE `library_seats`
  ADD PRIMARY KEY (`seat_id`);

--
-- Indexes for table `library_sessions`
--
ALTER TABLE `library_sessions`
  ADD PRIMARY KEY (`session_id`),
  ADD KEY `seat_id` (`seat_id`);

--
-- Indexes for table `orders`
--
ALTER TABLE `orders`
  ADD PRIMARY KEY (`order_id`),
  ADD KEY `discount_id` (`discount_id`);

--
-- Indexes for table `order_items`
--
ALTER TABLE `order_items`
  ADD PRIMARY KEY (`order_item_id`),
  ADD KEY `order_id` (`order_id`),
  ADD KEY `item_id` (`item_id`);

--
-- Indexes for table `order_item_addons`
--
ALTER TABLE `order_item_addons`
  ADD PRIMARY KEY (`id`),
  ADD KEY `order_item_id` (`order_item_id`),
  ADD KEY `addon_id` (`addon_id`);

--
-- Indexes for table `order_item_customizations`
--
ALTER TABLE `order_item_customizations`
  ADD PRIMARY KEY (`id`),
  ADD KEY `order_item_id` (`order_item_id`),
  ADD KEY `option_id` (`option_id`);

--
-- Indexes for table `quick_cash_amounts`
--
ALTER TABLE `quick_cash_amounts`
  ADD PRIMARY KEY (`id`);

--
-- Indexes for table `roles`
--
ALTER TABLE `roles`
  ADD PRIMARY KEY (`role_id`);

--
-- Indexes for table `system_settings`
--
ALTER TABLE `system_settings`
  ADD PRIMARY KEY (`setting_key`);

--
-- Indexes for table `transactions`
--
ALTER TABLE `transactions`
  ADD PRIMARY KEY (`transaction_id`),
  ADD KEY `discount_id` (`discount_id`),
  ADD KEY `processed_by` (`processed_by`),
  ADD KEY `voided_by` (`voided_by`);

--
-- Indexes for table `transaction_items`
--
ALTER TABLE `transaction_items`
  ADD PRIMARY KEY (`transaction_item_id`),
  ADD KEY `transaction_id` (`transaction_id`),
  ADD KEY `item_id` (`item_id`);

--
-- Indexes for table `transaction_item_customizations`
--
ALTER TABLE `transaction_item_customizations`
  ADD PRIMARY KEY (`id`),
  ADD KEY `transaction_item_id` (`transaction_item_id`),
  ADD KEY `option_id` (`option_id`);

--
-- Indexes for table `users`
--
ALTER TABLE `users`
  ADD PRIMARY KEY (`user_id`),
  ADD UNIQUE KEY `username` (`username`),
  ADD KEY `role_id` (`role_id`);

--
-- Indexes for table `void_log`
--
ALTER TABLE `void_log`
  ADD PRIMARY KEY (`void_id`),
  ADD KEY `transaction_id` (`transaction_id`),
  ADD KEY `voided_by` (`voided_by`);

--
-- AUTO_INCREMENT for dumped tables
--

--
-- AUTO_INCREMENT for table `addons`
--
ALTER TABLE `addons`
  MODIFY `addon_id` int(11) NOT NULL AUTO_INCREMENT;

--
-- AUTO_INCREMENT for table `categories`
--
ALTER TABLE `categories`
  MODIFY `category_id` int(11) NOT NULL AUTO_INCREMENT, AUTO_INCREMENT=3;

--
-- AUTO_INCREMENT for table `customization_groups`
--
ALTER TABLE `customization_groups`
  MODIFY `group_id` int(11) NOT NULL AUTO_INCREMENT, AUTO_INCREMENT=8;

--
-- AUTO_INCREMENT for table `customization_options`
--
ALTER TABLE `customization_options`
  MODIFY `option_id` int(11) NOT NULL AUTO_INCREMENT, AUTO_INCREMENT=21;

--
-- AUTO_INCREMENT for table `discounts`
--
ALTER TABLE `discounts`
  MODIFY `discount_id` int(11) NOT NULL AUTO_INCREMENT, AUTO_INCREMENT=3;

--
-- AUTO_INCREMENT for table `items`
--
ALTER TABLE `items`
  MODIFY `item_id` int(11) NOT NULL AUTO_INCREMENT, AUTO_INCREMENT=4;

--
-- AUTO_INCREMENT for table `item_customization_groups`
--
ALTER TABLE `item_customization_groups`
  MODIFY `id` int(11) NOT NULL AUTO_INCREMENT, AUTO_INCREMENT=22;

--
-- AUTO_INCREMENT for table `library_seats`
--
ALTER TABLE `library_seats`
  MODIFY `seat_id` int(11) NOT NULL AUTO_INCREMENT;

--
-- AUTO_INCREMENT for table `library_sessions`
--
ALTER TABLE `library_sessions`
  MODIFY `session_id` int(11) NOT NULL AUTO_INCREMENT;

--
-- AUTO_INCREMENT for table `orders`
--
ALTER TABLE `orders`
  MODIFY `order_id` int(11) NOT NULL AUTO_INCREMENT;

--
-- AUTO_INCREMENT for table `order_items`
--
ALTER TABLE `order_items`
  MODIFY `order_item_id` int(11) NOT NULL AUTO_INCREMENT;

--
-- AUTO_INCREMENT for table `order_item_addons`
--
ALTER TABLE `order_item_addons`
  MODIFY `id` int(11) NOT NULL AUTO_INCREMENT;

--
-- AUTO_INCREMENT for table `order_item_customizations`
--
ALTER TABLE `order_item_customizations`
  MODIFY `id` int(11) NOT NULL AUTO_INCREMENT;

--
-- AUTO_INCREMENT for table `quick_cash_amounts`
--
ALTER TABLE `quick_cash_amounts`
  MODIFY `id` int(11) NOT NULL AUTO_INCREMENT, AUTO_INCREMENT=7;

--
-- AUTO_INCREMENT for table `roles`
--
ALTER TABLE `roles`
  MODIFY `role_id` int(11) NOT NULL AUTO_INCREMENT, AUTO_INCREMENT=4;

--
-- AUTO_INCREMENT for table `transactions`
--
ALTER TABLE `transactions`
  MODIFY `transaction_id` int(11) NOT NULL AUTO_INCREMENT;

--
-- AUTO_INCREMENT for table `transaction_items`
--
ALTER TABLE `transaction_items`
  MODIFY `transaction_item_id` int(11) NOT NULL AUTO_INCREMENT;

--
-- AUTO_INCREMENT for table `transaction_item_customizations`
--
ALTER TABLE `transaction_item_customizations`
  MODIFY `id` int(11) NOT NULL AUTO_INCREMENT;

--
-- AUTO_INCREMENT for table `users`
--
ALTER TABLE `users`
  MODIFY `user_id` int(11) NOT NULL AUTO_INCREMENT, AUTO_INCREMENT=7;

--
-- AUTO_INCREMENT for table `void_log`
--
ALTER TABLE `void_log`
  MODIFY `void_id` int(11) NOT NULL AUTO_INCREMENT;

--
-- Constraints for dumped tables
--

--
-- Constraints for table `beepers`
--
ALTER TABLE `beepers`
  ADD CONSTRAINT `beepers_ibfk_1` FOREIGN KEY (`transaction_id`) REFERENCES `transactions` (`transaction_id`) ON DELETE SET NULL;

--
-- Constraints for table `customization_options`
--
ALTER TABLE `customization_options`
  ADD CONSTRAINT `customization_options_ibfk_1` FOREIGN KEY (`group_id`) REFERENCES `customization_groups` (`group_id`) ON DELETE CASCADE;

--
-- Constraints for table `items`
--
ALTER TABLE `items`
  ADD CONSTRAINT `items_ibfk_1` FOREIGN KEY (`category_id`) REFERENCES `categories` (`category_id`);

--
-- Constraints for table `item_customization_groups`
--
ALTER TABLE `item_customization_groups`
  ADD CONSTRAINT `item_customization_groups_ibfk_1` FOREIGN KEY (`item_id`) REFERENCES `items` (`item_id`) ON DELETE CASCADE,
  ADD CONSTRAINT `item_customization_groups_ibfk_2` FOREIGN KEY (`group_id`) REFERENCES `customization_groups` (`group_id`) ON DELETE CASCADE;

--
-- Constraints for table `library_sessions`
--
ALTER TABLE `library_sessions`
  ADD CONSTRAINT `library_sessions_ibfk_1` FOREIGN KEY (`seat_id`) REFERENCES `library_seats` (`seat_id`);

--
-- Constraints for table `orders`
--
ALTER TABLE `orders`
  ADD CONSTRAINT `orders_ibfk_1` FOREIGN KEY (`discount_id`) REFERENCES `discounts` (`discount_id`);

--
-- Constraints for table `order_items`
--
ALTER TABLE `order_items`
  ADD CONSTRAINT `order_items_ibfk_1` FOREIGN KEY (`order_id`) REFERENCES `orders` (`order_id`),
  ADD CONSTRAINT `order_items_ibfk_2` FOREIGN KEY (`item_id`) REFERENCES `items` (`item_id`);

--
-- Constraints for table `order_item_addons`
--
ALTER TABLE `order_item_addons`
  ADD CONSTRAINT `order_item_addons_ibfk_1` FOREIGN KEY (`order_item_id`) REFERENCES `order_items` (`order_item_id`),
  ADD CONSTRAINT `order_item_addons_ibfk_2` FOREIGN KEY (`addon_id`) REFERENCES `addons` (`addon_id`);

--
-- Constraints for table `order_item_customizations`
--
ALTER TABLE `order_item_customizations`
  ADD CONSTRAINT `order_item_customizations_ibfk_1` FOREIGN KEY (`order_item_id`) REFERENCES `order_items` (`order_item_id`) ON DELETE CASCADE,
  ADD CONSTRAINT `order_item_customizations_ibfk_2` FOREIGN KEY (`option_id`) REFERENCES `customization_options` (`option_id`);

--
-- Constraints for table `transactions`
--
ALTER TABLE `transactions`
  ADD CONSTRAINT `transactions_ibfk_1` FOREIGN KEY (`discount_id`) REFERENCES `discounts` (`discount_id`),
  ADD CONSTRAINT `transactions_ibfk_2` FOREIGN KEY (`processed_by`) REFERENCES `users` (`user_id`),
  ADD CONSTRAINT `transactions_ibfk_3` FOREIGN KEY (`voided_by`) REFERENCES `users` (`user_id`);

--
-- Constraints for table `transaction_items`
--
ALTER TABLE `transaction_items`
  ADD CONSTRAINT `transaction_items_ibfk_1` FOREIGN KEY (`transaction_id`) REFERENCES `transactions` (`transaction_id`) ON DELETE CASCADE,
  ADD CONSTRAINT `transaction_items_ibfk_2` FOREIGN KEY (`item_id`) REFERENCES `items` (`item_id`);

--
-- Constraints for table `transaction_item_customizations`
--
ALTER TABLE `transaction_item_customizations`
  ADD CONSTRAINT `transaction_item_customizations_ibfk_1` FOREIGN KEY (`transaction_item_id`) REFERENCES `transaction_items` (`transaction_item_id`) ON DELETE CASCADE,
  ADD CONSTRAINT `transaction_item_customizations_ibfk_2` FOREIGN KEY (`option_id`) REFERENCES `customization_options` (`option_id`);

--
-- Constraints for table `users`
--
ALTER TABLE `users`
  ADD CONSTRAINT `users_ibfk_1` FOREIGN KEY (`role_id`) REFERENCES `roles` (`role_id`);

--
-- Constraints for table `void_log`
--
ALTER TABLE `void_log`
  ADD CONSTRAINT `void_log_ibfk_1` FOREIGN KEY (`transaction_id`) REFERENCES `transactions` (`transaction_id`),
  ADD CONSTRAINT `void_log_ibfk_2` FOREIGN KEY (`voided_by`) REFERENCES `users` (`user_id`);
COMMIT;

/*!40101 SET CHARACTER_SET_CLIENT=@OLD_CHARACTER_SET_CLIENT */;
/*!40101 SET CHARACTER_SET_RESULTS=@OLD_CHARACTER_SET_RESULTS */;
/*!40101 SET COLLATION_CONNECTION=@OLD_COLLATION_CONNECTION */;
