-- phpMyAdmin SQL Dump
-- version 5.2.1
-- https://www.phpmyadmin.net/
--
-- Host: 127.0.0.1
-- Generation Time: Nov 30, 2025 at 07:09 PM
-- Server version: 10.4.32-MariaDB
-- PHP Version: 8.2.12

SET SQL_MODE = "NO_AUTO_VALUE_ON_ZERO";
START TRANSACTION;
SET time_zone = "+00:00";


/*!40101 SET @OLD_CHARACTER_SET_CLIENT=@@CHARACTER_SET_CLIENT */;
/*!40101 SET @OLD_CHARACTER_SET_RESULTS=@@CHARACTER_SET_RESULTS */;
/*!40101 SET @OLD_COLLATION_CONNECTION=@@COLLATION_CONNECTION */;
/*!40101 SET NAMES utf8mb4 */;

--
-- Database: `coffee_db`
--

-- --------------------------------------------------------

--
-- Table structure for table `addons`
--

CREATE TABLE `addons` (
  `addon_id` int(11) NOT NULL,
  `name` varchar(50) NOT NULL,
  `price` decimal(10,2) NOT NULL,
  `category_id` int(11) DEFAULT NULL,
  `status` enum('available','unavailable') DEFAULT 'available'
) ENGINE=InnoDB DEFAULT CHARSET=utf8mb4 COLLATE=utf8mb4_general_ci;

-- --------------------------------------------------------

--
-- Table structure for table `beepers`
--

CREATE TABLE `beepers` (
  `beeper_number` int(11) NOT NULL,
  `status` enum('available','in-use') DEFAULT 'available',
  `transaction_id` int(11) DEFAULT NULL,
  `assigned_at` datetime DEFAULT NULL
) ENGINE=InnoDB DEFAULT CHARSET=utf8mb4 COLLATE=utf8mb4_general_ci;

--
-- Dumping data for table `beepers`
--

INSERT INTO `beepers` (`beeper_number`, `status`, `transaction_id`, `assigned_at`) VALUES
(1, 'available', NULL, NULL),
(2, 'available', NULL, NULL),
(3, 'available', NULL, NULL),
(4, 'available', NULL, NULL),
(5, 'available', NULL, NULL),
(6, 'available', NULL, NULL),
(7, 'available', NULL, NULL),
(8, 'available', NULL, NULL),
(9, 'available', NULL, NULL),
(10, 'available', NULL, NULL),
(11, 'available', NULL, NULL),
(12, 'available', NULL, NULL),
(13, 'available', NULL, NULL),
(14, 'available', NULL, NULL),
(15, 'available', NULL, NULL),
(16, 'available', NULL, NULL),
(17, 'available', NULL, NULL),
(18, 'available', NULL, NULL),
(19, 'available', NULL, NULL),
(20, 'available', NULL, NULL);

-- --------------------------------------------------------

--
-- Table structure for table `categories`
--

CREATE TABLE `categories` (
  `category_id` int(11) NOT NULL,
  `name` varchar(50) NOT NULL,
  `status` enum('active','inactive') DEFAULT 'active',
  `created_at` datetime DEFAULT current_timestamp()
) ENGINE=InnoDB DEFAULT CHARSET=utf8mb4 COLLATE=utf8mb4_general_ci;

--
-- Dumping data for table `categories`
--

INSERT INTO `categories` (`category_id`, `name`, `status`, `created_at`) VALUES
(1, 'Coffee', 'active', '2025-11-28 17:22:23'),
(2, 'MatchaSeries', 'active', '2025-11-28 22:37:56'),
(3, 'NonCoffee', 'active', '2025-11-29 13:55:45'),
(4, 'Pasta', 'active', '2025-11-29 13:55:53'),
(5, 'Frappes', 'active', '2025-11-30 16:00:47'),
(6, 'SummerDrinks', 'active', '2025-11-30 16:00:58'),
(7, 'Beverages', 'active', '2025-11-30 16:01:02'),
(8, 'Breakfast', 'active', '2025-11-30 16:01:07'),
(9, 'Burgers', 'active', '2025-11-30 16:01:16'),
(10, 'FingerFoods', 'active', '2025-11-30 16:01:21'),
(11, 'Pastries', 'active', '2025-11-30 16:01:32'),
(12, 'Sandwich', 'active', '2025-11-30 16:01:37');

-- --------------------------------------------------------

--
-- Table structure for table `customization_groups`
--

CREATE TABLE `customization_groups` (
  `group_id` int(11) NOT NULL,
  `name` varchar(50) NOT NULL,
  `display_order` int(11) DEFAULT 0,
  `selection_type` enum('single','multiple') DEFAULT 'single',
  `input_type` enum('choice','quantity') DEFAULT 'choice',
  `is_required` tinyint(1) DEFAULT 0,
  `status` enum('active','inactive') DEFAULT 'active',
  `created_at` datetime DEFAULT current_timestamp()
) ENGINE=InnoDB DEFAULT CHARSET=utf8mb4 COLLATE=utf8mb4_general_ci;

--
-- Dumping data for table `customization_groups`
--

INSERT INTO `customization_groups` (`group_id`, `name`, `display_order`, `selection_type`, `input_type`, `is_required`, `status`, `created_at`) VALUES
(1, 'Temperature', 2, 'single', 'choice', 0, 'active', '2025-11-28 21:45:14'),
(2, 'Size', 1, 'single', 'choice', 1, 'active', '2025-11-28 21:45:14'),
(3, 'Syrup', 3, 'multiple', 'quantity', 0, 'active', '2025-11-28 21:45:14'),
(4, 'Sauces', 4, 'multiple', 'quantity', 0, 'active', '2025-11-28 21:45:14'),
(5, 'Espresso', 5, 'single', 'choice', 0, 'active', '2025-11-28 21:45:14'),
(6, 'Milk', 6, 'single', 'choice', 0, 'active', '2025-11-28 21:45:14'),
(7, 'Additives', 7, 'multiple', 'choice', 0, 'active', '2025-11-28 21:45:14');

-- --------------------------------------------------------

--
-- Table structure for table `customization_options`
--

CREATE TABLE `customization_options` (
  `option_id` int(11) NOT NULL,
  `group_id` int(11) NOT NULL,
  `name` varchar(50) NOT NULL,
  `price` decimal(10,2) DEFAULT 0.00,
  `price_per_unit` decimal(10,2) DEFAULT 0.00,
  `max_quantity` int(11) DEFAULT 1,
  `display_order` int(11) DEFAULT 0,
  `status` enum('available','unavailable') DEFAULT 'available',
  `created_at` datetime DEFAULT current_timestamp()
) ENGINE=InnoDB DEFAULT CHARSET=utf8mb4 COLLATE=utf8mb4_general_ci;

--
-- Dumping data for table `customization_options`
--

INSERT INTO `customization_options` (`option_id`, `group_id`, `name`, `price`, `price_per_unit`, `max_quantity`, `display_order`, `status`, `created_at`) VALUES
(1, 1, 'Hot', 0.00, 0.00, 1, 1, 'available', '2025-11-28 21:45:22'),
(2, 1, 'Iced', 0.00, 0.00, 1, 2, 'available', '2025-11-28 21:45:22'),
(3, 2, 'Medium 16oz', 0.00, 0.00, 1, 1, 'available', '2025-11-28 21:45:32'),
(4, 2, 'Large 22oz', 20.00, 0.00, 1, 2, 'available', '2025-11-28 21:45:32'),
(5, 3, 'Vanilla', 0.00, 5.00, 5, 1, 'available', '2025-11-28 21:45:39'),
(6, 3, 'Hazelnut', 0.00, 5.00, 5, 2, 'available', '2025-11-28 21:45:39'),
(7, 3, 'Cinnamon', 0.00, 5.00, 5, 3, 'available', '2025-11-28 21:45:39'),
(8, 3, 'Caramel', 0.00, 5.00, 5, 4, 'available', '2025-11-28 21:45:39'),
(9, 4, 'Chocolate', 0.00, 6.00, 5, 1, 'available', '2025-11-28 21:45:49'),
(10, 4, 'White Mocha', 0.00, 6.00, 5, 2, 'available', '2025-11-28 21:45:49'),
(11, 4, 'Caramel', 0.00, 6.00, 5, 3, 'available', '2025-11-28 21:45:49'),
(12, 5, 'Single Shot', 15.00, 0.00, 1, 1, 'available', '2025-11-28 21:45:59'),
(13, 5, 'Double Shot', 25.00, 0.00, 1, 2, 'available', '2025-11-28 21:45:59'),
(14, 5, 'Triple Shot', 35.00, 0.00, 1, 3, 'available', '2025-11-28 21:45:59'),
(15, 6, 'Whole Milk', 0.00, 0.00, 1, 1, 'available', '2025-11-28 21:46:06'),
(16, 6, 'Oat Milk', 15.00, 0.00, 1, 2, 'available', '2025-11-28 21:46:06'),
(17, 6, 'Almond Milk', 15.00, 0.00, 1, 3, 'available', '2025-11-28 21:46:06'),
(18, 7, 'Sugar Syrup', 10.00, 0.00, 1, 1, 'available', '2025-11-28 21:46:13'),
(19, 7, 'Sweetener Powder', 10.00, 0.00, 1, 2, 'available', '2025-11-28 21:46:13'),
(20, 7, 'Whip Cream', 20.00, 0.00, 1, 3, 'available', '2025-11-28 21:46:13');

-- --------------------------------------------------------

--
-- Table structure for table `discounts`
--

CREATE TABLE `discounts` (
  `discount_id` int(11) NOT NULL,
  `name` varchar(50) NOT NULL,
  `percentage` decimal(5,2) NOT NULL,
  `status` enum('active','inactive') DEFAULT 'active'
) ENGINE=InnoDB DEFAULT CHARSET=utf8mb4 COLLATE=utf8mb4_general_ci;

--
-- Dumping data for table `discounts`
--

INSERT INTO `discounts` (`discount_id`, `name`, `percentage`, `status`) VALUES
(1, 'Senior Citizen', 20.00, 'active'),
(2, 'Student', 12.00, 'active');

-- --------------------------------------------------------

--
-- Table structure for table `items`
--

CREATE TABLE `items` (
  `item_id` int(11) NOT NULL,
  `category_id` int(11) NOT NULL,
  `name` varchar(100) NOT NULL,
  `description` text DEFAULT NULL,
  `price` decimal(10,2) NOT NULL,
  `station` enum('barista','kitchen') NOT NULL,
  `status` enum('available','sold_out') DEFAULT 'available',
  `image` longtext DEFAULT NULL,
  `created_at` datetime DEFAULT current_timestamp(),
  `is_customizable` tinyint(1) DEFAULT 0
) ENGINE=InnoDB DEFAULT CHARSET=utf8mb4 COLLATE=utf8mb4_general_ci;

--
-- Dumping data for table `items`
--

INSERT INTO `items` (`item_id`, `category_id`, `name`, `description`, `price`, `station`, `status`, `image`, `created_at`, `is_customizable`) VALUES
(2, 1, 'Americano', NULL, 150.00, 'barista', 'available', 'data:image/jpeg;base64,/9j/4AAQSkZJRgABAQAAAQABAAD/2wCEAAkGBxISEhUQEhAQEhIQFQ8QEBAQEA8QEA8QFREWFhUVFRUYHSggGBolHRUVITEhJSkrLi4uFx8zODMsNygtLisBCgoKDg0OGhAQGi4eHx0tLSstLSsrLS0tLS0rLS0tLS0vLS0rLSsrLS0rLS0tLS0tKy0tLS0tLS0tLS0tLS0tK//AABEIARMAtwMBIgACEQEDEQH/xAAcAAACAgMBAQAAAAAAAAAAAAACAwEEAAUHBgj/xABHEAACAQIDBAYHAwgIBwEAAAABAgADEQQSIQUxQWEGE1FxgZEHIjKhscHRQnKSFCMzQ1JiguFTVGODk6Ky8CREc5TC0vEV/8QAGQEBAQEBAQEAAAAAAAAAAAAAAAECAwQF/8QAKhEAAgIBAwQABgIDAAAAAAAAAAECEQMSMUEEEyFRIjKBkaHRFGFSsfD/2gAMAwEAAhEDEQA/APZLUlhXlAGPptpBS6Hh3vK1N4xXgDsswLIBhwBZMW0YRAcQCA0ZmEWiQ2EAkwGNpOsUYAupFkRrQWggrqb8Yt6cflEF1gCcknqyI9RfwgVSTBRIGsJlkhLSYAN7boaMZFpN9IBLNMgXmQBj04IvLdRLCVqukAHPGCpKzPMzwDZJU0hCpKNB7yzlvBCyYLGDmExYKMBgtJJg5oBjPEtvhuIMEFsYtzGGLIgEiY6yIVoBF7SLTGWGFtAISnxiqkfc2tIHOCiVBhWjyQYBWALAmTCJkAsO14mqt5geFeC0Uq1O26Au6XisDqxxgFSlUPDd2yyKpgsoXQSVYQByV+EtUjpNcHvGLUPCCUXWMhRENU3e+H1mm+ANciJzQc0FjaCDMt5LLaBSxCnjGM47YAAWRaQKoMkPBaMyQgIzLMyQQTui2c9kOqbQM94AKtHqYu0IGAZaZDSZBRaiEzcIapD6uC2ApHGQ69kOqukhBBBFVL+ECgA3C0ttElIAt6fAbpg0lhYmousAW7XN+EeCIh2B0kKYA9xcRTpeOU6Rbm+6AQtIdkclMcYAhq14FhNQXgJNKhaENI6nUBFoFgNTIiyZaNt0rVTwghWqC5iCCN0tMsgLAF03mGFUpTAsAy8mDaZBS5JQdsO4hFeEABluJlNbRqJDEEKzjlaVnFjebCot5XanBRAq8ouuMwvutGvSihQbfAK6mY8jELaLRri0FGrV4SVeVi9vCDRU5s19/CAbIEEW4xtBLb5XosN/ZLavBAKlzAViI1oKiAFnO+LqkmO3RebWCAUecZaKeYHgBGL4w1EkiAJqPaZJJ1mQU2zUYojWXmWJqJBBea0HPCdYi8AsAybRYj13QBNVJXcndLd4DqIBqqySvUFps6tKVa9K8Fs1+WSeUfUp2iM2shodRNpdpSmBDR5SUXxumLKy1o0VIMhtItIzXhKYAp1N/jMCRlphMAAmKr1rCZU1i6lE2tAAp68ZMmmAO+ZBT09oDCNgygQ6yvUWXGi2WQFamIwtDyxbQQG8m8AgwVaAE4imWMzSQwgpQrUxxlRqU2tRQZXelAKttJIWG6cIN4KiQYQbhK8INAotBgJKvKZqaxi1IIWS0BqtpXqVCd0w3MEHBhGgRFMa6x9uyAB1Ot5MaJkFN2RMyyRCvKUDLFsscxizBBQQ3mFY28iQUV3WVxTluoIhoFFd9IN5T2ptNadRKIRqlatfq6SWBIG9mJ0VRr9JaTD1m9s0k/dQNUI/iNr/AIZLFDAYpmgVKJX7bHvyj4CV3HM/ib6xZrT/AGHVaIZoLePmYN/93MlsqSCvMEZRKg6qG5Evb3ESMSi/ZJH3Sbf5rxYoSxkmpK1QVB6wCut/W1yMg7eIb3RtI3F9ddddJUyNUPpxymIQxqymBysI9ZTvLKQBlpkwGZBTcqZJMT1kwPNGh1rzMsUGhddAJMgwHrCKNWAOZhEOsgNMYyAp43BpUK5kVspupIGZD2qeB7pbpUraXYjm2Y+ZuffG4ajm17IRRsxG4Dla882Sels7QhqRUxFJd5zeSn5iauvVpg2LEeC/Wb3E0wBrrNDWwfWPYaATzy6iXB3jhiHQwof2WY/3ZPwMsDZJ/ab/AAahmxwFDILWl9akLPP3/r9GZY4rZGiXZXaah7qDD4mY+AQWBFbvsi/Wejp1hJbKTwM6rJe7ObX9HkcZsyllLZCSouMzsy3G45b5b87SphqDv6wGmgzllsSFBPG/Getx+FBRso1ymw5zyWJwlMXWpl9SowsCCbmlSNrePvnSPnZmW1XlBGlY/pKHjVAPwkurqLlTY7iCGU+IlLrKW4Uhbnvlin+aXrqR9TdVpH2SL66cDzE6fEjHwPihtJry0hlPFDI9h7JAZfusLj6eExMTabRzryXs0yUvymZAN9mhXkjDmSaRl1x9nTS/QvPFPUjTTMS9FuyNUfY0v0QGkhpHUt2QhTPZLqXslMkNCz3kLTMYKVotA1m1dvHCFWyh0e4ZScpuCLEHxh0On2DKg1GqUr6evTZwD30w2mm8zQekY5adM/vMPdOaiserUNbe+vifI6ieXIrmz0KK0JndKXSzZ9Q5VxmEJ3ZTWpo/4WIMsFqD+srIeaOD8DPnTbGEUkNZSGF2vcHMAOPcZpq2CW/8v93mHjT5IpNH1Eayj7TeY+kp4nbCpf5mfM1IFdxYcRYkQK9Rj9tj3s0w8DfP4Oiypbr8n0BjOmGQ+qKfO7SonpIpKwV3oKbj9Zf3XnAso4iFhx6w7xNLp/ciPOv8Tve0vSRS6tsjM+hHqKUF/vNa/heUsFjzVpiswAapdiBrbUjfx3Tl1U6Bedz5GdE2JTIw9PuYf5zO+KCTOORtpGx62W6eItQccGLDxsn85rHMvZCMKG/brMo7soF/MTrLwc0i9tapYUe00V/1NKYrwuk7ZXpJ+zRp+9mM1S1uctENg9c3mTX1qx7ZktCjqBrr2+YIkhgd1j3G8A+HuiKrooLOVULqWY5Qo7+E8Fnuoc0ya3Ze0WqlmCjqs+WkxN2dAoOc9lze3K02LNbXwHfJRqyCdco7zyhmSBYbtTvMG95TJIhATEW0OUjPC+llf+GQ9jn4CcZXHFQQLWFzxvu5TtvpWW+DHJ/lOD1uPcfhLHcS+VFqrtdWIBvpe9xx5RFbEKdxGs01M6xzTvpo8ylZYeoIhjAJmCEg2SLRtJgCIgRiSsI3VF807hsDZyNhaJI9pFbz1+c4VgDqBOu7C6XfmaOFoYWtVrrTVLtlSjppmL3Oml9wnCbryeiCvxVnoa+yaSgErqxCgDezHcBzgYvDKz0cKvs0iHqW3Dj7yTK+FpVEc1q1QVsRYqgAIw+FU7wi/tHt3mbjAYMoCzXzPqSfaN+36SputUjLim9MSjtfZa1qrVCTrlUclUAD4e+a89H17TPTGnMyTn3Z+zssUPR5dujqn7Rkz0WQzJO9P2OzD0bCnhmO9r8hZR84vG4KkFzPTDFNUuM5B5ZtxlMdJsOpINakClywLC4A3zSbc6WtUtTpUyVfN6xugAC3Nxa/YLc++cFmikaWGcpG26PYnrRUsPZck/xageAAEvUVcuWIXIvq07Hf2maDoQb06qKfXZ06wcKa2O7mf/LlPWZbaDhoJ2g7imzORVJpAEns98i3IzXbe25SwqFnYXAzWvaw7TOSdIvSRiKxKUT1abrganw+st26Q00rbo7Fi9qUaQvUqqtuBIv5TQY/0h4GloKhqHsRbzk+C2FjMVZ3JVT9qqx18JvcJ0HpjV6rOeIAss4zzxju/seiHTylsvuXukvTiljqL0FRkIHWIWI9YjePK58Jy+tvPcfhPc9MdgrRwnWUUs1J0fMLklbEG/nPAHEA69t78tJ2wSU1qRw6mGh6Wa6lv/32R5iKW8R5nse54I7AyRMmAyFIjFgQ13wyou4J7OveJ2/oEufDVUpHM1Gs1J8u+wpoVF/E+N5wZmK6+XfOvdFekYw+EopmKMKaZwBYl7ak855s0nBJpWerDDXcbo9s1RKSN1lOojWNmZCVBtwy3Am3wOIp1UVldWuBfKQSDbiOE8DjvSB6pWxa/HQGeDxm1i1TrKbMjb8yko3mtpxjOcn8SO0sUYLw/sd9dYJp8px7ZHpBxdEgVT16dlTRx3OPnedH6O9KMPjBam7LUAuaNTRwOJHBhzE24mFI2xpzIZa32jMmaNajgdCvTohHD3dRplspVyd9+I05S0/ToioKtRs5VSqop11JJ1tpvngCxO8k95vAqTr/ABYv5vJxfWSXyqjvnoe2o2IXF1SAL1KIUDgMjToYM5X6AjfD4nlVpf6DOpZZJLT4RU9XlnHfSrWc2Otnq1AT92wUX7pR6EbDpkde4zG9kBFwOc3HTHGpUqPhKhC2y2Jtq4GhB4MN3Me/Oi1QJTOHqWVka6k7nB7PpPM3Ls0tz2xjHvW9q/J6CnS4nwAllUA4W8YhaidoJ5cJjEf/AEmeHSe6wdqKDSb1cwAJZRY5lA1FjOI7WpULnJ+ba7CwvlIvpdSAQd+7TTcJ2017DeABzniemGzFYZkeppc5UVagAOpslxcan5Cevpcqg9L5PF1mCU1qjwc7q7LqoA5pPlOocKShHJhpK+aetwNDGU0zYbEKycRTqFFHerWUGLxL42obMM43G9PCVCTzzXn1FJM+Q4tcHlwJOWer2d0d6xwKzPTW1yy4ZBrbd6q28ZcxnRyilsj1agtqBhjffvzBLCWweHAm12RsSvXP5qk7gb2sQg73PqjxM3tTZRVrUqdTKR7ZalhmU8ix+QnqOjOw8SmavVxNWhRpguz/AJQbso1uans6b9eyZbLFpeTxuHo06LX6lq2IUuLMlsLSINs2o9c8/ZG/1pfxHtGzZt1219ZrDMfO89BsXYuCxlKviFxTs6O3qVDkzhbNnyg3IJNvWuNNAJ5WpiLk23XsO6c2vJ3hJVfIx++ValGM6yCW5xRXIrNTO6+k2GyqjU6lN1JDKykEHXf84WC2XUqjOF9QX1OgNt9u0c4qmQKgAINjvG4kSWti6WvJ0A7cqn7RkTz9OqZkzpOlnMlgV98IRdQ6z1o+a9jqvoZ2utGjXUm16lNvDIROlDpXRA1f3GcN6EGyVN+rJuBPA9nfPUEkj7X4WnDJG2z1YpfCkUfSXj6FWuK9FjdhlrKVsMw9lx3jQ9w5zSbN6R1EAUkVFFrK5Nx3Nv8AA3HKW9p4LMTcHxRvpPP4nZrLqpB5HQ+F5hQi1TOkskk7R7nC7ep1B+kai37wLLr2MoN/ECXlp1W1WrnH9mVc+OUm3jOYJiipsbg85uMDtcbjy36zlPC47Hox51LdnrcVQbcWe/YWI90q0qbAi/vP1lzZm3XYZetuLbnYMPIy1VxjfsUzrwRB8BPHOUrpo90IKrRramz0LZ8hVyP0lJmR/FkIPhBdau4YjMP2a9GlVHnYE+Jj620rfq08TUv7mlOvtNv6NB3Fz8SZuE8i2ZnJjxS+ZC3p1r6Utmsf38MU8bgmD+U4kbsHsvkerY+V5j7WI+wPxH6SKm2zb9GviTOyzZvSPNLpunftDDtLalrUxhKHOlSpgjuzA2msxez8diDfEYg1eOWpXcoDbgu4eAjam3X4JTHgx+cWdu1eGQdyn5ma7uZ+jH8fp17ZOzNi4imxyui5gytYsdLdlptsN0WY76g/CfnNFU21WP6y3cqfSVqu0Kp31an42A8hCeV8lccC4Z65ujKKLvXC82yqPjKpTAUz61VqxH2UsVJ5kfynjqtYXudT2nWL/KgJtY5veTObyY1tFHrdq9IDUXIiilTAtlFr5RuGm4cpqMC+ZweA3TWU6jPpuHxm82VhSSAqkk7gAST4TSgo+DnLI5s3dJ5k9Z0b6KMPzldbaaUzv14mZI5o0onDsNQeowSmj1HbRUpqzuTyUamb9+g+JpU+vxmTBUzqoxBtiKnJKA9cnvtO009g4kLkTGjDJuKYDCYfDXH3jmb3zX4j0d4Wo2erVxVZ7AF6tYs7d7EXPnNvqY8HnXSyvycy2IyC601IQWALWzueLNbiezgABNxnnRtn9B8FSGlE/wATM3zm0To9hRuoJ5THeTOyxUcbxCXlRsK/C/vndV2LQ/oU/CJP/wCbSH6tPITDyG1FHB22Y7aFSe9f5RS9Fi26m4+5f4Tv35DTH2F8hDTDIOA8pO7Lg124cnDML0HxJt1dQjk6n5GbSn0O2oBp1Lj/AKpUnwKzsPVL2WhKkw5ye9M2ko/La+pxPEdGtqDfhHbmtWgw/wBV5Qq7C2iN+BxPgqt8DO+FYJMKdcINt8v/AL6Hz2+ysd/UMb/gVD8IptlY7+oY3/t6v0n0RnkzayL0Zaft/j9HzqNhY9t2AxXjScfERq9FNptuwNX+IqvxM+gisGO9/SMvHfL/AB+jg1PoJtVv+WCfeq0vk0sU/RjtFvaNFf7y/wABO4yLy96XFE7Uebf1OOUPRLX+3iKY5KKjfSXk9GSorfnWdspCgIEXPbQEkk7+wXnVSIo+0ptxHCZ7s3yaWLGlseU2P6OsIqIzA1CVVg5dwGuL3yi1hy1nrNm7JpUBlp06a/dGU277Sdim1FU1/NGpRFxY2puUF/BRLbmb5MW6ogg/ugcmP/qJEm8yUyVy8YpiJIqTxo9bRbWp3RqtK1Bh2Rr1OydUzk0NLRR7Yu8gtK2EgyZJ7YtnkM5vMmibcdfOMBlZqsWGMzdFouXgMbQVvaQX7ZSGF4rrTfdGXBmFbSUa8EgmLN4yAbiUgYkmBTMMzSMsWX1tBe30hVF4yvUbwIk2KvIWzLh66ncKocdz01Y/5s0u1GmvwL2rN/aID/EpI18CJeedrtHJqmDeRBJImSWWhKvI6zWVXqcIylPNZ6aLnXw0qX4ysojQJpWYaRYzQMhMR1lphxU1aJT4LCnhCYSiK2sc+I5RaDiwgdY2UTVG8zDi9NJnVRdLZeJPCCyymmL4GP6+XUmTS0C5sZme8XUrCK65ZmzSRazcIYMoCuIfXcZVIOJdkgyqlaGKs0pGHEa2sQRrymNW0iOsN4bKkwS+WvTPbnW/DUDQ+U2lQ6zS417FH4Kwm4qG+s3B+DnNeSLyIDOJk0SjXR1MzJk8iPWxymGpmTJ0OTFVTFCRMmWbWwSRlU6TJkqJyViYEiZMM6ImEzntkzJALvAEmZBQTvjEaZMgDRGCZMnRHNmCKeZMggGP9jxHxm3O4dw+EiZO0OTlk4KmJGsyZMlItj//2Q==', '2025-11-28 22:34:29', 1);
INSERT INTO `items` (`item_id`, `category_id`, `name`, `description`, `price`, `station`, `status`, `image`, `created_at`, `is_customizable`) VALUES
(3, 1, 'Caffe Latte', NULL, 200.00, 'barista', 'available', 'data:image/jpeg;base64,/9j/4AAQSkZJRgABAQAAAQABAAD/4RZARXhpZgAATU0AKgAAAAgABwESAAMAAAABAAEAAAEaAAUAAAABAAAAYgEbAAUAAAABAAAAagEoAAMAAAABAAIAAAExAAIAAAAfAAAAcgEyAAIAAAAUAAAAkYdpAAQAAAABAAAAqAAAANQALcbAAAAnEAAtxsAAACcQQWRvYmUgUGhvdG9zaG9wIDIxLjAgKFdpbmRvd3MpADIwMjI6MDI6MTggMTQ6NDM6MTcAAAAAAAOgAQADAAAAAQABAACgAgAEAAAAAQAABDigAwAEAAAAAQAABDgAAAAAAAAABgEDAAMAAAABAAYAAAEaAAUAAAABAAABIgEbAAUAAAABAAABKgEoAAMAAAABAAIAAAIBAAQAAAABAAABMgICAAQAAAABAAAVBgAAAAAAAABIAAAAAQAAAEgAAAAB/9j/7QAMQWRvYmVfQ00AAf/uAA5BZG9iZQBkgAAAAAH/2wCEAAwICAgJCAwJCQwRCwoLERUPDAwPFRgTExUTExgRDAwMDAwMEQwMDAwMDAwMDAwMDAwMDAwMDAwMDAwMDAwMDAwBDQsLDQ4NEA4OEBQODg4UFA4ODg4UEQwMDAwMEREMDAwMDAwRDAwMDAwMDAwMDAwMDAwMDAwMDAwMDAwMDAwMDP/AABEIAKAAoAMBIgACEQEDEQH/3QAEAAr/xAE/AAABBQEBAQEBAQAAAAAAAAADAAECBAUGBwgJCgsBAAEFAQEBAQEBAAAAAAAAAAEAAgMEBQYHCAkKCxAAAQQBAwIEAgUHBggFAwwzAQACEQMEIRIxBUFRYRMicYEyBhSRobFCIyQVUsFiMzRygtFDByWSU/Dh8WNzNRaisoMmRJNUZEXCo3Q2F9JV4mXys4TD03Xj80YnlKSFtJXE1OT0pbXF1eX1VmZ2hpamtsbW5vY3R1dnd4eXp7fH1+f3EQACAgECBAQDBAUGBwcGBTUBAAIRAyExEgRBUWFxIhMFMoGRFKGxQiPBUtHwMyRi4XKCkkNTFWNzNPElBhaisoMHJjXC0kSTVKMXZEVVNnRl4vKzhMPTdePzRpSkhbSVxNTk9KW1xdXl9VZmdoaWprbG1ub2JzdHV2d3h5ent8f/2gAMAwEAAhEDEQA/AOGx3Q9XZmFn16PV1hkhRdWXolNW5V7a9p0V2saIGQBCK1y8rhVNyuZIkKgeU4ISNdqrFblVaNUep7ZA3CfDv9yRCg6uIJIlaQgDRVOn9M6rfBx8HKuHiyiwj/O2LXZ9X/rCR/yZlfOoj8qGq7Ry8kkhUgCHLdu+r/XQJd0zL+VLz/1LXLJycbJxnxk0W0R/pa3s/wDPjWppiV0ZBZgVlmgVZhBEtII8RqjsMhIJJbFL9VbNhFZ+Cp1cqxYf0ZQCSXBzDN5SpB3CE99ZdcSp0t1AUdasvFo61BO1sq7WIVbGr9oV0NgIkLLf/9Dgm/TV2rWCs9p4KvUu0CjLI3W6NVfIdoUYH2q10roGf13IdVibaqKRuysy3Smlsbve78+zb9Gn/tz0q/0iSC8/aC4hjQXOedrGgSXE8NY1vuc5bWD/AIveq2tbf1e2vouPZqwZAL8lw8asCr9L/wBvOpXZ9Lwul9GaB0Rm+4jbd1e5odkPB+l9jrcPTxaHf6+p/PKbcP1Li93qWX2au1L7HebrX7nKDJzUY6QHGe/6P/oTYx8qTrM8A7fpf+guLi/Vv6pYIH6pb1CzT9NnWGtgcO7MLE2u2fyb3raxMuygFvTaasNp0jBxq6hP/Guba/8A6Sv0dMDajaGNa0CS4kR/avf7Xf8AWW2KLbXu3NY1rfAH3OP3x/1KgnlzH5pGN7CPpZ448I+WIlW5l6mqcnrLz7rclwPZ1paf/Ay1VnvyXOLTbex/MG15n4OD1t0YFhcG1Oc60D9MBqGH93eHBjXKt1nFvpDHvbD9W7wNDI5/rJhE6s8Vd14lC+ECNuOzN6kHEVZOSCDy258fPe7aj19c67T9HNscO4s22g/59admJkmnfVS91MTv2ktJ/e4+kgEExuE+B5B+abxTG0pD6lfwQO8Yn6WztyMPMI/aPSsLN191lbTjXH/rtKqW/V/6vZJjBzLelZB+jj5w9Skn92vLZ7mf9dst/wCLV6k4f0L2WAkEi2twOkfnU2x/0bVOzBIqNuO9uVQB79oMtBEj1qn++vd/23/LUsc+Ua2JjtLf/vmKeDEehge42/7157O6D1XpJnPo2VE+zJYd9Lp+jtub9Hd+5d6VipWF20gLqsPOzOnyzEcPRfIswb/dQ8H6TWt/wW7/AIP/AK5U9Dzug4fVMW3M+r1ZqyqfdldHeRubP5+G785v+jZ/M2f4L0LP0Cs4ssMmg9Mv3T/3LWy4p49T6o/vD/uniSHF5EKzj48EEoTHbneBmCCIIIMOa4H6LmrQqaAFJQCyyW1RAMK1EkKu1sBFa+BuPZNpL//R88YVdx3aBUGeCuUGNTwO6YV4eg+r3RMnrvUG4VJNdbR6mTf/AKOsGNwn2+rZ9Cn/AD/oVrs3PosqZ0/pdQq6PjfzbB/hXA+7Kvn3WbnfzXqfzv8ASbP8F6dXp2KejfVLHpaNmd1r9NkOPIqgO9L+r6L6cf8A9CMhIWgtJjaSOBpoTthVeay1+rHa5/8AetrlsVj3D3qH/fJ6pvt9CpwYNXPsPZo+k8wtzG6e1jNjGATBJs1+Bv8A9JZ/wP8ANVLL6Ixh9x19SwA/1WB1gb/nrVtvsG4B3tZU97vFziFHhjER4pC1+aUuLhiapy8q6+15bvNhYS1ngXTG5o/6hGqotxa7LC2XNrL2Pj3Od9GT/wAWhdMaHZAaeQGu18w5y6NjK31BrgCOCChhxHISbo9FZcgx1GtOqPpHpfs2g1EOBaC8j98/zm7+XuRb8eu9oZa0OaHB8HiWlY2TjZXS7zkYD9rLPp1vH6M/1/zWu/lq3i9dqtZd9qrOPbjN32M5Bbxur/tfmqzDLGvayDgMRVH5JUwyxyv3IHiBN/1426o8vkuT+sAxmdTDKdoc5g9dreN8nbO36L0srr3U86w04gNLezK/5wg6jdZ/K/kI/Tvq3c4i3NJYO7Zl7vj+5/W/nFHlye96McSaPzFkxY/Z9eSQFj5A4ex1Za2yfTtcS1x1iDtM/wAlFrstqtBaSHtcWtsaYMD27Xbo/wCmtHrv2cWgVtAqx2ipobxP0j/mNVTpdmPT1Guy9m+oSD7d3I9u5nu+iq9VLhvY1xftbIlcOKul8KjXRlS0jZbPtaBAd51MB/R2/wDAf9s/6NUm/aMTIqtqsFWTUJovbwQfzHg/zlVn+ErW113Brx72W47SKcmHMDZ9rx+5r+d7Xqne2vJxtzo3QTMfnAt9Tj97+d/kfpUZRMZEbSjsQiMhKIO8ZdC0/rJ0nH6nhO+suBV6WVVp1bFbrq36eS2P8JU332f6fF/TfzlS5yoiV1/Qs04XUqt/81kxRcOx3f0e3/PPo/1L1zXWsAdK6xl4DBFVT91A/wCCsAtpb/1tr/R/62rmLJ7kBI/MNJefdpZYe3Mx6HWPl2ZB42j4INl0NIUGWy1V7LJcQnlAf//S85bo5XaGCx9dXax7WH+25rP+/IGNj3Zd7KMet119piutglxK9L+rX+LujEYMnqxF+YRNVLT+iqdHsd/wtrHJtWuunV+tIczIArkCnFYGNGkhz7NzW7vb+YxYdVxsbDpDhoQedPzv3fzVvdaY7KwsLNZO99RpsPYOB37X/wBr1VzDXmq703thw/H4hZ3MgjLLxp0uWIOKNdHa6bleg9od9EOA+f8A5m1bLqha90EjaNwI8D7SuYYQ0SOCOO/lH/fFr4Ge5zmj/C1yWH81wP0m/wBR3/QTcch8strRlgfmjuxIyOm5TbCJDTDm/vN5a5pXSYeRRk0i6hwc13h2KrtGPnU7e7dC0/SYf3SsHIqzej5Jtx3GtrjpImt48HfylOLwHiHrxS7bxYjWb0n05R32k9cRII7HQhZmZ0ivIt9Ouaq7ABbt7Bp3fov3N6F076yY+S5tOQw0XuMCPcwnycruX1TAwzGRaGvInYAS6Pg1TylhywsyHCD19P8AgsMY5ccqAPF4a/VLjYmHhV7aK21NHLu5/rPd7lX6h1AVUlxd6NXBsPJ/4pv5yzMv610g7cSne7s+zT7mhY1+Rk5dxsyHmx35pIIAn81rQVDl5iIjwY9v6vpDNi5eRlxZPx1kzyMh99u9rdrBIrbIkfvGz+utLG6M53TrMz1iC1pfVW2DEfSFp+ij9H6ZQxpy8pm8k/omuEyY/wBFrvcjZmTvZZjVuFbXO3ZlwI21t/0W4fSt0UUcYEeKevEDwx8f0ZMsshMhGGnCRxS8OoQndk9N6XWT735A2OjXa0nt/VVG3b6lz2+1rrLXhvl/NtcP5LnOV51oorblNZsAYaenUu0Ia7+dy7B/VWU9wbSAzRrzFYdodrfN3t97/wB5CZ270P8Amx4YpgN+1n/nHik1rGM+zvskSwhzXgjnc1zfo/S930UT/GL07M+31dUZQ52L9nbVdc0SGvY+w/pdvuZ7bf5z6CfBxrcrIxsMDTIua6yRxXSfWuP/AEPT/wCuLtsjJDH7WmHN0cQfmrHJR9MydjQ+z/0Zr85L1RHaz9v/AKK+adM+qHXcxossrbg0u1DsklryP3m4zA67/t30Vrs/xaiz3O6qd38nHG3/AKV25dDlZQFklyhX1atkSSfgrfAGrxl//9Pe+qH1QxOgYoteBb1G5o9e8jj/AIGn92tv/gi6E6fJSJQbn7WlP2U0q/Sdfk9KtIY3IJvxX/uvJ3vb/Zt/8CsXNdY6dZVY8vbDhLHDUFjvzXt2lX+pWWuZ6lZPr0PlpGh1G8f9+VzA6lhddoFdxbXmtG0E6B8fmO/1/RqrzGH3BY+Yfj/VbHL5vbNH5S8tRkWNhrxIAAPy/OV6t40cDoNZ7E/L6DkXqP1ftrc4VAhzddh0In9381ZjbLqHbbBqNHA6a8LOMSDRDogiQsF26M6+pzeXHkEaPj/v39laVPXN4LHkee4A/wCc36Lv8xi5pmTUTtcdvlHBVhthOh9w/wA7/qvcnQyzjsSFksUZbh6Cn7DdYCaKQ6dLax6bp/qy5qWRhdOfe9+Sx91thLiQ6AP5KwvU2uBB8htcQR/nKw/Jcx4Ze55AguG9hB/BPGUVrEb9lntSB0kdu7pNw+mNECgMaOznuP5djP8App/V6djj2MbB4MDb/wB9r/8ABFmG6k2S1ljp/Ma+B8tjUxva0yyhjD+9ZL3f1g607f8AoIcY6CP2J9s9TL7f7XSdm35MihrjXG1z2nbA/dfkvDGV1/yMdqC7Ix6mtgNyXD+bqaCMdh/e2/TyrFRvy/VM22ueG6lvYfD8xv8A22q7swhrXVsLWvJa151Mj6TS/wCm1AzJ138T/wB6uGP6eH/oTdyLHvc+7LscXP5aTD3D81m1vsppZ+6q1lrrXC1xAqGpPZu383+T/JQ2sNr2NO5rnEANa0lzv+LZ/hHLoundI9ItyM+PYZoxtDtI+i+0j+cu/wDAqU7FinllQ26yW5MscQ136D/vUnQMCzEqf1LLaRfY3bVUdCyoe5rHf8Jb/O3f9brVe/Pse4tbq9xJn46rVyrnGmwuMQIHgAVmY2BXbU51oMW8Dy+l/wBJy1IYxCIiOjmTmZSMj1cLNzMwWEBhaB+e6CT/ACu+1ULbLrXRq4uMeJXZt6Phd2n70evFw8SLGVtDhwSJMpHHfVInXR//1O8c5AueC0hM+2Aq9to1TrU52Ww7rP5Yk/EcLncymyq77RjktsmXAd47/wBddLed3nKyMuuCU0qbHTfraHMbj9TZ6zG/Rs4e3+0tY43TupMnHezI/kvhtg+f0XLjL8cEkjQoddl9DgWuLSPBRzxxn8wv82SGWUNi9Nk/V8tcC0mvbw20afJ6qP6T1BhJrG/tLXcj+0hYn1n6pQ3abPUZ+67UfitGr600P/n8VpPcs9p/6Kry5MdD9rZjzh6hoGjqDZ3Uva6NCAFH1MoNlzHbpiC0zIW0zr3SXj3MtZ8HA/8AVJ/2p0Z3+EvH+b/5FMPKT6EfavHNx6hwxZlPaS0u9Rrtrq4Ilp/wjf3lP7NmWgSxwG4mXS2P5Lp9rty2P2h0aZ/TPP8AWj/qYUv2l07QsxWvPY2uLv8AqtyI5OfUj81HnI9AXMo6Xa8jc/c4iA2sb3A+Hs/NWhj/AFde0h9pGKyIcbCHudH54p/m63/1nKbutZTm7ag2pnEMEITbL73S9xd5lTQ5SA+b1fgwz5uZ29Lp0OwMEFuIwvsIh1zzLj/a/d/ksVmo2WO9S0/AKjj1hsHk/gr9fCtRiAKAoeDWkSTZNlIRuBnXVIAzESUeitvohznQXSYSe+tvGictRgFvPKq5N7WAmZd4/wByWRl/mt+QChT0+y13qZMtb2r/ADj/AFv3GpWqn//V6+waKpZM/NWnFVrm9wiUtZ0z8AqeUwHVXHd1XfGoPCapx7WwYQSwHkK/kValVtiSGqaYJjhO1hVj09VNtXkipC1h8EVtZRm1eSK1iVJtE2sqxXW5wA7BO1iNWEVM662wJ1jsrlXggVhWqmoobVDVb0bWSfgPmhY9ZMK27FL4BMNb+JRQgdlHwA8IURVkXHX2N8T/AORVxmPXXwNfHupGAklDTjVU6tEv/ePPy/dUyUiVAlJD/9bt8zCfTNjffQdQ/wAP5L1nv0Wlh9Xa1/p5Eem7Sew+Kjn9OlhvwxurOprGsfyq4+kz+R+YilxLmwZHCpXP2yrVlrjLePFU7WbuU0oazrTunspbGvG5uoUH1OCEH2VO3N+YPBSQ2BVqiNqSx8im87Qdtn7h5/s/vKyGJwUhFakGI2xLYUUsGtRWMUq6ieysV0meEqUxrYruPSSQlRjEwSIHitXGoZWASJKICLZ41ArAc4a9giuhKVElFSzihOKmSoGCgpgSomSpkDuUxI7JKf/X6B8qVXUMrGY9lbvY8EFp1HxClczaZadzHasd4jwP8tv5yA5spuq81TXcZUC1WHVqGxFYhLAUKzGa7srfppemkpy7On7uNU9bup0aNcLWj820T91jYs/6tagqUm0ohFNKvqVg0uw7R51Ftg+5/ovVivqeMf8ABZIPgaHH/qdytMpHgrFdITghrVZQf/N42Q74sbWP/BXtV6irKs1LGUD4+o7/AL5W3/wRFrrAVhmiKklNTK9ZLnfvO1P/AJj/AGUcOQQU4cilNuSLkLcluQUyJUSUxcmJSUolRcnlSrrL3eSSX//Qs/Vr6zY3V8QahtrQBfSeWu/eH8n9x63G1NPB+C8Ow8zJwshmTivNdrOCO4/dcPzmr0T6t/XfGzA2jLIoyeNpPtd51uP/AFCCXq3VwSI1Cia/JGpupvaC1wMovpBOAQ0/TS9Mq56Xkl6J8EaQ1BUURtSsilTFaVKQsqRmsUwxSDUaUpoUwmAToqZAp5UQpAIKXlJOApQkpgmU9pPCkK2j3PIHxSSxrqL9Tx+VYX11+uOP9WsP7PjFtnV8hv6CrkVNOn2q9v7rf8DW7+es/wCuLP8ArX/jIw+mh+B0RzMzqH0X5H0qKT31Htyb2/6Nn6Fn+F/0S8pzMi/KybMnJsddfc7dba8y5zv3nOQJU//Z/+0eVlBob3Rvc2hvcCAzLjAAOEJJTQQEAAAAAAAHHAIAAAIAAAA4QklNBCUAAAAAABDo8VzzL8EYoaJ7Z63FZNW6OEJJTQQ6AAAAAADlAAAAEAAAAAEAAAAAAAtwcmludE91dHB1dAAAAAUAAAAAUHN0U2Jvb2wBAAAAAEludGVlbnVtAAAAAEludGUAAAAAQ2xybQAAAA9wcmludFNpeHRlZW5CaXRib29sAAAAAAtwcmludGVyTmFtZVRFWFQAAAABAAAAAAAPcHJpbnRQcm9vZlNldHVwT2JqYwAAAAwAUAByAG8AbwBmACAAUwBlAHQAdQBwAAAAAAAKcHJvb2ZTZXR1cAAAAAEAAAAAQmx0bmVudW0AAAAMYnVpbHRpblByb29mAAAACXByb29mQ01ZSwA4QklNBDsAAAAAAi0AAAAQAAAAAQAAAAAAEnByaW50T3V0cHV0T3B0aW9ucwAAABcAAAAAQ3B0bmJvb2wAAAAAAENsYnJib29sAAAAAABSZ3NNYm9vbAAAAAAAQ3JuQ2Jvb2wAAAAAAENudENib29sAAAAAABMYmxzYm9vbAAAAAAATmd0dmJvb2wAAAAAAEVtbERib29sAAAAAABJbnRyYm9vbAAAAAAAQmNrZ09iamMAAAABAAAAAAAAUkdCQwAAAAMAAAAAUmQgIGRvdWJAb+AAAAAAAAAAAABHcm4gZG91YkBv4AAAAAAAAAAAAEJsICBkb3ViQG/gAAAAAAAAAAAAQnJkVFVudEYjUmx0AAAAAAAAAAAAAAAAQmxkIFVudEYjUmx0AAAAAAAAAAAAAAAAUnNsdFVudEYjUHhsQHLAAAAAAAAAAAAKdmVjdG9yRGF0YWJvb2wBAAAAAFBnUHNlbnVtAAAAAFBnUHMAAAAAUGdQQwAAAABMZWZ0VW50RiNSbHQAAAAAAAAAAAAAAABUb3AgVW50RiNSbHQAAAAAAAAAAAAAAABTY2wgVW50RiNQcmNAWQAAAAAAAAAAABBjcm9wV2hlblByaW50aW5nYm9vbAAAAAAOY3JvcFJlY3RCb3R0b21sb25nAAAAAAAAAAxjcm9wUmVjdExlZnRsb25nAAAAAAAAAA1jcm9wUmVjdFJpZ2h0bG9uZwAAAAAAAAALY3JvcFJlY3RUb3Bsb25nAAAAAAA4QklNA+0AAAAAABABLAAAAAEAAQEsAAAAAQABOEJJTQQmAAAAAAAOAAAAAAAAAAAAAD+AAAA4QklNA/IAAAAAAAoAAP///////wAAOEJJTQQNAAAAAAAEAAAAWjhCSU0EGQAAAAAABAAAAB44QklNA/MAAAAAAAkAAAAAAAAAAAEAOEJJTScQAAAAAAAKAAEAAAAAAAAAAThCSU0D9QAAAAAASAAvZmYAAQBsZmYABgAAAAAAAQAvZmYAAQChmZoABgAAAAAAAQAyAAAAAQBaAAAABgAAAAAAAQA1AAAAAQAtAAAABgAAAAAAAThCSU0D+AAAAAAAcAAA/////////////////////////////wPoAAAAAP////////////////////////////8D6AAAAAD/////////////////////////////A+gAAAAA/////////////////////////////wPoAAA4QklNBAAAAAAAAAIAAzhCSU0EAgAAAAAACAAAAAAAAAAAOEJJTQQwAAAAAAAEAQEBAThCSU0ELQAAAAAABgABAAAABjhCSU0ECAAAAAAAEAAAAAEAAAJAAAACQAAAAAA4QklNBB4AAAAAAAQAAAAAOEJJTQQaAAAAAAM3AAAABgAAAAAAAAAAAAAEOAAABDgAAAABADEAAAABAAAAAAAAAAAAAAAAAAAAAAAAAAEAAAAAAAAAAAAABDgAAAQ4AAAAAAAAAAAAAAAAAAAAAAEAAAAAAAAAAAAAAAAAAAAAAAAAEAAAAAEAAAAAAABudWxsAAAAAgAAAAZib3VuZHNPYmpjAAAAAQAAAAAAAFJjdDEAAAAEAAAAAFRvcCBsb25nAAAAAAAAAABMZWZ0bG9uZwAAAAAAAAAAQnRvbWxvbmcAAAQ4AAAAAFJnaHRsb25nAAAEOAAAAAZzbGljZXNWbExzAAAAAU9iamMAAAABAAAAAAAFc2xpY2UAAAASAAAAB3NsaWNlSURsb25nAAAAAAAAAAdncm91cElEbG9uZwAAAAAAAAAGb3JpZ2luZW51bQAAAAxFU2xpY2VPcmlnaW4AAAANYXV0b0dlbmVyYXRlZAAAAABUeXBlZW51bQAAAApFU2xpY2VUeXBlAAAAAEltZyAAAAAGYm91bmRzT2JqYwAAAAEAAAAAAABSY3QxAAAABAAAAABUb3AgbG9uZwAAAAAAAAAATGVmdGxvbmcAAAAAAAAAAEJ0b21sb25nAAAEOAAAAABSZ2h0bG9uZwAABDgAAAADdXJsVEVYVAAAAAEAAAAAAABudWxsVEVYVAAAAAEAAAAAAABNc2dlVEVYVAAAAAEAAAAAAAZhbHRUYWdURVhUAAAAAQAAAAAADmNlbGxUZXh0SXNIVE1MYm9vbAEAAAAIY2VsbFRleHRURVhUAAAAAQAAAAAACWhvcnpBbGlnbmVudW0AAAAPRVNsaWNlSG9yekFsaWduAAAAB2RlZmF1bHQAAAAJdmVydEFsaWduZW51bQAAAA9FU2xpY2VWZXJ0QWxpZ24AAAAHZGVmYXVsdAAAAAtiZ0NvbG9yVHlwZWVudW0AAAARRVNsaWNlQkdDb2xvclR5cGUAAAAATm9uZQAAAAl0b3BPdXRzZXRsb25nAAAAAAAAAApsZWZ0T3V0c2V0bG9uZwAAAAAAAAAMYm90dG9tT3V0c2V0bG9uZwAAAAAAAAALcmlnaHRPdXRzZXRsb25nAAAAAAA4QklNBCgAAAAAAAwAAAACP/AAAAAAAAA4QklNBBQAAAAAAAQAAAAGOEJJTQQMAAAAABUiAAAAAQAAAKAAAACgAAAB4AABLAAAABUGABgAAf/Y/+0ADEFkb2JlX0NNAAH/7gAOQWRvYmUAZIAAAAAB/9sAhAAMCAgICQgMCQkMEQsKCxEVDwwMDxUYExMVExMYEQwMDAwMDBEMDAwMDAwMDAwMDAwMDAwMDAwMDAwMDAwMDAwMAQ0LCw0ODRAODhAUDg4OFBQODg4OFBEMDAwMDBERDAwMDAwMEQwMDAwMDAwMDAwMDAwMDAwMDAwMDAwMDAwMDAz/wAARCACgAKADASIAAhEBAxEB/90ABAAK/8QBPwAAAQUBAQEBAQEAAAAAAAAAAwABAgQFBgcICQoLAQABBQEBAQEBAQAAAAAAAAABAAIDBAUGBwgJCgsQAAEEAQMCBAIFBwYIBQMMMwEAAhEDBCESMQVBUWETInGBMgYUkaGxQiMkFVLBYjM0coLRQwclklPw4fFjczUWorKDJkSTVGRFwqN0NhfSVeJl8rOEw9N14/NGJ5SkhbSVxNTk9KW1xdXl9VZmdoaWprbG1ub2N0dXZ3eHl6e3x9fn9xEAAgIBAgQEAwQFBgcHBgU1AQACEQMhMRIEQVFhcSITBTKBkRShsUIjwVLR8DMkYuFygpJDUxVjczTxJQYWorKDByY1wtJEk1SjF2RFVTZ0ZeLys4TD03Xj80aUpIW0lcTU5PSltcXV5fVWZnaGlqa2xtbm9ic3R1dnd4eXp7fH/9oADAMBAAIRAxEAPwDhsd0PV2ZhZ9ej1dYZIUXVl6JTVuVe2vadFdrGiBkAQitcvK4VTcrmSJCoHlOCEjXaqxW5VWjVHqe2QNwnw7/ckQoOriCSJWkIA0VTp/TOq3wcfByrh4sosI/zti12fV/6wkf8mZXzqI/Khqu0cvJJIVIAhy3bvq/10CXdMy/lS8/9S1yycnGycZ8ZNFtEf6Wt7P8Az41qaYldGQWYFZZoFWYQRLSCPEao7DISCSWxS/VWzYRWfgqdXKsWH9GUAklwcwzeUqQdwhPfWXXEqdLdQFHWrLxaOtQTtbKu1iFWxq/aFdDYCJCy3//Q4Jv01dq1grPaeCr1LtAoyyN1ujVXyHaFGB9qtdK6Bn9dyHVYm2qikbsrMt0ppbG73u/Ps2/Rp/7c9Kv9IkgvP2guIY0FznnaxoElxPDWNb7nOW1g/wCL3qtrW39Xtr6Lj2asGQC/JcPGrAq/S/8AbzqV2fS8LpfRmgdEZvuI23dXuaHZDwfpfY63D08Wh3+vqfzym3D9S4vd6ll9mrtS+x3m61+5ygyc1GOkBxnv+j/6E2MfKk6zPAO36X/oLi4v1b+qWCB+qW9Qs0/TZ1hrYHDuzCxNrtn8m962sTLsoBb02mrDadIwcauoT/xrm2v/AOkr9HTA2o2hjWtAkuJEf2r3+13/AFltii217tzWNa3wB9zj98f9SoJ5cx+aRjewj6WeOPCPliJVuZepqnJ6y8+63JcD2daWn/wMtVZ78lzi023sfzBteZ+Dg9bdGBYXBtTnOtA/TAahh/d3hwY1yrdZxb6Qx72w/Vu8DQyOf6yYROrPFXdeJQvhAjbjszepBxFWTkgg8tufHz3u2o9fXOu0/RzbHDuLNtoP+fWnZiZJp31UvdTE79pLSf3uPpIBBMbhPgeQfmm8UxtKQ+pX8EDvGJ+ls7cjDzCP2j0rCzdfdZW041x/67Sqlv1f+r2SYwcy3pWQfo4+cPUpJ/dry2e5n/XbLf8Ai1epOH9C9lgJBItrcDpH51Nsf9G1TswSKjbjvblUAe/aDLQRI9ap/vr3f9t/y1LHPlGtiY7S3/75ingxHoYHuNv+9eezug9V6SZz6NlRPsyWHfS6fo7bm/R3fuXelYqVhdtIC6rDzszp8sxHD0XyLMG/3UPB+k1rf8Fu/wCD/wCuVPQ87oOH1TFtzPq9Wasqn3ZXR3kbmz+fhu/Ob/o2fzNn+C9Cz9ArOLLDJoPTL90/9y1suKePU+qP7w/7p4khxeRCs4+PBBKEx253gZggiCCDDmuB+i5q0KmgBSUAssltUQDCtRJCrtbARWvgbj2TaS//0fPGFXcd2gVBngrlBjU8DumFeHoPq90TJ671BuFSTXW0epk3/wCjrBjcJ9vq2fQp/wA/6Fa7Nz6LKmdP6XUKuj4382wf4VwPuyr591m53816n87/AEmz/BenV6dino31Sx6WjZnda/TZDjyKoDvS/q+i+nH/APQjISFoLSY2kjgaaE7YVXmstfqx2uf/AHra5bFY9w96h/3yeqb7fQqcGDVz7D2aPpPMLcxuntYzYxgEwSbNfgb/APSWf8D/ADVSy+iMYfcdfUsAP9VgdYG/561bb7BuAd7WVPe7xc4hR4YxEeKQtfmlLi4YmqcvKuvteW7zYWEtZ4F0xuaP+oRqqLcWuywtlzay9j49znfRk/8AFoXTGh2QGnkBrtfMOcujYyt9Qa4AjggoYcRyEm6PRWXIMdRrTqj6R6X7NoNRDgWgvI/fP85u/l7kW/HrvaGWtDmhwfB4lpWNk42V0u85GA/ayz6dbx+jP9f81rv5at4vXarWXfaqzj24zd9jOQW8bq/7X5qswyxr2sg4DEVR+SVMMscr9yB4gTf9eNuqPL5Lk/rAMZnUwynaHOYPXa3jfJ2zt+i9LK691POsNOIDS3syv+cIOo3Wfyv5CP076t3OItzSWDu2Ze74/uf1v5xR5cnvejHEmj8xZMWP2fXkkBY+QOHsdWWtsn07XEtcdYg7TP8AJRa7LarQWkh7XFrbGmDA9u126P8AprR679nFoFbQKsdoqaG8T9I/5jVU6XZj09RrsvZvqEg+3dyPbuZ7voqvVS4b2NcX7WyJXDirpfCo10ZUtI2Wz7WgQHedTAf0dv8AwH/bP+jVJv2jEyKrarBVk1CaL28EH8x4P85VZ/hK1tddwa8e9luO0inJhzA2fa8fua/ne16p3trycbc6N0EzH5wLfU4/e/nf5H6VGUTGRG0o7EIjISiDvGXQtP6ydJx+p4TvrLgVellVadWxW66t+nktj/CVN99n+nxf0385UucqIldf0LNOF1Krf/NZMUXDsd39Ht/zz6P9S9c11rAHSusZeAwRVU/dQP8AgrALaW/9ba/0f+tq5iye5ASPzDSXn3aWWHtzMeh1j5dmQeNo+CDZdDSFBlstVeyyXEJ5QH//0vOW6OV2hgsfXV2se1h/tuaz/vyBjY92XeyjHrddfaYrrYJcSvS/q1/i7oxGDJ6sRfmETVS0/oqnR7Hf8LaxybVrrp1frSHMyAK5ApxWBjRpIc+zc1u72/mMWHVcbGw6Q4aEHnT879381b3WmOysLCzWTvfUabD2Dgd+1/8Aa9Vcw15qu9N7YcPx+IWdzIIyy8adLliDijXR2um5XoPaHfRDgPn/AOZtWy6oWvdBI2jcCPA+0rmGENEjgjjv5R/3xa+Bnuc5o/wtclh/NcD9Jv8AUd/0E3HIfLLa0ZYH5o7sSMjpuU2wiQ0w5v7zeWuaV0mHkUZNIuocHNd4diq7Rj51O3u3QtP0mH90rByKs3o+Sbcdxra46SJrePB38pTi8B4h68Uu28WI1m9J9OUd9pPXESCOx0IWZmdIryLfTrmquwAW7ewad36L9zehdO+smPkubTkMNF7jAj3MJ8nK7l9UwMMxkWhryJ2AEuj4NU8pYcsLMhwg9fT/AILDGOXHKgDxeGv1S42Jh4Ve2ittTRy7uf6z3e5V+odQFVJcXejVwbDyf+Kb+cszL+tdIO3Ep3u7Ps0+5oWNfkZOXcbMh5sd+aSCAJ/Na0FQ5eYiI8GPb+r6QzYuXkZcWT8dZM8jIffbva3awSK2yJH7xs/rrSxujOd06zM9YgtaX1VtgxH0hafoo/R+mUMacvKZvJP6JrhMmP8ARa73I2Zk72WY1bhW1zt2ZcCNtbf9FuH0rdFFHGBHinrxA8MfH9GTLLITIRhpwkcUvDqEJ3ZPTel1k+9+QNjo12tJ7f1VRt2+pc9vta6y14b5fzbXD+S5zledaKK25TWbAGGnp1LtCGu/ncuwf1VlPcG0gM0a8xWHaHa3zd7fe/8AeQmdu9D/AJseGKYDftZ/5x4pNaxjPs77JEsIc14I53Nc36P0vd9FE/xi9OzPt9XVGUOdi/Z21XXNEhr2PsP6Xb7me23+c+gnwca3KyMbDA0yLmuskcV0n1rj/wBD0/8Ari7bIyQx+1phzdHEH5qxyUfTMnY0Ps/9Ga/OS9UR2s/b/wCivmnTPqh13MaLLK24NLtQ7JJa8j95uMwOu/7d9Fa7P8Wos9zuqnd/Jxxt/wClduXQ5WUBZJcoV9WrZEkn4K3wBq8Zf//T3vqh9UMToGKLXgW9RuaPXvI4/wCBp/drb/4IuhOnyUiUG5+1pT9lNKv0nX5PSrSGNyCb8V/7ryd72/2bf/ArFzXWOnWVWPL2w4Sxw1BY7817dpV/qVlrmepWT69D5aRodRvH/flcwOpYXXaBXcW15rRtBOgfH5jv9f0aq8xh9wWPmH4/1Wxy+b2zR+UvLUZFjYa8SAAD8vzlereNHA6DWexPy+g5F6j9X7a3OFQIc3XYdCJ/d/NWY2y6h22wajRwOmvCzjEg0Q6IIkLBdujOvqc3lx5BGj4/79/ZWlT1zeCx5HnuAP8AnN+i7/MYuaZk1E7XHb5RwVYbYTofcP8AO/6r3J0Ms47EhZLFGW4egp+w3WAmikOnS2sem6f6sualkYXTn3vfksfdbYS4kOgD+SsL1NrgQfIbXEEf5ysPyXMeGXueQILhvYQfwTxlFaxG/ZZ7UgdJHbu6TcPpjRAoDGjs57j+XYz/AKaf1enY49jGweDA2/8Afa//AARZhupNktZY6fzGvgfLY1Mb2tMsoYw/vWS939YOtO3/AKCHGOgj9ifbPUy+3+10nZt+TIoa41xtc9p2wP3X5Lwxldf8jHaguyMeprYDclw/m6mgjHYf3tv08qxUb8v1TNtrnhupb2Hw/Mb/ANtqu7MIa11bC1ryWtedTI+k0v8AptQMydd/E/8Aerhj+nh/6E3cix73Puy7HFz+Wkw9w/NZtb7KaWfuqtZa61wtcQKhqT2bt/N/k/yUNrDa9jTua5xADWtJc7/i2f4Ry6Lp3SPSLcjPj2GaMbQ7SPovtI/nLv8AwKlOxYp5ZUNusluTLHENd+g/71J0DAsxKn9Sy2kX2N21VHQsqHuax3/CW/zt3/W61Xvz7HuLW6vcSZ+Oq1cq5xpsLjECB4AFZmNgV21OdaDFvA8vpf8ASctSGMQiIjo5k5mUjI9XCzczMFhAYWgfnugk/wArvtVC2y610auLjHiV2bej4Xdp+9HrxcPEixlbQ4cEiTKRx31SJ10f/9TvHOQLngtITPtgKvbaNU61OdlsO6z+WJPxHC53Mpsqu+0Y5LbJlwHeO/8AXXS3nd5ysjLrglNKmx0362hzG4/U2esxv0bOHt/tLWON07qTJx3syP5L4bYPn9Fy4y/HBJI0KHXZfQ4Fri0jwUc8cZ/ML/NkhllDYvTZP1fLXAtJr28NtGnyeqj+k9QYSaxv7S13I/tIWJ9Z+qUN2mz1Gfuu1H4rRq+tND/5/FaT3LPaf+iq8uTHQ/a2Y84eoaBo6g2d1L2ujQgBR9TKDZcx26YgtMyFtM690l49zLWfBwP/AFSf9qdGd/hLx/m/+RTDyk+hH2rxzceocMWZT2ktLvUa7a6uCJaf8I395T+zZloEscBuJl0tj+S6fa7ctj9odGmf0zz/AFo/6mFL9pdO0LMVrz2Nri7/AKrciOTn1I/NR5yPQFzKOl2vI3P3OIgNrG9wPh7PzVoY/wBXXtIfaRisiHGwh7nR+eKf5ut/9Zym7rWU5u2oNqZxDBCE2y+90vcXeZU0OUgPm9X4MM+bmdvS6dDsDBBbiML7CIdc8y4/2v3f5LFZqNljvUtPwCo49YbB5P4K/XwrUYgCgKHg1pEk2TZSEbgZ11SAMxElHorb6Ic50F0mEnvrbxonLUYBbzyquTe1gJmXeP8AclkZf5rfkAoU9Pstd6mTLW9q/wA4/wBb9xqVqp//1evsGiqWTPzVpxVa5vcIlLWdM/AKnlMB1Vx3dV3xqDwmqce1sGEEsB5Cv5FWpVbYkhqmmCY4TtYVY9PVTbV5IqQtYfBFbWUZtXkitYlSbRNrKsV1ucAOwTtYjVhFTOutsCdY7K5V4IFYVqpqKG1Q1W9G1kn4D5oWPWTCtuxS+ATDW/iUUIHZR8APCFEVZFx19jfE/wDkVcZj118DXx7qRgJJQ041VOrRL/3jz8v3VMlIlQJSQ//W7fMwn0zY330HUP8AD+S9Z79FpYfV2tf6eRHpu0nsPio5/TpYb8MbqzqaxrH8quPpM/kfmIpcS5sGRwqVz9sq1Za4y3jxVO1m7lNKGs607p7KWxrxubqFB9TghB9lTtzfmDwUkNgVaojaksfIpvO0HbZ+4ef7P7yshicFIRWpBiNsS2FFLBrUVjFKuonsrFdJnhKlMa2K7j0kkJUYxMEiB4rVxqGVgEiSiAi2eNQKwHOGvYIroSlRJRUs4oTipkqBgoKYEqJkqZA7lMSOySn/1+gfKlV1DKxmPZW72PBBadR8QpXM2mWncx2rHeI8D/Lb+cgObKbqvNU13GVAtVh1ahsRWISwFCsxmu7K36aXppKcuzp+7jVPW7qdGjXC1o/NtE/dY2LP+rWoKlJtKIRTSr6lYNLsO0edRbYPuf6L1Yr6njH/AAWSD4Ghx/6ncrTKR4KxXSE4Ia1WUH/zeNkO+LG1j/wV7VeoqyrNSxlA+PqO/wC+Vt/8ERa6wFYZoipJTUyvWS537ztT/wCY/wBlHDkEFOHIpTbki5C3JbkFMiVElMXJiUlKJUXJ5Uq6y93kkl//0LP1a+s2N1fEGoba0AX0nlrv3h/J/cetxtTTwfgvDsPMycLIZk4rzXazgjuP3XD85q9E+rf13xswNoyyKMnjaT7Xedbj/wBQgl6t1cEiNQomvyRqbqb2gtcDKL6QTgENP00vTKuel5JeifBGkNQVFEbUrIpUxWlSkLKkZrFMMUg1GlKaFMJgE6KmQKeVEKQCCl5STgKUJKYJlPaTwpCto9zyB8Uksa6i/U8flWF9dfrjj/VrD+z4xbZ1fIb+gq5FTTp9qvb+63/A1u/nrP8Ariz/AK1/4yMPpofgdEczM6h9F+R9Kik99R7cm9v+jZ+hZ/hf9EvKczIvysmzJybHXX3O3W2vMuc795zkCVP/2ThCSU0EIQAAAAAAVwAAAAEBAAAADwBBAGQAbwBiAGUAIABQAGgAbwB0AG8AcwBoAG8AcAAAABQAQQBkAG8AYgBlACAAUABoAG8AdABvAHMAaABvAHAAIAAyADAAMgAwAAAAAQA4QklNBAYAAAAAAAcABQAAAAEBAP/hEnFodHRwOi8vbnMuYWRvYmUuY29tL3hhcC8xLjAvADw/eHBhY2tldCBiZWdpbj0i77u/IiBpZD0iVzVNME1wQ2VoaUh6cmVTek5UY3prYzlkIj8+IDx4OnhtcG1ldGEgeG1sbnM6eD0iYWRvYmU6bnM6bWV0YS8iIHg6eG1wdGs9IkFkb2JlIFhNUCBDb3JlIDUuNi1jMTQ4IDc5LjE2NDAzNiwgMjAxOS8wOC8xMy0wMTowNjo1NyAgICAgICAgIj4gPHJkZjpSREYgeG1sbnM6cmRmPSJodHRwOi8vd3d3LnczLm9yZy8xOTk5LzAyLzIyLXJkZi1zeW50YXgtbnMjIj4gPHJkZjpEZXNjcmlwdGlvbiByZGY6YWJvdXQ9IiIgeG1sbnM6eG1wPSJodHRwOi8vbnMuYWRvYmUuY29tL3hhcC8xLjAvIiB4bWxuczpwaG90b3Nob3A9Imh0dHA6Ly9ucy5hZG9iZS5jb20vcGhvdG9zaG9wLzEuMC8iIHhtbG5zOmRjPSJodHRwOi8vcHVybC5vcmcvZGMvZWxlbWVudHMvMS4xLyIgeG1sbnM6eG1wTU09Imh0dHA6Ly9ucy5hZG9iZS5jb20veGFwLzEuMC9tbS8iIHhtbG5zOnN0RXZ0PSJodHRwOi8vbnMuYWRvYmUuY29tL3hhcC8xLjAvc1R5cGUvUmVzb3VyY2VFdmVudCMiIHhtbG5zOnN0UmVmPSJodHRwOi8vbnMuYWRvYmUuY29tL3hhcC8xLjAvc1R5cGUvUmVzb3VyY2VSZWYjIiB4bXA6Q3JlYXRvclRvb2w9IkFkb2JlIFBob3Rvc2hvcCAyMS4wIChXaW5kb3dzKSIgeG1wOkNyZWF0ZURhdGU9IjIwMjItMDItMTdUMTQ6Mjk6MDErMDU6MzAiIHhtcDpNZXRhZGF0YURhdGU9IjIwMjItMDItMThUMTQ6NDM6MTcrMDU6MzAiIHhtcDpNb2RpZnlEYXRlPSIyMDIyLTAyLTE4VDE0OjQzOjE3KzA1OjMwIiBwaG90b3Nob3A6Q29sb3JNb2RlPSIzIiBwaG90b3Nob3A6SUNDUHJvZmlsZT0ic1JHQiBJRUM2MTk2Ni0yLjEiIGRjOmZvcm1hdD0iaW1hZ2UvanBlZyIgeG1wTU06SW5zdGFuY2VJRD0ieG1wLmlpZDpkMTM5OGQ1ZS01NjhkLWNmNDItYWNjNy1lYzY1NmVkNjUwYTIiIHhtcE1NOkRvY3VtZW50SUQ9ImFkb2JlOmRvY2lkOnBob3Rvc2hvcDo4MmU2NzA2MC1jZTU5LTkzNGItODZiYi1lOGNkZGMyNmRkMTMiIHhtcE1NOk9yaWdpbmFsRG9jdW1lbnRJRD0ieG1wLmRpZDoyN2VhNDc3Mi0wNWYzLWUzNDQtYTUxNy0wMjFhZDdmNDQ3ZTgiPiA8cGhvdG9zaG9wOkRvY3VtZW50QW5jZXN0b3JzPiA8cmRmOkJhZz4gPHJkZjpsaT4xOUMwNDhCRTlDNDFGRDQyNEQ5MDQ3N0UzNjIxQ0QxQjwvcmRmOmxpPiA8cmRmOmxpPjY3ODlENzY5RTlDQzdFN0ZCMjVGREU4MDYxNTYyMURGPC9yZGY6bGk+IDxyZGY6bGk+Rjk0QTU5MEM4QjIyQTQ3NjdCN0UxMDdCNzA4QzUyMUI8L3JkZjpsaT4gPC9yZGY6QmFnPiA8L3Bob3Rvc2hvcDpEb2N1bWVudEFuY2VzdG9ycz4gPHhtcE1NOkhpc3Rvcnk+IDxyZGY6U2VxPiA8cmRmOmxpIHN0RXZ0OmFjdGlvbj0iY3JlYXRlZCIgc3RFdnQ6aW5zdGFuY2VJRD0ieG1wLmlpZDoyN2VhNDc3Mi0wNWYzLWUzNDQtYTUxNy0wMjFhZDdmNDQ3ZTgiIHN0RXZ0OndoZW49IjIwMjItMDItMTdUMTQ6Mjk6MDErMDU6MzAiIHN0RXZ0OnNvZnR3YXJlQWdlbnQ9IkFkb2JlIFBob3Rvc2hvcCAyMS4wIChXaW5kb3dzKSIvPiA8cmRmOmxpIHN0RXZ0OmFjdGlvbj0ic2F2ZWQiIHN0RXZ0Omluc3RhbmNlSUQ9InhtcC5paWQ6Y2Y5YTQwNzYtY2Y4YS1hMzQ4LTk5MDMtMzQ5OWVmYTY1ODE0IiBzdEV2dDp3aGVuPSIyMDIyLTAyLTE4VDE0OjQxOjUyKzA1OjMwIiBzdEV2dDpzb2Z0d2FyZUFnZW50PSJBZG9iZSBQaG90b3Nob3AgMjEuMCAoV2luZG93cykiIHN0RXZ0OmNoYW5nZWQ9Ii8iLz4gPHJkZjpsaSBzdEV2dDphY3Rpb249InNhdmVkIiBzdEV2dDppbnN0YW5jZUlEPSJ4bXAuaWlkOmY0YTlhZWMzLTJiMDEtNWM0ZS05MGFhLWIwNTYzM2UyMzNiNCIgc3RFdnQ6d2hlbj0iMjAyMi0wMi0xOFQxNDo0MzoxNyswNTozMCIgc3RFdnQ6c29mdHdhcmVBZ2VudD0iQWRvYmUgUGhvdG9zaG9wIDIxLjAgKFdpbmRvd3MpIiBzdEV2dDpjaGFuZ2VkPSIvIi8+IDxyZGY6bGkgc3RFdnQ6YWN0aW9uPSJjb252ZXJ0ZWQiIHN0RXZ0OnBhcmFtZXRlcnM9ImZyb20gYXBwbGljYXRpb24vdm5kLmFkb2JlLnBob3Rvc2hvcCB0byBpbWFnZS9qcGVnIi8+IDxyZGY6bGkgc3RFdnQ6YWN0aW9uPSJkZXJpdmVkIiBzdEV2dDpwYXJhbWV0ZXJzPSJjb252ZXJ0ZWQgZnJvbSBhcHBsaWNhdGlvbi92bmQuYWRvYmUucGhvdG9zaG9wIHRvIGltYWdlL2pwZWciLz4gPHJkZjpsaSBzdEV2dDphY3Rpb249InNhdmVkIiBzdEV2dDppbnN0YW5jZUlEPSJ4bXAuaWlkOmQxMzk4ZDVlLTU2OGQtY2Y0Mi1hY2M3LWVjNjU2ZWQ2NTBhMiIgc3RFdnQ6d2hlbj0iMjAyMi0wMi0xOFQxNDo0MzoxNyswNTozMCIgc3RFdnQ6c29mdHdhcmVBZ2VudD0iQWRvYmUgUGhvdG9zaG9wIDIxLjAgKFdpbmRvd3MpIiBzdEV2dDpjaGFuZ2VkPSIvIi8+IDwvcmRmOlNlcT4gPC94bXBNTTpIaXN0b3J5PiA8eG1wTU06RGVyaXZlZEZyb20gc3RSZWY6aW5zdGFuY2VJRD0ieG1wLmlpZDpmNGE5YWVjMy0yYjAxLTVjNGUtOTBhYS1iMDU2MzNlMjMzYjQiIHN0UmVmOmRvY3VtZW50SUQ9InhtcC5kaWQ6MjdlYTQ3NzItMDVmMy1lMzQ0LWE1MTctMDIxYWQ3ZjQ0N2U4IiBzdFJlZjpvcmlnaW5hbERvY3VtZW50SUQ9InhtcC5kaWQ6MjdlYTQ3NzItMDVmMy1lMzQ0LWE1MTctMDIxYWQ3ZjQ0N2U4Ii8+IDwvcmRmOkRlc2NyaXB0aW9uPiA8L3JkZjpSREY+IDwveDp4bXBtZXRhPiAgICAgICAgICAgICAgICAgICAgICAgICAgICAgICAgICAgICAgICAgICAgICAgICAgICAgICAgICAgICAgICAgICAgICAgICAgICAgICAgICAgICAgICAgICAgICAgICAgICAgICAgICAgICAgICAgICAgICAgICAgICAgICAgICAgICAgICAgICAgICAgICAgICAgICAgICAgICAgICAgICAgICAgICAgICAgICAgICAgICAgICAgICAgICAgICAgICAgICAgICAgICAgICAgICAgICAgICAgICAgICAgICAgICAgICAgICAgICAgICAgICAgICAgICAgICAgICAgICAgICAgICAgICAgICAgICAgICAgICAgICAgICAgICAgICAgICAgICAgICAgICAgICAgICAgICAgICAgICAgICAgICAgICAgICAgICAgICAgICAgICAgICAgICAgICAgICAgICAgICAgICAgICAgICAgICAgICAgICAgICAgICAgICAgICAgICAgICAgICAgICAgICAgICAgICAgICAgICAgICAgICAgICAgICAgICAgICAgICAgICAgICAgICAgICAgICAgICAgICAgICAgICAgICAgICAgICAgICAgICAgICAgICAgICAgICAgICAgICAgICAgICAgICAgICAgICAgICAgICAgICAgICAgICAgICAgICAgICAgICAgICAgICAgICAgICAgICAgICAgICAgICAgICAgICAgICAgICAgICAgICAgICAgICAgICAgICAgICAgICAgICAgICAgICAgICAgICAgICAgICAgICAgICAgICAgICAgICAgICAgICAgICAgICAgICAgICAgICAgICAgICAgICAgICAgICAgICAgICAgICAgICAgICAgICAgICAgICAgICAgICAgICAgICAgICAgICAgICAgICAgICAgICAgICAgICAgICAgICAgICAgICAgICAgICAgICAgICAgICAgICAgICAgICAgICAgICAgICAgICAgICAgICAgICAgICAgICAgICAgICAgICAgICAgICAgICAgICAgICAgICAgICAgICAgICAgICAgICAgICAgICAgICAgICAgICAgICAgICAgICAgICAgICAgICAgICAgICAgICAgICAgICAgICAgICAgICAgICAgICAgICAgICAgICAgICAgICAgICAgICAgICAgICAgICAgICAgICAgICAgICAgICAgICAgICAgICAgICAgICAgICAgICAgICAgICAgICAgICAgICAgICAgICAgICAgICAgICAgICAgICAgICAgICAgICAgICAgICAgICAgICAgICAgICAgICAgICAgICAgICAgICAgICAgICAgICAgICAgICAgICAgICAgICAgICAgICAgICAgICAgICAgICAgICAgICAgICAgICAgICAgICAgICAgICAgICAgICAgICAgICAgICAgICAgICAgICAgICAgICAgICAgICAgICAgICAgICAgICAgICAgICAgICAgICAgICAgICAgICAgICAgICAgICAgICAgICAgICAgICAgICAgICAgICAgICAgICAgICAgICAgICAgICAgICAgICAgICAgICAgICAgICAgICAgICAgICAgICAgICAgICAgICAgICAgICAgICAgICAgICAgICAgICAgICAgICAgICAgICAgICAgICAgICAgICAgICAgICAgICAgICAgICAgICAgICAgICAgICAgICAgICAgICAgICAgICAgICAgICAgICAgICAgICAgICAgICAgICAgICAgICAgICAgICAgICAgICAgICAgICAgICAgICAgICAgICAgICAgICAgICAgICAgICAgICAgICAgICAgICAgICAgICAgICAgICAgICAgICAgICAgICAgICAgICAgICAgICAgICAgICAgICAgICAgICAgICAgICAgICAgICAgICAgICAgICAgICAgICAgICAgICAgICAgICAgICAgICAgICAgICAgICAgICAgICAgICAgICAgICAgICAgICAgICAgICAgICAgICAgICAgICAgICAgICAgICAgICAgICAgICAgICAgICAgICAgICAgICAgICAgICAgICAgICAgICAgICAgICAgICAgICAgICAgICAgICAgICAgICAgICAgICAgICAgICAgICAgICAgICAgICAgICAgICAgICAgICAgICAgICAgICAgICAgICAgICAgICAgICAgICAgICAgICAgICAgICAgICAgICAgICAgICAgICAgICAgICAgICAgICAgICAgICAgICAgICAgICAgICAgICAgICAgICAgICAgICAgICAgICAgICAgICAgICAgICAgICAgICAgICAgICAgICAgICAgICAgICAgICAgICAgICAgICAgICAgICAgICAgICAgICAgICAgICAgICAgICAgICAgICAgICAgICAgICAgICAgICAgICAgICAgICAgICAgICAgICAgICAgICAgICAgICAgICAgICAgICAgICAgICAgICAgICAgICAgICAgICAgICAgICAgICAgICAgICAgICAgICAgICAgICAgICAgICAgICAgICAgICAgICAgICAgICAgICAgICAgICAgICAgICAgICAgICAgICAgICAgICAgICAgICAgICAgIDw/eHBhY2tldCBlbmQ9InciPz7/4gxYSUNDX1BST0ZJTEUAAQEAAAxITGlubwIQAABtbnRyUkdCIFhZWiAHzgACAAkABgAxAABhY3NwTVNGVAAAAABJRUMgc1JHQgAAAAAAAAAAAAAAAQAA9tYAAQAAAADTLUhQICAAAAAAAAAAAAAAAAAAAAAAAAAAAAAAAAAAAAAAAAAAAAAAAAAAAAAAAAAAAAAAABFjcHJ0AAABUAAAADNkZXNjAAABhAAAAGx3dHB0AAAB8AAAABRia3B0AAACBAAAABRyWFlaAAACGAAAABRnWFlaAAACLAAAABRiWFlaAAACQAAAABRkbW5kAAACVAAAAHBkbWRkAAACxAAAAIh2dWVkAAADTAAAAIZ2aWV3AAAD1AAAACRsdW1pAAAD+AAAABRtZWFzAAAEDAAAACR0ZWNoAAAEMAAAAAxyVFJDAAAEPAAACAxnVFJDAAAEPAAACAxiVFJDAAAEPAAACAx0ZXh0AAAAAENvcHlyaWdodCAoYykgMTk5OCBIZXdsZXR0LVBhY2thcmQgQ29tcGFueQAAZGVzYwAAAAAAAAASc1JHQiBJRUM2MTk2Ni0yLjEAAAAAAAAAAAAAABJzUkdCIElFQzYxOTY2LTIuMQAAAAAAAAAAAAAAAAAAAAAAAAAAAAAAAAAAAAAAAAAAAAAAAAAAAAAAAAAAAAAAAAAAWFlaIAAAAAAAAPNRAAEAAAABFsxYWVogAAAAAAAAAAAAAAAAAAAAAFhZWiAAAAAAAABvogAAOPUAAAOQWFlaIAAAAAAAAGKZAAC3hQAAGNpYWVogAAAAAAAAJKAAAA+EAAC2z2Rlc2MAAAAAAAAAFklFQyBodHRwOi8vd3d3LmllYy5jaAAAAAAAAAAAAAAAFklFQyBodHRwOi8vd3d3LmllYy5jaAAAAAAAAAAAAAAAAAAAAAAAAAAAAAAAAAAAAAAAAAAAAAAAAAAAAAAAAAAAAABkZXNjAAAAAAAAAC5JRUMgNjE5NjYtMi4xIERlZmF1bHQgUkdCIGNvbG91ciBzcGFjZSAtIHNSR0IAAAAAAAAAAAAAAC5JRUMgNjE5NjYtMi4xIERlZmF1bHQgUkdCIGNvbG91ciBzcGFjZSAtIHNSR0IAAAAAAAAAAAAAAAAAAAAAAAAAAAAAZGVzYwAAAAAAAAAsUmVmZXJlbmNlIFZpZXdpbmcgQ29uZGl0aW9uIGluIElFQzYxOTY2LTIuMQAAAAAAAAAAAAAALFJlZmVyZW5jZSBWaWV3aW5nIENvbmRpdGlvbiBpbiBJRUM2MTk2Ni0yLjEAAAAAAAAAAAAAAAAAAAAAAAAAAAAAAAAAAHZpZXcAAAAAABOk/gAUXy4AEM8UAAPtzAAEEwsAA1yeAAAAAVhZWiAAAAAAAEwJVgBQAAAAVx/nbWVhcwAAAAAAAAABAAAAAAAAAAAAAAAAAAAAAAAAAo8AAAACc2lnIAAAAABDUlQgY3VydgAAAAAAAAQAAAAABQAKAA8AFAAZAB4AIwAoAC0AMgA3ADsAQABFAEoATwBUAFkAXgBjAGgAbQByAHcAfACBAIYAiwCQAJUAmgCfAKQAqQCuALIAtwC8AMEAxgDLANAA1QDbAOAA5QDrAPAA9gD7AQEBBwENARMBGQEfASUBKwEyATgBPgFFAUwBUgFZAWABZwFuAXUBfAGDAYsBkgGaAaEBqQGxAbkBwQHJAdEB2QHhAekB8gH6AgMCDAIUAh0CJgIvAjgCQQJLAlQCXQJnAnECegKEAo4CmAKiAqwCtgLBAssC1QLgAusC9QMAAwsDFgMhAy0DOANDA08DWgNmA3IDfgOKA5YDogOuA7oDxwPTA+AD7AP5BAYEEwQgBC0EOwRIBFUEYwRxBH4EjASaBKgEtgTEBNME4QTwBP4FDQUcBSsFOgVJBVgFZwV3BYYFlgWmBbUFxQXVBeUF9gYGBhYGJwY3BkgGWQZqBnsGjAadBq8GwAbRBuMG9QcHBxkHKwc9B08HYQd0B4YHmQesB78H0gflB/gICwgfCDIIRghaCG4IggiWCKoIvgjSCOcI+wkQCSUJOglPCWQJeQmPCaQJugnPCeUJ+woRCicKPQpUCmoKgQqYCq4KxQrcCvMLCwsiCzkLUQtpC4ALmAuwC8gL4Qv5DBIMKgxDDFwMdQyODKcMwAzZDPMNDQ0mDUANWg10DY4NqQ3DDd4N+A4TDi4OSQ5kDn8Omw62DtIO7g8JDyUPQQ9eD3oPlg+zD88P7BAJECYQQxBhEH4QmxC5ENcQ9RETETERTxFtEYwRqhHJEegSBxImEkUSZBKEEqMSwxLjEwMTIxNDE2MTgxOkE8UT5RQGFCcUSRRqFIsUrRTOFPAVEhU0FVYVeBWbFb0V4BYDFiYWSRZsFo8WshbWFvoXHRdBF2UXiReuF9IX9xgbGEAYZRiKGK8Y1Rj6GSAZRRlrGZEZtxndGgQaKhpRGncanhrFGuwbFBs7G2MbihuyG9ocAhwqHFIcexyjHMwc9R0eHUcdcB2ZHcMd7B4WHkAeah6UHr4e6R8THz4faR+UH78f6iAVIEEgbCCYIMQg8CEcIUghdSGhIc4h+yInIlUigiKvIt0jCiM4I2YjlCPCI/AkHyRNJHwkqyTaJQklOCVoJZclxyX3JicmVyaHJrcm6CcYJ0kneierJ9woDSg/KHEooijUKQYpOClrKZ0p0CoCKjUqaCqbKs8rAis2K2krnSvRLAUsOSxuLKIs1y0MLUEtdi2rLeEuFi5MLoIuty7uLyQvWi+RL8cv/jA1MGwwpDDbMRIxSjGCMbox8jIqMmMymzLUMw0zRjN/M7gz8TQrNGU0njTYNRM1TTWHNcI1/TY3NnI2rjbpNyQ3YDecN9c4FDhQOIw4yDkFOUI5fzm8Ofk6Njp0OrI67zstO2s7qjvoPCc8ZTykPOM9Ij1hPaE94D4gPmA+oD7gPyE/YT+iP+JAI0BkQKZA50EpQWpBrEHuQjBCckK1QvdDOkN9Q8BEA0RHRIpEzkUSRVVFmkXeRiJGZ0arRvBHNUd7R8BIBUhLSJFI10kdSWNJqUnwSjdKfUrESwxLU0uaS+JMKkxyTLpNAk1KTZNN3E4lTm5Ot08AT0lPk0/dUCdQcVC7UQZRUFGbUeZSMVJ8UsdTE1NfU6pT9lRCVI9U21UoVXVVwlYPVlxWqVb3V0RXklfgWC9YfVjLWRpZaVm4WgdaVlqmWvVbRVuVW+VcNVyGXNZdJ114XcleGl5sXr1fD19hX7NgBWBXYKpg/GFPYaJh9WJJYpxi8GNDY5dj62RAZJRk6WU9ZZJl52Y9ZpJm6Gc9Z5Nn6Wg/aJZo7GlDaZpp8WpIap9q92tPa6dr/2xXbK9tCG1gbbluEm5rbsRvHm94b9FwK3CGcOBxOnGVcfByS3KmcwFzXXO4dBR0cHTMdSh1hXXhdj52m3b4d1Z3s3gReG54zHkqeYl553pGeqV7BHtje8J8IXyBfOF9QX2hfgF+Yn7CfyN/hH/lgEeAqIEKgWuBzYIwgpKC9INXg7qEHYSAhOOFR4Wrhg6GcobXhzuHn4gEiGmIzokziZmJ/opkisqLMIuWi/yMY4zKjTGNmI3/jmaOzo82j56QBpBukNaRP5GokhGSepLjk02TtpQglIqU9JVflcmWNJaflwqXdZfgmEyYuJkkmZCZ/JpomtWbQpuvnByciZz3nWSd0p5Anq6fHZ+Ln/qgaaDYoUehtqImopajBqN2o+akVqTHpTilqaYapoum/adup+CoUqjEqTepqaocqo+rAqt1q+msXKzQrUStuK4trqGvFq+LsACwdbDqsWCx1rJLssKzOLOutCW0nLUTtYq2AbZ5tvC3aLfguFm40blKucK6O7q1uy67p7whvJu9Fb2Pvgq+hL7/v3q/9cBwwOzBZ8Hjwl/C28NYw9TEUcTOxUvFyMZGxsPHQce/yD3IvMk6ybnKOMq3yzbLtsw1zLXNNc21zjbOts83z7jQOdC60TzRvtI/0sHTRNPG1EnUy9VO1dHWVdbY11zX4Nhk2OjZbNnx2nba+9uA3AXcit0Q3ZbeHN6i3ynfr+A24L3hROHM4lPi2+Nj4+vkc+T85YTmDeaW5x/nqegy6LzpRunQ6lvq5etw6/vshu0R7ZzuKO6070DvzPBY8OXxcvH/8ozzGfOn9DT0wvVQ9d72bfb794r4Gfio+Tj5x/pX+uf7d/wH/Jj9Kf26/kv+3P9t////2wBDAAgGBgcGBQgHBwcJCQgKDBQNDAsLDBkSEw8UHRofHh0aHBwgJC4nICIsIxwcKDcpLDAxNDQ0Hyc5PTgyPC4zNDL/2wBDAQkJCQwLDBgNDRgyIRwhMjIyMjIyMjIyMjIyMjIyMjIyMjIyMjIyMjIyMjIyMjIyMjIyMjIyMjIyMjIyMjIyMjL/wgARCAQ4BDgDASIAAhEBAxEB/8QAGwAAAwEBAQEBAAAAAAAAAAAAAAECAwQFBgf/xAAZAQEBAQEBAQAAAAAAAAAAAAAAAQIDBAX/2gAMAwEAAhADEAAAAfkQMbdxUaXnctuaGIQBWAykDSVSWVSSVaIGgABAKKSxFxZCaAQMQAAADAG5Y2mNpq2nDqap1NF1NRVq1dFDYwGCABCJiolnO4llNTSaBuaptNGIG06bTSqmhtFjaJW0S1UOW7zqy6hmjirKckqx0ylx59+fOsc7zaBOVuWUJpVRRrtz7XO+mN3OhLiqi5QYFKgpNKAr5cDrzdxUaXncttMYnYILBgDGSqCHQTNoznSCVSRJhM1JMXFQnIIKYiGgGIGAMTG0x1FDaaupZdRcXcWXpnot1N0wIaBBAqTkWdxLE1MszSlQAVNUwYNMKTsKTHU0Np0AQNEraZVRZVRVlOWUIFlplLlz78+dY56ZtIZKwYwcFJ1emetzppnbOjmh1FxQOVtOxtUMA+XA68ypou4qXRy4oFYxOxuaG0wGCKCJuTObkhUkSaJm4Ii4qZqKBAADSBgDEFNEUJjc0NprVTUVU2VcWt6Z2aVFFADQIAlJc0oqc2JuJZVKWRqikxtMGA2mjadU0xtOwESgEraZTmi6irKaLGBLOWmUuWG2GdYxcNJpjacraoKVJWuWtzpcaWU5qQpVLTGDGNp0wD5cF05lTRd53LdRUUBQJ2OpaU1QwBjRMXJE3JCqUUtCikRFxURcUkAAkGgYmDTVuXDaCqmhtNaqKi7ilupo0vOy6mihMAABIS0TNysTc51KpEqkqpMbTAApy0bRVuWjadAEqacraZTTLaqxgWAKJy0zlyw2wm8s7iaGmNqoKTKaqx6RozreelVSaFKpbBhSYwEAD5hNdMDTLqLi6mpWBYNOx1LKqaG0xjRM3JCqSIuSE0kqpImprObioGkE0AAA1AYNMYBTTldJlNOW6iyriy6iy6lliY0AAIJolVKzNqWFSlhUhNMbTBpg06YmjqaoaYDJQCG01pqkqpqxgUJqIz0ylxx2xmsZuZpMajHBSaOlVlXGiaXGtjtUDGtg4GOwVTAAfMoOmEwKuKi6mpWBRU1ctplVNDqaGmhS0TNSTFwTNSSmkiamom4JmpsE0oAjaYAKxMYEU01pqh0nFUqHU2tXFF1NDaYxMAEEwlXNSmpZm5Jm5lTGAwTGoADQlOWU06GnA0SupodSy3NWUJ0JojLXHNyx2xmslRNS6ITCmDR1NJeuetl6RpVUqgpUNjExiAEBHzKDpgEyqiy6is1tFNp2VU0jpMdTStCRJomakmakialJTVTFyRNwRNzYkxUwQaFYmDGANWzokxr1fUr5ivuPQPzzo/R9z866vvnXxXT9Wj53b3EeRfpo899wcK73HmR65Z4mf0DPmMfrmfE8v6Cz8z5/1LKX8wP0bgX4k+o8+Xx3vjmpMEANpjadjAlYErqaG5opyynLsqRE5aZzWWekZuZRLJaIVqkx3LpXVaxqVpNlUqhsY2NEmCAUKI+WTXTmAK6mi6mpWDQqap0qG0x0mCaRJyKakmagmalJVTUzUkzcETc1IwQ2IdkP1fes+N6v0b0z879r6/NfN9DDkxr1z53Hl1+kx+cMb9zHyLxr0MuW5dIblWPREuBtMuK2gzpgmIq8Szp18+bPX18E1PpOn5F6z9lfxum8fY18t07x73Hl1dOfieX9rpqfmWH6nxy/nD+v8OPNKUoADCVtVKUqBhYNA5cizqJYi4lQiaYCJUWTTdhoVVaxpFXNK6TiqTsdJiTBAS0Mj5RNdOYCWqmirioppjaZTVWNqhtMSaEnISImaglNJKapTSImkRNyQbe/Z856H3vs18Z9J6PLL0nhcHHt9FweTrx7a4bnPphpq5YuQ0Mc46Iyqh5OXUyk6jlLOkwoqNizCdspYFEuyhJoshdXkk1WOi0mRM7M5q1Ivs8/Lpj6fs+L168vttPkvU78fQ8L3ejry/O+H9V8yX89Pe8XOopVK6KEqViQgTSxFxERcSywlbTsGUKnVFlBpNw6SlupotzVlVNCTQmnLYB8kBvmJilSy7iotzQ2qp1NFOaGAJAiQhS0TNQKWkSapTSJnr+pr5L6X7Dos4e7n8jHT2vN8d+f0Xz9C4dp1zFbzmN65WaKdzN9N2ch2bJ5l96rkfYk5X1hxT3ZHFl34TUa5OzTHp5zPHRTUGuqc3RpNJTMVLazFgqkNHlUUhinUTmy7VLz+r5uWs/W9vwXd6OH2nNweh6PN854P6VlX5w/o/Alzm4llMEqREaSuUawQNypthRVOipBjV3NQwFq4oqppKqKBNBU1KwD5IRvm0NRzSVcVLdRRTTqqmh1LKQAhCTSSnJM1KSqkSr2a8j6b6T0NTm6c/Fzv1vG86vL6o00XDsqYSnZhr0bWcenUrMNdBM7NEHdazlPRkYBlje5z610VkrnpjPoueXHt5pvhWsTe3H18iQ73VrMRHTgoTcsTojJ2iLEOWyabJnoxRa4kMGs59Dk87q1xPf9P4Xp9PD7rn870vV5flfE/TPMs+EO3kzqVcETcERcNIZDaY6VS1SobHBSatglNOm04d50UhDpUoBJ8gJ9MMCCpa1cUXUsqpZVTSU5oYgE0JNEzUkzSSd/U+01PI+hrnt28zzMPL6arfbh3xhvNyjrDGuirMtQsqCkI6dtZ5N5zl3yxlenOCV52RjvfTqch38tmVlSw9M06Msuizy56eXPSMtKV0IkCVy5ocuBpiEy3mzo7fJ31j0OPfs3jx17/GvlLoy59MTfKVaSouVaZY9cx53q8/LX2fZ+f/T+3x+38t9Hv24/muf3Hxi8+dZ5qhpRpw2mt1Ny1U1FNA6migdDAYENyy0C05cgSL8m5fTm2nA0yqiyqmldSy3NDqaRgAhAmhTWqY/Vej7GpNT4Od9nkLq8fsz1DGppKJ0elS8rRRVLl0dWvTnneV3OcejpueZl3cHLeaqsdHS0uVh1RWXoOt81nGMuy36d55DuNZ87D0+bnvzuX0OHn2ztKXSLqubS6jKd1WE9ES5zrBUhVPNg9ITPSCXt6ubg3z+ly8vs3jPj9/iXyo6Z5deZaxKaY1FRTk5ub0spe/6D4T0PV5/tOfPr9fk/PPM/VfgV8UFnTqXLTmjS5qWqlw2MKVVTGiYxASgBYmMShEi/LCfTk2haEFXFRdRS25opzRTlpQmAKBP0Kx+307N5Mc/neXYjprx+uXVZK7iypJLUCs07dZw7MM986rfbeSsctZ6Oflz5dbzrPl0JIlvojXWV1TfTnPItMb09CtPT5x0duaGE56zL5vl/Q+R5PTzZ9XqZ35vf216PPibnTHFy+vOdfMR9J5fn9HFla59JjeIhXBcTpUHRzl56Sazo7J9PyN7n1+DH0948aPR5efTCOrOa51cZtvJwcvakw+s+RO3L7y/O7vd4vgvE/WvgZfEY87KKLpUDTlbVQ6mq0aaAykmSoFFiFJcASR8w0+nKhMYmruKlupZdRRVS4pp0wBo7U0+3XVvJx38ty767uvH6nNkj0lJeectVJrGff0PtyrB9WsYdUc2ptzYLj02h8WdXrk5qcwmtN8ujWNJx6tZ6eDs83Un2vJ9yy6H6/MA7EmpSaRPB6GXLeHXOtJj6YAAAsnPWZfC4vf8AA8Ptaz2xvPm78K5tY0l2kNZmk5VU5V1Z7KyLi83vrzNtc816PE1lPThLhj0c+da6YayZ49Qcv13yWnXl9tXF1+7xfn/mfqP53NcdKs6ppytpjpMdJ2XSYxECaVJqKJaqSRCD5sT6cm0RQNSpoupqKqWtVNDqaGKk2+74/a1l56fLZ6Y6rTw+50XmW5m5mUpoqdKfprTtwMV3WQ1nrMab6anLw+n5vLpnmq49qzLOfaOqUx6lrHL6fD6G85eb28GN9Xt+H7fo4aNP08QBBMhAKk3E2mDRqMAE0JOZef573fn/AB+ubm+XYm5TPLrS81mZ2PHs3nz3vjmlwpdduPTU68M7jT1PF1ue7n689Yx4eyZvgXocWNK86iuTslNvpfivf9HD3uXTf1+X8xj7T4vHSmnK3NFOaKc1ZdRQNJWhQJKG5FUiEIPnXNdOTBw2gdTS1cVFVNFVFLTTR/R+T97ZtouPTzPLrq+f79FN5blVrGPNthnZncTV9/n+xvnpzPp6c9qM+3JdCvUQTqY+b08Pj9IyeXSneZp0PbpzVaadefndOuMvP5/sedy68/teM5fpa8/u93ksT3gABMlQAOaACwAGkgzjx+HWvNceT2FiXplDL6NVrPmY9OWeh1ct2XN42dOLke+TNcts9RRVY1HfwCdmPVhrC5e2Jrz46+bG9a5tUeHVjH0fd8j9R7/F2/C/bR15/mlXHPY01pzVU5aXUUNClaEJOZQkCRAIPnmHTk6lw2gdTRVTS1U1FVNFNewfRezG28r5P0/J83r6HpPm6yNS1pg7JUk0nNnb3Zx24Hfx9vTEaY76xUrkrpMLzrh49o8vpadS6aZ76xtqq7ctNZvvxmNTTn5+/Hl08jl9Xl8vo5PR86Jr6jX530/V5e95335MCxJkoAMUlTy8HLp6XF5E+fvrlnXLs5di6ctLk6q9Pryz5e/i3jyIq/P6ebUqsp1ZhVVLv7Xn+16fL53m/Tc2p85q35/RjnvGad/l9Nj2157nDP0edfNrfm59NXGqcfu+bzbx9n0cPV9Dw+F8h+ofm+bg5c1TlrTlpVZ2rE4EApcSoQCJGIPAYdOTqWNpwVNFVLW6ioq5Zf3vyn3mps346+C9F8/6O2mF5mt5pNCcrLlzKurl7bO/k6uXry9Jh34zaJcuHonh16Y35uuOHMvy+iNcNl26Ofp3y20z07ctqi+/Ng9RTQc/L6OfLp4/P63F5vR59a5c+nb6Hz9bx9Rp8163o8/epfflUz52NdPm8mHk9W2RPPramDUW1k7nTc4+h0dPo88U135R53d5Xn7cetRw9GI8rTPqyiphntep4vq+ny9BNejj5PlfT+F5fTyzS49rgDuyXVcczz6Tz8u3lzvDRTnW/J0Nnt974z632eXu+W+mw78PzgDHRtBRLHedrTlwAoUVKyhDQrGMXwAN8ipobRFNNaacVU0Vcan130nH37zXx303yfD09UleT0zWVxrJB082+NlZ3nLp3cPoax1Ybc/Tn6ctd+JIZ1zWjlvr4uzm6Z8noz283o5dVOddvXxdfXh0NV253eWnTFuX0y0yxTSl5+P0ubh14cOjPz9+ePRwXg1eGN/Q9Xh+t6/Jy+Vtxeb0kdXHnetLazLTo69Z4t/R6OvHm63Xo4y2tZIeGdYeZ04+L1Pl6+GbxuSaorOwudIXo+dsnvdPk+l6/Jp5Hsc2587l1c/j9pW2Uh08vRYbLC5WW2E3nL1lxqVhj7vj31x9d0cnV7/B+e8H1PyudsCUAC86W3LikKFFwSiShFWIXwQN8hpjacU01qpqHU0V63kfUH1fVhv0z4HFS8PueV58ujrPZFNZmmemUUiV26+PruOzIfTn3Gd9uUozxpZ6Z896Thtbw6KOXRRec16HV5/Z149tRp6OCqWaOa65YFyAUTRLny9qzrxb9Tn8/Xg5eqOPaevE1nhyc8u9Pfv3jz+709fR5+fob7cQZuAApeebPE+fyd8tawx05pnLPXp5OqbM7jSKqSzWsLOr0PJ698/XQ/Z5fA5ezh8Pt6rXdrHiaE469vN1cdx18fXy1gtDHTI6+NL4+rlj7Hu8n1PpfP4PgP1D8vEBKApW5C3LloQKXJM1BaQWIPETW+YAU5qKqaV1NQ2mV9v8P+iWetrkafJbY9Pg9/Lzehyc9ZdfPqukFXLlVBNyunRz3Zr18Pbrn07cPZ25LPXKJTvOudbKXhz7ePn1rHbOan0PK6k9np87s9fl2VPrzmgG5rUAdksATUslBh5fs8nn7cnN28Xn7Yeh09nbE3VenzphYAWNClcrHGq5px83adXGdZefpzY7WldJAJ9OEGmnr7x4ce95C59PPWNfQ682/v8ADweN6PneP19fp+f29Ofk49Bx7XzdnFZ18/VymWG7zt6ZbM48vdyyet7nz/v+/wAfR+afpX5/0x5Q1nQIlBBbllCUpN9ledPudFnzj+lk+cPdI+IVTrCYDc0VU1FNOWmmafo357+h2ejnpjq/M9HL3fP9/F5/u+LmzrkZ11b8uusrWLSSqli4o06ccLn0Ori6OnLpml0xh08vTmhpG5lyenjnXm2zj15sunDG9/T8Pp3j3teDq9fl3JrrgBowVMTENCGpZw3y5b5Na6ee1Y/TxGnYAKIUKVhy3fOacemGl8c1r5s83LtU1u1zGuYU6jTty9ntwWxXs82fi+55fDt5zx18np9vox093j8vh6ubyer13fP6OHl3j1eb0ac+sazfN0YSzGmc06dSHP2cbPf73h+37fJ0fD/ceR25/BHo+dnSQSir3Dw+763ts+d9XvdheVWaVnRs8qLJD8QVTmoAKmh3FRbly0xnT+g/C/c2enFmny23Pv4fflzdfNz0sWpSpR0uC5uoUtMk6Jm0n0PN7bO3Tl6O3HO3zZvpxO3o452rOXk9XHG/Lx78fP348uzlxvX1PDvWfptfF9P1+Xped9ubE7AAaAAJVnpObGs0UI1kCVpTGbeTeNYvaM0yz87n0385Tx9Ca2XK4EdxopvPfrny+hXPvn6emGvr878v0fJ49fP2jfy+n2Ecnr8vCY+n5vT2ed6Xg9uT35+jl05OjDqlw5tolyrMmt9+be4PN7/Ll+g9vyvW9/h2Hn0xj899TFn5r6X120vH0uBCRagNCaLrOi6hmhIfis0s1DYmMGVAzuXn9j0vdufN7PR8g93fm6dPl+b1/N8XuML5+PSXjS6RUl7c+smuV6WYWqlWuVmqUJ37cmm+fXi9dZnv8zq3npE+/K0PUx5u7Llvz+P1ebz+jzsurDl1XZwpPour5r0PR5/Zrm29PDQl6ywKBOUlgAAACagRK1OPNz30cXHx+b0dfGr59UujGqVNJZqT19PoduM7D9Xmji6ubh16tJXbnj4/Ty+P1z6vP6G8Ly+rzs1+5y9vXnz+H6HPy6qNOXOuqjKzNLPO0ocuvTy63Gvj9vIfW9/L1/R8GmWpZzlRTkQs7yiUkU4I0rJ1s8mbVjRqQH40J5raYMammv0bPn/S9fdqRs2p4PveJHrdnnd5w+R9D8x5/U+bu5/N3446MM6nTPM63y9KaPO61laJmxysi0Orng79uHffPu5tFrPV0+P6HXHQ0d+TVCZYdc89+Jn6Pn+T1ZY9azriq4munv8AEvWfqdvme/0ef2Tj6O/HQRqMQNTMaHNnnXVPl83Lr63n8WXHr054xz6b46PTGriWx0k6VoT0x0a59nTGns8oHKTpl08uj85+fjouzD0sa0heb0wtc/WxvTn38Xryjo5deHd809Mt83ThZkqxzsJo00irjh7PN+o659PfPb2+EzMSoUlqSjK84lEDJCnmS7PnK6b42dxxB+UuXlTTK7dPrLMPdvexWNUNWHlephHL6fz/ALcvZ839H52evjvXPw+rn5PQxmuGNueW9cXLtc0l6EWUOZXNBSix9XOk79eXo3yvDatNevxezpj0Hlfo40mWZcnoTz34GHv8Hl9PnrSMdJz1RlpJm9Xp+P2dOft3z6+3yHPl5XDr2c/JPD0bRlMurxpVnZDasa0dmF3UqWlWRs+tld8dHp89LPn3mp2eNVx58GOl6vuxqFHn2aw/Wml0rzvR515+r83pMazlfZlrc8+N4ze18tamWpeVc/XwXJ9b5Huevza6Su3HmzJKUotSqebygmINJyk2nJGqzRoYqXoOcPztzcP17+tsj1q1pUAwVgAIA+d9firF9uufqr52e3j8nsy5uzHj08/Lr52s56IhXyby9hMXO15UFNKTVyTpz0tb5idb49rnqMtd5ro5o1n1a83p7cuoyvpilLWMOt5vk8/urn0+ez+lzxvwuntxxewmO/Hz+XdeX1cp1UcU95XBr10c092lz5r9CzzH6ocG3SrnI6OjWeTpvLpjoy59qy6Tkl6PNz249cOvaLNObDHOtNOnu3jPXHyumOnz1r5/RrGeY9c+0eBhYRec1l18/QLo5nea417W3pdme/t8VcvR59jeVihTVTGRpjERcIB5ZZ105YLOqhTK5mYozD5D3j67rxPSetqoYhqxDQAgBHN43uePm+t2+H6p1fPfRcmOvjZ9Gfj9XDzelyZ1JkHPROdbmdF7c1nQ5Lm7lReV0s6xNm2OlkdHKR1acm1z1nLe867ZGs9r4L1nfI1XPbPNO3TynXqzydPTmsejOXk6rsm5N5aWcupzTjXVPNOddKjVMToDLWMq6sctTHZYTXXy80Y1Rc43qZYHRhfYcfo6R15b8XLy53vldc+kViC0fRYsnzmmGkTUIqV6RpcxjpzWb/T4d/t8lazPTljw78llmcy6ZxnVZkw3PnS9fLi+e9ozF0ckJwBICGHuema9uRQwAsAQJoE0CELzvQ4zyvX8usX6LfzuyvP4foPI4enmw6c/N28/Hv4c7nPWCClLUVQbc9HTeN2DLjWciw0qTRQhLQlWkJNznqunTB3PYcdaz0vnuze8q1nS8d9TUR05nNrjjcE3y21LqryVdZzPWdJpE3ljnXXPFMvVjBjV1lEvTPILrz9nRXF2dM9Od153OdvnvTn059pWdONNLMerTDWenhmJUSs70J2s5NenmTRmFzl7eHt+nhW06ejzvk1ys5ee8gzMpaECraDyM/W587899ecYPSZUqRKtELRpJsV9a2bwAWAAJoQAIQpIVZBHn8nfyx1+p8160eznn0W+LHreb5vVzcvfnw6eZj3cudwRRAiXUws2qGbXz6JrmVTvOY6cpqyLcy7vmuzTN0SaUZ6TBtfKzpnJJ1a8Wup6NcGvTlsYqXac8pdlz3Lq8Jl2WSXbNKWqxxl7Z5aSo22t5NO7XeOXoXPc9vPxRnXRhLxta5NXF1Zl0k2aRzsebzzq81K2jYi9trjKd+K5jsXuejlWxfp8zgyscXjXHhvzy5y3BtF2ZTAOKDONxeaesjkOxnE+7U83f0uo5D1AQFiGgAEAJNCTgnOsZcryiK4fR4zleLj2/R+Y9Y9jBdFvk4+v5/n9PJzd+Hn6+dl6HNNc2fVjLgtc5dNebSrrIjpvnuzWoaMi5aHNUkoYaE3BVvMTdZWhFCqdwye4kLomzmOkVdC06c+Xl9Oc681+gpePTtrWePTeEdc2K+ll58y9WaedQyJaWVqntdnPsZJvGArlRLd5FdHLrmKNDNnono1mHHLc6dt+x6eK2dejzNLCqcVY+bo5TDn6MohXpLrj2zrPIdgcZ2lcT7GcVdjOS+ly4a2xWgszJWAgACEAAIQZ3nLGG+Bny9XLl2cu2OnHw+lxZVt5nZHu+h8v6tvtzz9NebHqcHDvy4dZ5+vm4+plNeRHpcud8j1S5soBIvbCjZZqOnTmqzeI0TLRiqoI2eNWXF2YR15y5XNDL0syV4G5iS9b5Ludq51WucqW1LlqRFvFmkhQ6aVWc2aLFLrMZroc1y6SsDdZbiqGbPn2sdFM9Mc+nTGHrdHX6eE6j68XExTm1Yqlhy9HMY5aZw+zHrAHYmwGMTYqYxMAACSAMxOkRKCABDQBLkM7iWMNsjPk6+TLVR0Vx4dGJ52Po8EdO3mdUe16fzHcv0enl9umXJ62XLpwxrHDvz5dZi+Tz+zhnflLswawjeJRatMTTOUqGuuuGtlVESdJnVNoKEhvNyuopOno4tN4vmvPOgUy3UWId2ZTvZjdqxJ5lohbnEXZYOW1MRrXNrROvNYb4TL7Hm6VvHJq6xst63PPp081hn0+t25cXq3fp8wydZrKJq3nomkuKbli5ennOS76YNE7BoG0FCFbljExgBKkMKaQaBsClAQxA0IcuVUuYiKRz8/RjGHby7nPjviZYdOcebHdxRvv5+p6npeDsv1HR876Nely6ar5mnfy8e2GdPj0zx7Jjy8vWzzrx49TCb5o3zXJVcsqwztojTNZu7xLOswqy1JFvOLeiuW03WYbxKLecm05It5zL0PmqtpnONVPTqcQ8861czZs+ejSKdNVCTVenZ4u9XLe+c6wS/Q3ng9Pt29HnjQOvNrPNNM8yqUtNNpY4qabTJi0AEjAoABpg01GgbQNGaPOmIIEQL2IUrQCBDQhy1EpyRN5meO8RjLiKw6cKxjSIz5+mDzl1c0Vtzh3dHm7L7fd831H0mvh9td3NrpNecejhy680tcukqqzebn9CJfKj1s5fLXpqa8qurOXFawubaKSCqzF2kSZaQS6Eb2QVmNIHfNobZelyazzVnpnW2TKz30wRqdCR0S+nWzh676LnkO1M4bYZW9HLv3dMeZ3+jr2447NdObUZWbZYyaTm6qppHvOg0nQnMU06kAE1IwLQAAYAwbByhJKQkQGZCogl9BANACECJGSQk5FNQROmUZRrEPDbGso1zM89YjLLeTiXThE1LNNeZnd0+Zqvtdfz259Fv4HZXqzzbGOPomOnmV25cumM6Z40kzNznoRz5dgvnr0iPIz9lL4p7Gcvmr1JPJn1c5rzt9aON9mS8z6g4sfRyl01w21nlOyo449JVync2ePXcM9KLKvAudczbc5a9LfpjzezpfXlNKNZ0nDKzpxwk1iEaJOnSsexSUIG0wloplVBQSUEFBJQJ1RLJBNoglSVA4UBBnKCD0xKGJDQhpApaEhCQhRUxE0ic9IjDPWayjSIiNJM89oOVb5RKYDkNr52vXtw2en1eLqe90/O9B7+nidFepPJqPPes74p7zGuA7YxrBaRnSqHK5cxSJVJuILRM3MqEyClLKaLrN6mhNWLPo01OGfV03nytvTe8cW+y3zVTGpqc2R158mddWWMpqswsllNOqo2FrLLJpG06YAgZdqiSkJU4g0dQ3IIZLcjlSEqQggMyZRCEakdgkVLkqSSiQJJGhCTkU1MSiYIqTPPXOs4uYiLkmLRnOkmMbxGRSpAAwKrNy7XzUdevDZ6G3l2vsb+Honu6eFqe5fi616z82zuOS16JioU6i866iXlXWRxrtDhrsK5H0iYVqrJomrrKU3OaK61wwehHnwehlxSdefOjacwtS7G0xsY6VD0LqmmU5pHSY2qAATmzY0KgsJoBwIkYCUjlSEkDhZyuBCTcT07dFiGHKIlcuRy5GSCSBomHIhIBRpEsK0Z574pnGkGc6QQqkmbkmbREaoxWsEjQ0MABtNaEjSsg3rnZ1VyVHXXGztvha+hp5rPTvyyvWfkieueQ19Z+Sz1TymemvMaeivPDunjDrXLRuZhRFVUqSiWUADTsGmNjHT0FomUJ1VTQ6VI2qGDARS3w65dkpKSSCSppSVKkaUhKiHClRCBX1nP22AmkADjBSuWglyAlCECTkTQICCGKkwnPSUxm4M40kibglUiBoSYSrRnOqMi5EMUE0oBQAYMTAbQNoKcsdQyiQpyFOQsljaBtMYFOpopgIBGDV0rCWrG1QOrJ0KG0xtOnU0VU0lNUNpjAAclb50tqQpSikkjlIcqCpmVciBGhl0b6pNAAAIAAONNSksFNTCmpJAFLQJzKNBDTAEIcxnntlZnOkGc6QQqRKaEAIYSUEqgynaTMoJbBMKblwxMbQrYA0waYNMAYAwYwadjAVtBTlmksQAHU2OptZLqxWmOpZTmhtUDHTpNKaodJjaY2MM7g6jBLooC1KKUJKmErQgQyb23TLYYADQAgAAADjAlSaJVIUXESMJlyVFxKKoE0DmlAmic9Jsym5rKdJjOakkaENCGCGgACbRmrRJRUtghgDBNgigRQJsgG7U24lt0igTYibAGxNukNid0RVgrTG0waY2mOpodTQ2qp1NI6VDaY6TG1VRAoolLRKKSQACBkvbZMdqAGAwEACaAAEAAHIClE0E1IpqYSaIVIJalIqQGxS0JOQQJGe2REaSZxpBA0JNADEAAAJhIykAIYJshDdS2ANiGxNgm2JtiYxNgmMTHSbAYwpUNpjaYNMbTBjBjG1Q2mU1VNqkdKhtUFKqarnhEhQgABBZD3tctW0BgADBACGIAABACBiDkBStAJMFNSSmolNEqplE0AgEApqRAIpoMZ0gznSDNXJKpCAE2gABMEMqRuJbKQwBgDYhgqGJtibAGAMAYAOgGJjExjaobTBpjBjAG0xsYUmOk6dKh0qR0mNqqdKyOe4gGCL0MdNmRVAmwTAAATQAAgAQNAAgAAEHKmpRNAnI5ahTckKpFLUJNKNCCaCLgQIACc9ZMpuTOdJIVIkYIABghlSMEMRMaoYDGJjE2xMYA6AYDAGCYAwBjEMBpjaY2A2mDAbTG0xtUDVDpOnSpKqaGygouhXmZPaoxvRkugRQIAAQAhoABDQAmgEDQACAAADlQSoAQAgUCaJjRGc3AS1DAWBocVKJACaECIm4Jm0ROkkDBKgQykMJGCYxDYigRRSbAGCbAGCbBMYmADAGCYAMAYFJjaYMBgxtMbTG1QUmOlVOlSOlYUUOyySnUuiEMENAAIBRNAgQBAACAE0AACAABAAByjJUmhKpgTkAQ5aFGkmSuBoUCEE1IgQIQImBCEJ0lSJVIkpElAhlkjFBsQ2IopNgmMQ2IYJsExiGAMExiGAMExiYxMYMYMYNMbTG0xsY2qHSuilaOigtbBbBAAmCABNAmlAQJpAEAAIAEDQAgAAE0CaAAjL1/MzclSpJqEmhJoBAJonPSSE0JNQRUiTkEIJcwS5E5SaVndCpLKtJJRbIxJYxNukNiGxDZLYJsEMUGCYAMExiGADAABgmMBg2mDGDGDGDGjapWyqdK0LVjpaj2l00AKlCTQAgAUQAgBAiABAAIAATQAAgBAAAgD04nbN8nH2vOOabklNCTCQQCZIIidcyU1CipFLQkTBJIISAILgrastAKRJSpDCRsBlAwTYJjEME2KhgmMQwTABgmAAwAAbEwBjBjAYNpjYDY0bKVsqx2rHRoPUdAAACAAFAqQhpUAIAQJBNACAAABAAgBAAAAxDDp15rl6iajl4PZzPFXRziTUSqkQKnLUPO0uU3KTNSTLgUuYJaQQCABNUXmze+fUsHSGEjAGUmwTGJjEMExqhgmAJgAxDBMAGADAGA2IYNjBjFQ0GMKKtKKCi0LNQ2CmgAAAAEABAgAENAJMVJpEACAAATQACAAATbEAABb46l7OrztY7SaJ8z1UeCuvkiU0sAgQhypKzJQhombREaSTNJEmEjQJoE0DlHVpxbm5NUKgQygYJjEME2CGCGxDQDFQwQwTABgMdA2IbExoMqE2xNsVFWlFBRaFvUNE7GAoCGIGgAAAUAIaAAQACAENCVIQ0CAE0A2AFA1ACAQcZBjV9HHVnqdHl9lnU8VbrwdPRl88vU8yXPPfBCSByAlaIVySqRKpEzojJaJMykSNCTCVSJGjbfgs9B4a1QOkxiGAMEwAYIYIYIYIYqYxDQMdDGDGA2ktg22JtwqKpU6CnYtDSi00YmrQxAAIGJgBAgBNAAIAABAAmgABNCGEtsQ0IABIaAQB55JjbEi9+UT1tfI6dT0nhtWnP0Tl4uPt+Ock1MIAaECECaEMJGJM6IznRGc6yZlIlUiZuSVSFvhJ6Wnl9NdjzsoHSYAwExiGCGCKCSwh0VJQJtqm2ibYigTpibYm6FTsm3KaOdaLVA0KxMGgaAAAaIYgABAAmgBAACAAABAAAIYgBAAgBiBDJDzkjnsBAElXmq6+zybs97TyO2zLz+/y4ziphAyRoQ0IYJUhDBJiJUiZ0RnOqMp1kznRGatETojOdUk9XLB69+L016ZhtbQMGmAwBgmygbENklMltiGxNsTYDYDdCqMU6s8umo6HYUmrAGIGAAAxAwUMQMENAAgAABACAAABAAgAAE0AAAAhAmgAPNTOfSVUgmkEAOQ005yzfBSlIQJoEAJgmAhoQwQwQxJGLJSshaIznVGK2UYLeTFaoxW0pjHQq5b2k37fGyPo6+d6a9l8HUuwqBjEwG06AYMYDYmSW+TFPTnytDqy36a5OvWhU2MGo0wAGJgAAAxAwUMQMQNAAIYIAAQACAAAFQCAgAAABNAAJUhAHmjXPokyJGhKkSNIkyyUywABNCGCGCBiGgABMEMRDBDKkYSUiVYQtEZrVGS2DnXQk5joRzLqmuXPuR5ufqqPM07prDZSdGnEj0X5tHozxaHRM6mU9m1eZp6mh5/V1WZbVQrGDGDC1tAwAaBiBgAAMTgABAMQMQNAAAgABDQACGgAEoAgAoAIBAAQAhh5qa59ENAmCTUJUiVSsU0rlDBKkIYIaAAAAAEMEMABBMEAqGCGIhlIYIbJKCSnWZoGbtmZo0yNWZGtGNatcnq6zrRpDulmnQqdA2wYwYI2naNMYgYmDQMTAAYgYiGAAIYgYgABoAEAAAIaAAAQAAAAIFAEABDFBh5k6540gBAQIBJhI0JUXMlBKoJGhDQAAAAAJgmADBDSIYIYqGIiipbBDBNlJsE2CbZLbJbYmwVNibdKhg2wbYMYMBtOmANoGADQMAGiGANADTAQMQMQMQNADQAAJoGgAABDQAAAAAlaAAAAQY1ZYY+dp0YvAVKpMEBAmgTEQyxK0SqQlQSMEqCW0IYIbSShZbBKhJKCSikMhDdJUCGyWwTHSYxMYDAYxMoTbpUMGMGMYMGAwKbTBpg0DaBiYNEMQMAGgYgYgYgYgYgYgGgAAAAQNAAAAhiBoFAEAAAAKUssCg8Lbl0xezj20ORUpUmkQwAKBiJMEqQhhJSEMJKCSkJsEMsQwQwQwQwQwTABioYgMpNgmwBgMBjYmOhjBsBjBgMAbTBpgDoAGADTgaBiYAAADQMQMQMQMQMQNAAANAAAAAgaAAAAAENAACjKCygtUAw+X14OrnenXm0OnnuqwVokoJGAMSSkJUWSUEjBDCSkIYIYIYJMAAAATFTABiJjEMAbpDAGAxgMBjpUMGAMYAwaYMAYAwBgAMAAABpgADQMTAAAAAAAAAAAAAABDQDQACGgABQAAAAANBWyHQ6bIEfAiZer8H9Rzvu68PSvTpz6VpNCTSFc6CZlISpWIYSMENKDQhghiSUlEwQxEMVDEQwTZSGCbBDZLbENiYxNgMdJtiYAxgwBpgDAAYmMAGgYAADEwAAAGgYmAIYmAA0AxAAAMEMEAAAAAmgAABQAAAZqKhg2wZAfD7/DJQjN5unlI+w9P4T6WPoNvO616r57NhOx1Lpp0ZK5EmCGCVBIykMhDKQxJKCRslsEMEMJbBNgmwRQIbJbYhukxgMAGAwBgDABgAMAAAaYNMAAAAAYmAAAAAAAAA0wAAGJgAAAAmCGCGCGhDBAAMVUaBQA2AzEr5dfBIoRm2IOdMg2xZ9P6/wAH70v1G/l9Z3acmxu87sqoqnLElUVJQSMEqBKgkoJKCRskoEqCWwQwQwRQIbEN0hsTABgDBNgmMTAGAAAwoaYAQMAAGIGJgAAAAA0xMAAAGIYAADAAAYJgCYIYIAAAAEMENk26UChMBk85fyfL8lDzqYQAxBiBAxA0Hs+78V3n2nR4Xoy+lrw7nVWGlmrzumMskoJKCRghggYlQSNiGCVBJQS2CG6lsEUCbBDZJQJjRDFAYhlAwAAGCYAAAMAAAAGAAAQAAAMAAABgADTAAAAYA0xNMQwQ0AFCZCGCHSzTYMBhI4jyDu+F4OGCaWUzU0IAAMQIAAAAA6Pe+Zo+47Pkfaj29vM6V7tOTWzpeN1qTVgMEmCGCGCGElFIYIbJKCWwRQIYJsEMEwAZSYxDAAAYIYAAAxAAMEwAAAAaBiYAQAAMAGJgAADAAAYJjEMAABghoEwQwQ2sumJjAACcy+fl+LPZ+LxMqpOUTRM0kkCgYYAQAAAAAMA6gPb9MI6+gF20CzWgq6CmAggoAAAYCACgAwAAABAC1gSACgFAAwAAGAAAMBMAAAAAAAAAAAAGAAAwIAAYAADAAAYAADAAAAGAAAAAArYAwBAKAOfwAT4ziDNKCW2A5AmQRMKQB//EADAQAAICAQIFAwUAAgMBAQEBAAABAhEDEBIEEyAhMQUwQSIyQFBgFEIVI3AzNCSA/9oACAEBAAEFAv6tjGP2kL+4YxjH7SF/csYx+2hf3DGMftr+5Yxj9pf3TGP3EL+4Yx+4hf3DGMftr+5Yx/8AgrGP3F/csY/cX9wxjH7aF/CKLYsGRkeDzMj6dmYvS8gvSmL0qIvS4H/G4z/jsR/x+I/wMR/x+I/4/Ef8diP+Mxn/ABcR+lofpTH6XMfpuVD4HOiXD5YjjJfnv3V+/jhySIenZ5GP0ebIejwRD07DEXDYoixwRSLLNxuN5vRvRzEb0b0bzebzebjcbizsbYseHGyXA4ZEvSsbJeksn6dmiSw5Ifkv3UL93Dh8uQx+k5pmL0WJj9OwYxYYROyNyOYkPiIofFwHxiP8wfFSP8jIc/Ic+Y8uQ35DfkN+Q5mQ5mQ52RHPyH+RkP8AJyH+XI/zWLjRcaj/ADIi4qLFmizmI3m4scYSJ8FhmZPSYmT0zNEngyQ/RL3l+qUWzFwGfKYfRTF6bgxkcUIl0PIkS4mCHxiHxU2PJkkNTZsNhtKKKKKKKK66KNptNhsNh9SOZkQuJyIXGkeNiR4mLFlQpljjCRPgsGQy+kIycDmxjTX8pi4LNmMHopi4HDiEkjciXEQiS40fEZJFzZsFEoXTZZZuNxer6LL9vabDaKWSJHipxIceiHFRkLIhTOzMnC4cqzekmXhM2L+PjjlN8P6RlyGD0zDiFCMRuifEQiT40eXJI22KJXRZZY5G7Ri6bNx5KHo+i9WmJv2KOWja0LNkgY+NIcVFkciYpH0yM3p+HKZvTMuMcXF/xOPBkyvh/R2zDwmLCvBLIok+NiiefJM22bStFI3F2PoRKFigbTYbDYbDYOI1rFjQ+lQZsPpRuO2t9y9KK1ocTYQzZMbhx6IcRGQpm4ycNizLP6VJEscoP+Fx4J5nw3pBjwY8SJ5owMnG2Nzm9la2WXrTKYo7hYjliiV00bRxKNo4DIjGM8ijZsovRororSiiyy+ihocD64mPjJRMXFRmKYpGTDjzLP6Y0Si4P+BjCU3w3pLZjwQxInljAy8Y2fVNqC6fmhROWcs2I2lULW6LsssssWjiONDRKNEfMvB5EiPZNjXuUUVotGiihwHFxMfFzxmLi4zIzFIy8PjzriPT54h/v+G9OyZjBwmPAiU1Ey8YNTyCRXRXfb2jjFCumxCi2bDahxiOl1KZYxokR8yGRRVa+U37S1lGiuqhocRwoxcZPG8PExmlMuziOBx5zNw2TBL93iwzzS4T0yOISoszcXGA5zzSWOhFDWiVmwUOpJs5Z9CN6N45MvWjaNdCYu5IyeUSei6LH7MYoWGA+GVPBJFOOlDWq1oolAqUHg42iGRSSkSjHJHivT3Aa/c8L6fPOYeHhhiZMscay8TPK4wIKho+SjliW0s3aMSbI4j6IkshvL6KKEkRjY4IaNhsZsZtYntflZNa9qr6dzQsjI52RzKQ4wmp8MPHKOjj03oxonCzHlngeDio5EpCZxXARzGTHLFL9qouT4P06hKkcRxSxj3ZXy0habtNulj1jCUhYqLURzbNjZyWSjWqKK0VkFSfcdI3m5ncUicLUexM86edHpRRRWvg3Jx0s8lUbixZHEhxImpE8CkPHtGkVrZelDQ1ZUsb4bjdxGdiZxHDY+JhxXCz4af7PHillnwnBRwIclFZ+L3EcYuihLpjFyI4aHJRNzkRx2LGkeCeQlO9KLoTsYlbUUi0hzEnNxwm1FG0cCUaJrtWq02M2sa261o1ptKrRrat163ilD7SMyHEFxyLJgs2uLl3KNpt6KHEnjZw3GODhO0mZMcM0OO4GXCy/Y4OHnnnw/DQwRMmRY45s080lChPVxUkoVresMRaiSm5EcViilpuJZBuzYPsbtIj8wVEpDlbhj3EYpdTjZkgPzRssx4GyOFI2G0lhTJ8OShKJ3HRRR3RdjQpyUaK0ekFZJU4TlEhntNKRPHWneLGtLZes8dmDiZYZY8qmkyUY5I8fwEuFl0L9Xw3Cy4iWHDHDEzZo4oylPPJRpbe1CWtm7SyMGxQSUpURjKRGFHg3jkSyHk8DkMrvGJ4IIk6UnZihbiq9iSMke8IWQxJFdU4KSli2GRLcuhuyzw5efm3IRD75U5CinGGRpxamsuI3U3E+ZKmWXpROCaw53w8sWVTimSSnHj+AfCy/W8Lwr4iWPFHHEz544otyzySrpvXad5GPANqJbkQxlJEp0Odlk5Hk8K9ERieBfU/CyMj5xxpezkgYo0vYaszY9rujyNCTY3q53HsIdMSpt1La6KbItohlsyY9xNOAlYyrMmJxdaslGzBneCWPIppMlGOSHG8G+Fy/q+G4eWfJixLHEzZVig5PNkjWiKEN9EVvccaiSlQrkKB4JTHbF5JeUNktIo3UN2YkT8TMXdx8ezJEV29nMvpeifZOnk7yQhVunCmj5yQcV8wyygVRuPjwY8velkTg4lqaa7tM3dy9KJws4bO8UoTtJmXFDPi4nh5cNl9pfn4scs2Th8EcOMnNY45ZviMkFt0XTZ8RjucIKKlLaKLkRVDkd5Cxjh2+Wxd3IrSKsarREFSmyXc4dfUvxcv2v79WbStIycZffJwe13E8qxyJNDx/Rj+pzhtlHJsakm54y1dJOUIXSTL1nA4TiKIsTOK4aPFYZwljn+nSt8FwvJghulxOZ55xjUa6L0vRR3OEdpKVCW6RJ0JWKNaSJa+WyrcVSqzYV3XifckcPLuvxc7qL8/C1j5aJFkZd99GXbMjozybXATobcjyQltMctxkwkJDi4ksak2heLvSiUafDZtyTEz1PhObD9P6dw1iWnHcQQVF3FCibSWvyYo9vC++UY0PsVbWs2TYhkSyMShRHEaI/bNEiL2yx5LE/w5SpZsu4d6eCPiSMa7ziTVpKtIq8fgW02/9aHAX2z2bVuidhoT2kcneeNkcg4kk7dltSeSUtGiLeLJiybopiPUeF/x836XhsHPzQioo4nMsOOEd7S0QmWSm9HpBbpRRNmNdjy10ZJDEfL7JLul2Wso2VQ12aGu0Z0YstpP8GWRIyZdw/Ol2Lx97hDtkXaS7f6xVJNp/RMcWhXtI213TX1JpoRVa452skUQdklTkiR8plk124XNslFiZnwx4jDkxyxZP0nA8PycSG6WWb4jPt7a2bu3nTyMxRPCSuSGxaNm4fibPldkMitF0UVRKI4DXdNxMWcUr92yWWKJcQTyM8i7v5TEuzZixW9vbIiSaK7UPuMb7eBdjFHc44o1k4dVajkb77rKteCD+r7k4uIlzIytCUba+pPT4yROFzb4IR6rw9w/R+n4ObmitOPzbYYXtLvTwMRLR2ISuUFSyMxx08sZKXeJLxMQ+xDu6IaLpaHEl5aJCbRDK4kMyYpX7NksyiT4gnJsux+T50S3EMDZGG1MzDdteGikPwmV3s4ZC0y4VkWXFsFHs4uIu77oxzkPusc9kskd0UNd2qEzyNWsc+Rng7SGlOObE8Ob9FwmDk4UN0ss+dnTEJ2Lz2EiQib7mLyvD++PhkdJyO+6HjIxsru2QPmPsuJOJOJtGKdEM7RHOhST6bJ5lEnxDtysvTwNiEhLso28eBIS0Zkkf7dtqGlcltVs3WkcP4WvE4hO1fau99o3uTuM42Y2TgMcuyLrTLC1wWXdjiI9Xw/V+h4DFzOJihHH5tuPGqjJd7IvVDYh+WYvHwvuQ9ZeUheMo33QzH5+UtF7DRKBKA4jieDdRHNRjzJl6NmXMOdny0U7O4o2bdqVshikyEKVayZkYifiP1PwJkkKjwYZJClrJWsijGT2m6lcZPuQdFWeJyTOzJR1R8Yp8nPB2I4rFz+F/Q+m4tuBacRLn8QLuMWli8PzSPkh4/1j5Qxj8EfJlQ+7X2tUQfdEfbkWUhxdbaK0jKjDO4mbISkN0twhdzazaKJyXIhiSK6GTkP6pVRMYtH3O45SIMjk7wla04mJQz/XyJ07MnchK4ulKdsrT5RmXbg8m7EhHG4uTxn58I754o1FHEz5eDGhmNpPZO9Pn/Vifb58tH+sO0kxjH4E+5kPlVU2R8oj7ksdjjKJvV/eTx0V9LMEvqb+nLL6vJubw/K7kYm2xYbI4tol1SZOYkM/2aoTR2PB2POiMbIvTJG4zKIwsrbO7MfmXjG6c6HdbqJwg20fMla4Oe3LER6xj/Qenw38TDT1Of0wX0bf+umLT4aK7XohebF9q+5DGPxYyMiYyx9xdmn2gL3KJ4UxwlB77NqY4mJVLJOhvS+21MjiZHCQgkV1tk5j7lUskhscHLTwK6Q0fLkKZjkIl4y/e1TxLvmhpFuL8v8A3l3VDLo7ovS9mbE7SPUcfM4H8/0uH0x04yW7ikcw3WJ6ti7p+ReT4gyqlFjH4+BiL7PTwfONi7C95oePtKLgbrUOxlGUyGFtQwEYJFFdbZORViRklWvbavEj47icqUhSvTCIZnX1MwGVfSR+4v6lTX2yk1apnKJRooyxOGf/AFInHdDx+f6fHbw0dL3Zhq0+zUhPsPzEl51X24n3bIdCGiiu9Vo/DIyohKyH4Eo2pwpxMj+pR3GPCKNFey5EpD8/EpbSUu7KdD7rwvJffuUxee5jfePg4g+MHnIrxuDZG09w+7aH3ciu8PDXZxMnjgn/ANMdOJjs4r87hltxoyOsUUVuOy0tC0fciMWnxHzHtJ9443q/PyUND8NHkaPnHKiLIy/AnE8La3LHioS9mxscjy9pJ0SnY3on27bUu+36dpjxOZHDGpYlU400hfdj8HEPTBEyuk8smRe6U4C+6yX3MSs8CGZPt4H/AOaEeoquP9pJyI8FxUxelcSxejZT/hpj9Hyj9J4le7BXPD4Rn/8AhjTv6kZjcJikxFdr7/AxHzLsY5WvEk9JFnlaSiSQhpVWkJ0RYn7zJEkY4dq9iyxsbNp4JTSJ5NzPkUqPIhMhByIw2oZlNwnZi+0zMfnB2hl8Tk7grJNpRW5y7JeXVPsLuUUZV9PBfYhHqq//ALuvFwmfMY/SiHBcPjF2/Dw//fF4RxH/AOfG6kTUJKUKe16IUuv70vpd7lB6PwQHrKA41pIrTHkojIT91jK7peyxyKsSGTykp3qqY4q9tlUUYo94+NGZYnzBW4eDN90TGvpy9yXmH2yfbH2cmeXRR8R0zPtwf/ziI4zhlmlm4WWN6pOUsPpeSRi4TBg0s3fiYP8A9GLwjN3w1/2R8zRTRa1XQmSIsTokiL7i0apxfcoWkoWONNo+NI5KIZUxP3WJexuHI7s26N0SyWTkeRxa1vumLu12FLvCQnrmGY/uj4k+03bxxtpUs0le1bh92iSdyFNoX1PwIbOItHBf/FazxKRxHA2ZMUsZw/p2TKYsGPAq/I4fG+Zi8RMivHN/9m5TUiVl62LT4LL08nhwlaixMfhMhK9VpKJKJXZxJI8ClRjzEZWX+Fem0rRkslE8llnkra0PShGy3DAPEmktrjo/GSY0YF3MsuzdywRJOo5HbjY+5HvKSG+7fd0KqRXaUTL54VVhWl9yVHKju0ell/hxg5GHhRcPtx4H2jpli4uNpyatsbRUSq0WrVNMYtH3IOn82Jk1TgxdDHEcRrs0PREMtEcqYn+LKVE8opbnK+ZWt1pR5MWPcRglpI+Y6ZZdmxGKNJmSRBbpQVLL4nGnF9pCVkvDHtrREWS8S+rLhVRWjR36X+LiwOZg4WiGJI22uHf0xEcRCO6qJKi+8iLpXeq08lVqtPBF2ovT7lW0hPqcRxNpNFDLFIx5yM0y/wACxzRLKTym83G63v7CPOkVuMeFCjWs32j5RJ0skrZigeDJMbswxPBlyd4u3I8v/WUr0YyxHxJ0YFv4mAvYfs2X7Ki2YOFsxcPRGFaw+nNARxUNw19MvDRWliaPKWi7DV6oZ5E9rTsTIsfdXThLqaHEmhG2xrRMjkohnFOy/bbNxLKkTzHMN5acdpt12iiUzlEFRHok7cUN0suQsxxtpUTlSk7eOG5rsss6T7tUlN2l5HpLwJFIfjIzgId4iGN9T9td+vHjc3g4Ux4aEujP9PF42IzK8d1klKxqyQ0VpHS9IsrtrFkkJ0JiZGRKNiltcJ315IFUXTnWjR4LI5WiPEEctifTZuHkQ8yRLiLJZWOZZZ8ljfQuxuPJjgJaymQR4MmQfchHc0tqbpSlcox3EIbVN0sktziS7DZDw2WMvRCdDZP6pcNj2Y0Ikxv2rLLLLNxuN3VhwOb4fhqUMdFdPGrtikRPKyw/7PBQ0MvVdymLRPpvRC7iFIaUjvFwyF9LVk8Y4taeSh6ojNmLJYnpZLIkSzjysc2btLG+mulCiQgRWlkpkYngyZNIwsS2jlROVkINmOG1XRlyd/nwpSId2SYyLRLBuPBFDjZJ0cPHmZoIWjffqelllllllllm7pwcO5vBw9EY115ob8OCRBiOKjRJ79WkzJiadNaI3CejPOiGtaPBGQmJjSkU4uGQUi+mWNMnw44NHfpRj7EWWZMhKQ2XpZZRXfqUShISIoitJTotyFGhyonkLtwxnhSnRKduEdzxw2pulPKSgxRpNlWRVDGSekbi/JHsWZvPB4tsEIk+3W2WWWWXpR2N0TfE3w6OH4bc8OCiMa9lrl8RjZEnHfja2nkaJRJN63otV0NaWeTwRnpdClZtFKiOSy+pwTHhTJYB4Wctm1iI+YeJPtNj0rTaULsPuUUeTabWLGbSjYLGRhR4JTKcmlRLJRPJb2tkcdG4llH9RDE2QgojdGXKXZF0pS0SPhvRrRVRRLsY4c3LjjSWmRi8D1sciy9aZcUPIx29bL0Ss4bhreHBQl7XFxMUiLEzi8dP/SyT7saFBslCjuRYpdrE9F3GIqx9hMRRYpabqOzNtCm0LIbtLLL1o2oeNDwo5dEPGQaNpy2cpnJZyWchnJYsJyTlCxGw21pQoG08EshcpCiWkTyjk244zshslIqzHiEqJzUTJls8iQ+xdiXdeJPRndaJfShyoyTs4XFtihDdKb0uo6WORerqJzByLG9b1Ss4bhbMOGkl7eVWsb2SxyEyS3wktkhomWLLRPJuGIWqPB50s86JljVngUhPRSotM2n1Rayimno0zdJHOFlTN6L0a0kKFtQRtRRRXVelM2CRaQ8hTkKBaRLNRvchQNqRuJTHKyONshj2ngnlolLcbBfSORdkYFUSlRaaZfRZOXbh8W+UI0lpNkn3Gyxsb1rtLKWWXoy+nheFMOHakvcmZ408UyLEZ8dm220bNxPE4utK0voj0+Tb0VpuFLRZGhZUx0zad0cw3Jjgmco2yE5IjMTvVFm43I3IeRDynNN7PqEmbTsWhzNzZtbKSN6RLMNtm1ng3nM7brIw3EcVCVEsiiTy3pEchsSFEslLV9CJOiMXlyYse2KESdJs+RljesnHGpZJTZZfs4cO1Je6/E0R+ieORFnlZIbHpK2STENdNli1oRFjR4FIQytLLKKN7QspaZRbRzGcwtMpCVdDbKZtZsZyzliijsWjebmfUbTsjmJDzG+UjadkWbiUjyRi2RxCSQ5JE8xKW4R4L02kFR2J9DT0RWkvqlw2HYkhaS7knrfQ/wDrUlJuvaooS95kzIrWKZCQmSjuUobNGSQ13fTRWietaXptPBeu0po3CmXZRRuaOYb0xUyiqE9XIcjezezey2fUUzaUdkbkh5Te2PczYeDcbzcOQrYsVkcSRSRKaQ8o5NiRSHoo2KGjmbmNl6WQl3nFM8NE5WcPgEhaNj8S0b6Iqk+7cUOJtKKK6qFFle8yXiXZy+iWLIRkJmSG9NbXQ0SiNaJD0v2bExyvSxSL0aNp3LNxZ2OzPBukbpCkxSLGdjsbkb0c1HNOYb2WzvpRuo3jkOReix2LCRxpFpEstDysdsoQ5G7RIuhzN7fRWiRQmMlM4fCRVat6S8MfRGJKe52XrRRtNptNpsNhHEY8HvMbP9Zo8i+iWPIRlplx713RJFE4d5IrpsWl+x5K03F69mbTadyzcbjecwUzcNlljNpsOyLLN5vNxuLO5tbFiZyRRR2Q50PMObetl6bbNguw5l2UPSy9KFp2MkjBgIxrVvXJ4ZLVKzL2VFFa0UUbTabBYxYhQEvcejGJ95Ez7lCW148hGRZPHuJG0aJIcShxGtYvVMv2q0ssssRQ0bTaUdy2WyyzcR0mM7ii2cpnKZyzkoUEikWkPIh5DezuytLLKs2CjRdG8eqZKPboWm4lLc8OAjGtW+jIMesFS2mw2Gw2Gw2Gw2Gw2Gw2++9JHzf/AGyJIl2f3KE6ePIRkJk4bhqm0SibSUR9xrSihapm4vWyuutLLNxYmXqqOx2NqNqEtKNqKR2LLRaOYh5RzZuelHbRlm0UTsOVDletli0UmPWMTYN0W5vBw9EY1q30z8vWET4ooooooooorqbr3npLy+4yaL2v7iE6IZCMhMlHcSjtGbRwHAcShrrsUtUXpWl6WWdihxK0s3G43G43G43nMN5vN45m43M3MvpsvWjsbjeWWWWWX0RY0UJCJTo2vI8WBREtW+lj+56wX4F+8x6Mj3xyGTiKW13uIzox5SMxMa3Ese3Sho2koDjqxD1RZuE9LNx2K6EIvSiihQNhKJRRXt3rRR4N5el6MsRJFietlieryEMTm4Y1ErVvV9MtIr8HwN+29GMfhmIlpIyRIyoTsjKjHlIzFI8k8R4KsaKHAljK6O9102J6rrssssizcSZZZZZZevcUTYOOlHbSy9bL08aMxvu0mprvQijabBIcqPqmYuHIxrob6HqxjIoS/AbobEvdekxkHU5IYxonGhOiMrE6MeUhkFIslBSHFxL0ocR4yWMrWykzb0oZYn7NC0ejRRRRRR2OxZuNxZYyzcWWMssjMffS7PBDIS+oooWlqnKyGFycMKiVq2XquqRyxRr8BvSveekhjJ9x6tEo1pGZZHJRDKRmJnknispx1ooljHjNg4laPSitL0sssvSuiyzcWWWXpZZZZZZZetjkXpZZWlaPR6RZVmzt4NxHHKZj4ehRroci9V11+Df4LPhjKF3UtWNDVaKQmKVEMpHKKZY1ZLGd0XpRRtJQNg0NFCWvbqssvXcbjcWWWWWbiy9bL0sTNqanChLpT0vRLusSlCWHbJRPA8goSmY+HIwS6LLL6Eq/MfvPV9iHlj6JLVMUhMjkohlI5BSLHFMliKaN2tFDgOA4FM2jiV7bXtVZVarRrRSocrEN6UUURiPELGbROiTHIWOUiHDEcaXRY5Fl9CX41/isejF5kPpkuhSFIUiOQjlI5BTLKTHjHBrS9aNpsNhsHA2laV030XokPoZGRCO9ZYV07FTWlDiJEIjxixiVaMkzuyOKUiHDpCglrZuHIsvpS/Fv8V9DHp5T6pLpUixSI5COUWUUzdo4JjxDi1pfTtNhsOUcoeIeI5ZsNokUbStN3axavTDkon9RQtKFdUKIomw2CWrkbmKMpEcBHCkVWtjkORZfUl+HX6B9bQ10WKRYpCyEcpHKLIKRejgh4hwel9NFFFG0cDYbDYOByzligPGcujYcscDlihQkbRQOWcs2G0rSzcbi2zY2LALEkKK1s3G83Fl9SF+DRXuX+Mx9bRXVZuFIUxZCOUWUWQ3l6bUzlnLNjO+l9NFa0UUUUUUUUbSjaUVrZuLKkxY5CwiwixpFa2bhzHM3Fll9Sj7S9iv0bHq+pr2LLNxuFMWUWUWUWQ3m4vSkbEcs5ZsZtZ31sssssssss3Fllls7lM2yOWzkiwnKRsRXRZuHMczcbiy+tIXtrpor8KMN359ezZuNxuFMWQWUWU5pzDebjcXrSNqNhsOWco5RyjlnKOUck5JyTlHKRy0bEbUUumzcbzecwczcWWX7KXuLpr3r6YY7Eq9j46n1P269uyyyzcbzmCyCyiyiynNOYcw3m43Flllllllllllllm43G85hzDmHMN5uNxZZftr3UUV799KVkMdfpK92yzcWbjcbjebzmHMOac05pzjmnNOac05pzTmnNOac05hzDmG83F/hJe/Bd/fvpjjsUUvbfQ+ldHx7tFe/ZZZZZZZZZZZuNxuNxuNxuNxuLLLLLEyyyyy/cr8GHYsssv2r6UrI4691+y/GrH+lsssv81L8Fi92+qOMSr8R+T5fn8Wv2VfiLx7V9ShZGCX4Xxoupj0fhr8Kv11fjdlDtXuqNih+P8Hx8Hz5l8/I/wAOv4F6X7tWKBX4z0fjR6/Hx8fH7uvyX7tCgV+P86SGfJ8fD8MY/wBxRX6ehQK/Mfn5WrH3n5l8/Oj/AJGXj2aFAr875Pg+V9y8oX8rJ+xtFH9H8CF9q+1fb8fycvHTRtNv6f8A1/0/0/1+Ol/xz79FG0r9R8P7ZeJDH/Jy0o2lfq/hkvMvul5l56n/ABtFfrn5/wB39z8y+7rf93/t/v8A7f7P7v49fs/lfd8/L8/x6/WrX4evz8/Pz/HJfpJR2v2fnT46Pkfn+NS/SyjuUo7X7PyfHU/41L9PKO5Sjtft/H8il+nT0cVInja/Pv8AepfqU9Z4rJRr2/n8JP8Adpfq09ZRUieNxfs/Hz+En+5S/WJ7RO9WrWTHt9t/d+EmJ/taEv1e43ilYvpad9GXFt/OsT/Z0V+tvSMhMTL1y4dX+YpF/sK/YWWRkRkXonR5MuEej8/lqVCl/Q2RmKYnqmZMO4cXFv8AN8CyCf6mv3CYpkZl6XtJ7ZrJHa/zlJojksT/AE9iQv26kKdEchFj8T7E5WP8+hTcSOZMT/ReDmCi2Jfu7IZTmdsj7S/Ir2qE5RI8QRyJ/m0OcYnNbFBsUaK/fKQ5/l0UV10UbaFlnEjxKI5Iv8hzjEedG6cyOIUKK/oKK0orSijaOBtaFlyRI8XRHioMWSLLXvvJBD4mCHxMmbskiOIjioUSv6KiiiiiiiiiijaOA8Ry2j/sic/MhcZNC40/zon+bA/zMZ/mYz/Mxn+bA/zUf5h/lZGc3KypyFiYsIsSFAS/qqKKKKNptKNptNhsOUck5JyDkHIOQcgWAWEWIWM2FFFf2FFFFFFFFG02m02m02m0ooor/wDyfJbX/wCDOs0Wv/BounL/ALY/+CpidOS5i/8ABUxNpySmv/A09ExNptKf/gUpUoyE9E9H9X90l1SlR6n6jzXhzblGQnon1V/aV1NnqvqD3GLK8UsOZSUZCeif9x46nI9V9Q5a1xZXilizKSjITLL/ALvwOR6l6jyIyk5S6MWV43hzKSjMsT9h/wBl4HI9Q9RWBTk5y6oZHjlgzqajMUhPS/7eUqOP9S5Y3b9iMnF4OJ3EJikJ6J/2lkppHHepX7l08HEkMgpCkX/Z2ZcyguM9Qlm9/DxDiY8tqMxSEyy/69yOJ4yGCPE8XPiZfgY8ssbxZ7I5BSFIsTL/AKuyU6OM9RjiMmWeWf4SbRi4khlIzFIUiyy/6exyMueMI8X6lLJ+PjzOBizqRHIKQpCZZf8AStkp0cV6hDCZ+JyZ5e5//8QALxEAAgIBBAEEAgEDAwUAAAAAAAECERADEiExIBMwQVFAUAQiMmEUUnFCYnCAoP/aAAgBAwEBPwH/AMAP/wBMbLL8KKKK8LLL/Y3ihacmLQZ6CPRienE2x+jbEpFIpG2JsienE9GI9BfB/p2PRkOLWLL/AFV4UbI6DYtGKEkus0UUUUV415PTix/x/olpSWLL/Tx03LojoJdiSXWKKxuRuLLLLLws8ledjhGXZL+P9Di0WX+jjpuXRDRS78NxebLxRR0JnwLFe46fZP8Aj/7Rxov9AlZDR/3HXWLLzuORRKWHIUrOMdHx7MosuaFqL58nFS7NTRccX+bCDkRgo9ZvLn9D/wC49SuiLbwxMcrEhzijehSFm/YpSHCS6Iz+y/CzU0fmOE/y9PS3CpcLxcqHzyxy+EbWyOnlsbvgS2onO/DTlZKaiS1GyxajRHUvzvklFM5iJ2XiizU0lLlDE/ydLT3cvwo6HNvhH9pzIUEhLLHwjTRrPxhKmSdvx05WvDjHZzhw+UJ4QyzV093Kwn+Ppw3M+K8ZSvgb2n+WOf0aby2JkyCNbv29HrN4dl5rklGxP4Z0xO8Jmtp/9Swn+IxK3RFKCrFsWJs6VnY3eNNZbHIuyDJw3Eo17MNOxKs7ucNYQ1YvrDVi+mJiKF9GpDa/xtCFLd5dsmxkY2VyLD6GMsUiMiUdxLSa8o6bZHRSKwyc0uEQfPjqy5I6v2WhMkvk7E+MzjujiP4TIx3OhfWaxLoifOI8IXLw+hjHmMiMsS0kyWk1iMXIjpJeDZPUvrGmj5xZRqrnGnK1Weh9ieOjXjTv8T+OvnwWJC68IdjPglh+EZIX+BSOycaZCNIWHKiWr9DleEiKpEfCSTJxog6eWdoR1jUjcML8B401UBZWHj5EIrnCJeak0LUvsR3LDmkS1hu8ohE74KFmia4xHobqQxEcJpiJdi/AeF0Jjx84ZLskuRYsTESRJexpyI/ZPV+i/BIjGsRWUyU0iM9wx9mmuCX93BzXJEWGLs1f7mLztFovzZHvEXh+FWiSESxGWETjZKPnElLjxSOEK2RhQ3nUnXQ2aTGPsj0LmQ+hdCwxdmr/AHYvFm4v3EfHsSGjtHQyMxSESgmShXkh5o4RuIwsSobzKSRakhmkiT4Iq2SdRNJWMf0LDI9mo/6nm/dvOm+PZaOia+cxkRkIasnpfRXsqDZHSOi8z1fouyHWNONI1JfBpxNSVsgnFCO8yFwrH7zfjovgXsdjQiccqRF2XhwTJaL+BqvDaxaTI6aRXjJ8cjErH9GnD5ZOXwRjZOVI0427H9HSFlmrKo171+Wk6ftPkZ0Th8rKlRHUT78JxQ0Q07FBFebkTlYol/CIafyyUvojGyUlFUJOTFSQhiGvobEa0rl+LB2hYv2Kw0mOBRQpNC1WLWN6ZXIjcjcjcjcjej1DcOdFtlJdnMhRURybFD7JaldCg5CSiUSYlhjJPZH2NpXu6cqeEyl7NDRX0V9m36x/Sz00NNCY5M5KZtZtxuOWUkcsUF8n/Bt+y1EcnIjp/Z/wUN/Qlln+Wak9z8kvwdOdi9isUXimUjaUcDwkcnJyUsUzb9lL4KZtN6Q5t9C02+xJRxaLbFGsMu8aup8Lzsssv3kyE7L9usWcFFDibShIpG1FFFG1G6KHqfR/VIWn9iVYtHZtFlyOzU1Phedllllll+6nRCdifu0Uclllm5DYpm83suRtbPTKWdxyysrDeJ6nwvzLIzsssvyrF4o5LOC0cFI2o2opeN4oorxsfHLJ6l/nx1PsTssUi/caEcYsstnOKKysLgssslqpDk3+hUmhal94s3G7zrNFYorFYbovxcqLWJTSJajf6VSaFqfZxizcbi/bUs2nmxs3Yc4olqt/qbFqMWon4Wbjebzcbiy0WWOizcbi87kh6v0Obf6/ez1D1Ebl7do3xPVHqscn+3tm5m9nqM9RnqM3s3Mv/wC9T//EADARAAICAQMDAwMDAwUBAAAAAAABAhEDECExEiBBMEBREyIyBFBgUmFxFEJigJCB/9oACAECAQE/Af8AtjRRRtrZZfZsUdJ0/uNavLFD/ULwP9Q/g+tM+pI6pfJ1SLZbLZ1SOuR9SR9aQv1DP9QhZ4immbHSdP7Y5JEs6XA80mNt8632XpXoVoskkR/UfJHNFl2UNfstaSyKPJLO3wN3z2UUUV2V2VpffRGco8Ef1HyRknwUV+xUSmo8k8zfBeqXZRXZzq9LK72uxNrgh+o/qFJPdFFe+SLonn/pOdKK16Pk2Q5F6KI1Rvpz6SkfZIeN+CuyiMnHgx5lL3yROaiSm5a1qof1C/4n0m+SaiuNaIxobFjkz6bJRr0b13jwKaf5EofBRXZizeJe8oyZenYbb7VGxOtkKHmR1pcEsjeqEq3G+pkMdFaNGSNEYORHEkdI8aZLH099bEW1wfkNV24svTsxOxr3CMuTp2Q32qCjvI3kWoIc2xvVC3ZkfgwLtyRtEFS7KMkaenjTfTgdadXhjWjrSjFl6dno17ZIyT6UN+e2MUt2JdfJ/ZCx/JlSWq0xk2YOO5duZ/d27Fb6Jl7EZUV5R4GtGjBk/wBr0a9ohulZOTk7021grPydD22RGNaZJW9UhROnpZNEJuJGSkvRyZaG71rbRPRidD+dE6P7rRljMU+pe2zz8d34oxrYju7JzoUth6ISEiiUBxFLpZDMnyX2yzJDyyfZDG3uya27cMbRLF8FO6GhM4Gtx7aY5dMhD9kiTpWSfZ4FyTPAiW7JbR0XIhC1ljJRoojkkiGZPnSU1Enkb7ErIYvL0yy1aLMUttMkKevIitcErjXs0Z5eOx6RHyh8DFyZPxEeSOkX2Ti/A/7jicGOdxJytj0Sb4I4b5IxS0k6JO32ptGKVmRWtOBHDGyrW2mKVS9plf3dy08DGXa0ZES0XZKCfI8bXAxbR0UWyOD5IxrVsnO9LHXZB0zwSErjox6STWkd0P2C0lz3x4IvYelDQyLISK78sR/BDD5Yl2SlRKdlUN6shByJR6dIvYm9yG0dzbwS2HohmH8F30UUV3ofA+SS7rpkWPggNEoaMjKiMu+ZCG99spG8jaJKTEitMcL5EjMtFwSe49oC5PPYzD+C7KK9RaT/AC9CImPZnKETxjQyM2iGRPuYlWrkPqZ0olOjkS1jFspwZEzMS3JSpEV1SMrrbuZjVRWterWuZb+imcoxyrZ6ygSiNCdEMvyJ+jKaRPJZsylrDFe7EqMnItkTlbMcfJkkYoUrJtSfajli9atXpnQ/Q4Ex77mOd7PWULJKnpRGTRHN8iknrY5oeb4JZG+5c7EUSlRFeWZMl7IhGyUqMcOpmWVKhHI+zDG5X7NGRWh6NegirIZfDE9JQTJYmuyMqYnsTy/B1N+gkQiOdHT5kTyeERj8kpUQh1MbUEO299FomvJ50xRpenfpZI09a9Cz/Im1wRyplljimPCh4GdDRf26UymUzpZ0s6DpFCyoxOpy4Nojk5lJDmRxXuyU1BDbloi9EIhHqYu/qL9N6TjaGq0v0K0TLXk44Z1/Jzwy5o+q/IpKQ0RgkbDcTriOZuzo+T7UW2fauR5H4P8AI5Ci5Cgoksvwf50Q32UY4dK7my/YZYehRetaWWzqLNxaSZsfabfBbP8A6Wjr+Btvk2Oo6GxQS5PqJcDbkLTgbvRFVpix1u++iiiiiivUyQr1L0o3LLLFM6hstnUy9LLZ0sWM+2I8nwXfPZfZWmPH5foUUUUUV6vJkxlerZZsUUUURQ4HQdCKidSPqG+taXq9EtMeLy/ezxlFejXZWlM3LZbLfrXpFN8EMde/njscaKK1r0kx9ld61e5WlEcV8iil7pd7SY8fwUUUV7JKyu2KsprSONsjjS/ZXFMeL4HFrSiivUcdarWhFCFjbI40v2i9HjTHiZT1oo6TpKKFpRQnpXYhQbFi+RRS/b3BDxI+kzokU/RpnTI+kz6IsaFFfu9I6UdCOhHQjoR0I6UV/wCy9fwS/wCC3/5Q8fwNv+B3/A2/4V//xAA7EAAABAMECQIDBgYDAAAAAAAAAREhAhAxEiAwUAMiMkBBUWBhcHGBE0KRM2JygKHBI1KCkLHRBJKg/9oACAEBAAY/Av8A1FUDQGNiVRUVnQUFBQUuVG0Ky2Q8Bih9VtAY2UGsYcbI2RQU3Sg2RshhqxCijWhPqLVgMOw1zUbIYp1FRXAqKioqK4NRUVuuQ2RqmGcPCfTTDZQa5jZDFOoYNKu81FblRWbkNkhqGNlQ/SjQhdIYaEUlUNJzySocOK3HhILozDw9HpCShY2IbKmGKVRqiofKmlrCs3FEMLDrEEMk6K1IVC6X6DVhmw5B8waTis9aEguiNewSIk6GSAlC6UasMnMJCHPNtUxrCs0ihIwuifsEiJD6CSElFrS/QJCUnMag1jzrVGsKz1iCwa0PQCnqwhieThIAsR58pDWDHNS1YuYSIvfPEgIWo3imhOYfNGxlhFmMNJIiUha0Tw8s6WJoQkJSUwkLFjPJspbF7XLUDRizESHmyFUFHpa8ppC5hYsdtxcpJjuT4DB5MNbDWEWYqzSIn5hIqcDzSzCQU3ikpizowp4bB5vvdBTDUqXEihQ0Y5vJg+EpCxHM4YyUgpPo+eZJD9QhVkphCaHDYPJg+QNJb9lWvcpvi2YtkKRyOGIlIxahfRH+mYcoeYswlJTCnTFbJeZDUpgKgaREYQJJbSHNgkRMFKXK+nygjKRwxEpGLUL6I/0y77gswlLuFPCQg83y5JGsidAZGFRuYWTBDuPgJ8oUpHBESkY5wHsnlicOIKGGSmLR5yRi0dTm7grJqslBGpIYcaptyMEZBpdxrSoHrg2TpM9HGTGLEXsfPKighBQlI4jC/LirmTB63Hkv+QUZREa8A9Axy/0LRBDDuQ2UGqbSe5YinZPaKhg4IiSIsoQPtHWdmHZLoLmNUh2uIcKS5+twzhFk5MizpNSCcZ/GgLXhr3LKPjRe0/hQ+8kPhvj5L+4cGoIzofGZlESinuIThQ51CGgUghyUjNh3BGTB5qFnah+zjp2PJrPDiCIpLx4C1ebM6yesieZg4UUjCEUtqzF3CGEeVZJx4OFQyOTPJjCGFCYFiKcWji4iLRxVhyV9o6z7FmtQ2At0noK3KTWEvYERkRBhsXVkkQcrtoh3n8eGsO16ZJbPZg/zOwVTxUxHw/XcWC3XHDvJTCYFL3cMa+kmpLjNwSD/AHcpLsczhOhiLRn8p5HDDx4yUHEe7rjpjPimKTabqoQLcUrij9pLJSkhhLlk6lODTF+E8iLlC8ygKsWZNNb733m47hR+wPiV54SDVBFUpdh2kmHHo+zZFa4xPNSplTX0K7zxkusaB3wmHAwQtS/0GuqPSekh4VLICg5mgIpRGLUtbZDlk6ApLeKA3Irr47ncpeQVWTHJAcqScWtGZ+4admej0v8ASeQL/KSzhg95GRZUocNgMHxjGpNME7tAsnm1xQUo+cOtkEUXM5+jb0260vPuPBR3uemG6GXpN7nIGpzIQyih5kgTf4PrOKLM33EnXAUl9r7y5hpmGuJc956WH72/wlyKUZ9gZ8Q1Qh4yZn2lTiO9xRQGgoK32DmclKa3Hn7z0ndDw9WE4vQg2hi92D/Dh9w+mg+g+3h/6htLB9A3wz98WEu84/QG/EUDTr0E+O9ZPccIq4B/hLA1dGac4mH8XS+0IbRF6xOGbc9H+KcQMl4hhyz5Jlb+pBjuPdVcBL1EPkHkx317XbJEZnyILporBciqNSB+Zue76P1nF6CL9w4rKmAu4pkLbo9zVtekV9OdxLykHFrSfw4P1MJooU78T3mGLlOIuwiOpcwUlzyt9g+48pvI19rsN61ZJd6cRelw0PsZCgaZIb5v3FlHwH3Jgs2vICyEy7XIlbWm+dLffGpjlvyndjh5RT9STdEyam5reTAaZGsziyNf5in6dQICyOCPkdz06FbETAcajhJLJd7fBihuW7rb62cMaXV3OpDaFRX9Lj4ZlwN5mW9Nlz323/kOYZg531PEKLlctkCPemyhpPu6XzwNY/YM2Ep41maBOm7R4qmxBIG74anj2iuWumu2KsXsQU98S4Z9MIWKtYuBBYjU9973U6TaaEFPEtHkC3UPpRCCniKdB2yBDvJ0khBTxbBe+/pgp0ghBTxVyAsJ+jkIKfjYu3SjB8Q8mMsRg/Q75mXSLB82X8hx9FN/dUfwM/5C38Cv4iT8yheAzmReCF8DGYMH+QsgQIEC8Bl4HL8hxf2oz67b8iPbwQpU8ELD4IWHwQ1Qh7+/jFs+bofVD56+TMH3+o1SD9TsOYdhXeHMapdXMKjWhFRXcKjmGIV61aIxUUGyKGONziKGNkUFRU/7LaH4H++XgdgpbZVLwOpVFqGvzF4HUqi1B/VD4HUqi1Cx8YfBHfwCeg0R6vzRcwvgWL/j6I/xxS7eBPgaI9c6nyudg3gH4cH2p/oDMzUzu9gpH1/YgfSH+gOI3M631Lr49Honj/wFM1PBUh367PR6E/WLFSKvXCmaEDg0bQc+eOkVOtliMO0PLwLZh1oxajNT3NgkXWBmZoLOiYue79hXq2qxchrG3LF//8QAKxABAQEAAgICAgEDBAMBAQAAAQARECExQSBRMGFxQFCBYJGhscHR8eHw/9oACAEBAAE/IeSI/K8ZZ83h4f6ciIgiI/AzMz+Y/AcHJ8Nn4k/gJyiLfwHyIj82WWfgZn+nIjgiCD8LMz8j8J+M+W/Iz+A4KIeT8hEfkzjLLJPmzM/0xERER+JmZ+R+Aj8RwfDeF+JP4COQ+B+MiI/LnLPyZmf6YiIiIj8DMzPyPwH5D5v5SI4ERyfM+JEfjyzlmfizMz/SERERER+FmZn5H9GcnxfzkIj4H4yIj8rPDPxZmZn+iIiIiIiPwszP5z8p8WfgH8RyHwI/GRH5XhmZ+DMzM/0ZwREREfheH4PwPicn5T5PwD+I+YR+MiPwnxZmSfkzP9AfAiIiIj8jM/nPxnzfzAcCPgR+IiI/oGZn5Mz/AEpEcEcH4nh5f6cj5PwD+EiIjnIj8hH9CzPwZmZ/ozgjgjg/K/I/pD5M/AP4CI4EFkcH5CPmfE+DwzPwZmZ/oD4ERwREflf7Az8A/hI4BBHJ+QiPiR8D8DMzwzwz/QHByRyRH434P9SR8H4g2WWfI5CI/ORHyPicvDwzM8szP9CRZZeCX+1/4sXt15YCd5nvO9xQfuPrg+G/Wv0uM/VKT6VvSd6Ch+L4rG+48AvKF/iyz+lPizPBssss+RHA4I5PkfIj8R8GeHh+DPLP5gW87P8AF/5svRP8Xkq3p14wXgDA+lizY+7Fj7v3X7r9l+6/dZ+7P3Y+7H3fzv5xM2r0T5QvLi82J/zP4Y8eDIkOl/iT+mZ4PDZ8sgghCCIjk+QfIj4n5GZ4fgzMz88sg2c7X+L6qhYpBPG8W30El7njKChvEr6l+CUu2cZfv5bAI97hxso+uA8kPuT7jncQN7gfcTLeGbz42RuxaD0S/W/xJn9EzMz+DIIIRER8D8YiPwH4Hln5sz8mcC/xMdMfbI4/7cKdFg+mxPJPKs8Yvb3kHafbzZiY4JyeQlllllhZbMmzYs3R6YfG71r5Puc8k7z1x5sD7gt4BiXdJern6m+8P1K4Ef3+A+bMzPzyCCCI5I/CfEiPkfheGZn5MzPIa4eZo3D7bwav1HmP+14cEh5bzkLwdvH9T5bftD9QSGTl0TkpMKw7WLHGQ+Im2222lpbebCwsPqQ2jw3hHfbpDk8FGeHg3yG8Kw94/wBSrvn2WfkZmZ+YQWWRH5CPiRwR/QM8PwZ+G2K/Vg/wVnqPsYnDIfK8jPUJ/vBexRcC0hJnc4dt3hE4eEwTC2yIYJgkyFtsvDWNbDeAl3yWWWWXi9xl7/SUc6WPPCPC4YBu/P3y3h/7bfJfvgj5szM/LIIIOCOSODl5I+ZHxPxPDPD8mwSTMaAAboQXbdR3brxxCfZYB6gpJjYOXnY8Jd2pC3ZdvNo6lIcJidrqSGHh8Q4WnmQvKWTu2zZHqCHcEJl+ltvBvAzLtdLLLvC+rR5XlSlsDrE9T98de7LKtXI+1s2v3Zy/BmZn45BBBBZEckcnDyR8iPmfjZ+ZVP7QmNv6sABdERGpnVPAnV47u3Ps6wBduyjxdHmxkP1ZzxYF1dXUcGMxmHAdz6u11jgiEBbbxmyyzuZkq0Wgu5E26k28OAWJHwMD1CfcHCQb7Y+09YHp4fiyTJ8Ajgizk/AfA/AREcn42fkTan6slOoVGcG6Fqg/zPYRgeIONmyeNoeLb3kCAL+EZXhZOSBZhfGBAsfdlryhE23Ecu5ZF2BGkp5i83ibOrbW2Js6sQX3OJlCZHvKT6ktSSWdiyva18MLZU9+/dvf+YhijZZyzM85yRHwOM+RP4iI5OCPxPDzmzIMHQ/24K1Xenr93YR/VjeEMN5eAT4WsEwDoh5xt28cB+7fe334eKf1a7eMt6kTuy83aGk+zd7ukW3ndvA7G7Z/jgLe4yeMHuyzbLGV1YNi3d4Y2w8ZYThJneuMAOxAo/dBh2H6V4gvXo2STMz8iI+J+A5PwkR8D8Ty8aiv7sKYTgYSDzdgxpH19QQAZI26I4Q9vtgy3OPV/El4vDtsG7Oi36le7uS/uNWN2WwPMQ2WFgQzgfXjgN39QydbuPNo8N25O2epjeOpzOl9l63SfMJ7vLkZWy6THVoRvGTo/wB23i4s5E9Nr/8AdCwmZZ+R8z8ByfiI/O8eZgL/AM8WOXicrIoPt7YVDkuTzGjgEzw0ZXhy07vR6gm/bIeAy9cAkTzD7QiNerVtYSXqXslNok9FmxnjclvCJKPfHhvN4unr1ZkeJeNEPHYx3Fd3gBeyPeL+bq2bLxbE0ht1QjxHe1hLHv649Ytw/wCJmqwmZ+JHB8T8B8d+ZEfnYmer1Dkb5EPIMJc4Se0bB1Dq7GOnmzWIdWmWTrF4AjHdm5xzDvh4W3e1s9O578MU5L32uLznUP1kdfF9hsWhaE0Muur3sMG1ZsdJN14b6b1bq0zDfm8XmcmcFCEOR+0GatOp5eEgdehburWT257nrgTzyDGZdjZkWOmEPPD/AAHB5LCevw+GZ5OCPmfgPgy/hPzntSw0PtYLYGEz2/zaPlboZe5c83m7cbbG5PV4J1H2g+Ey37PVTgiDCCeYJ55N4XXcS7Lr6sJGdsF4OKIkvpXuT36si7T9Zapis+o6+58XWTqA4MtJCm99y4yzrulm7kH0PditZekWcc8I9Q2ves4wsPfd3ttr1alts8fR4GA+H7jJHp4wapdknevp/PyIj5EfM+Cy/hPzAi69w2P7MSxcu9gxAbHq3bv3APTAPN4hyfrZ13dvU91x9SmRlsNtCQXptLHvdk7h6jbxYNs/F4SZa+L0sWWcJFNCKZ9WLXhdm9XrdgfRZ+r0eXSxBEjBrxLr7nt1L8TIphJNddJZPHiCPReXYCaXd4q/oyeT3CdNnQv1ClTr9SY5ecKDI+pyFu7EiL1Jpf5ka7Id1bxgW6SN2n8B/wClnxEfIj8BNssv4D4H4jvp8w7iDjVnf1OVz1I8wsTGZYz3djdZFu3XxN6+LwSzZFNb2rQTrqwtHOPUT0y04NfN9S2NY68Ik8EIss+Wg2VR9ROp3AssssksckvTPbd2n+d52293X1f7K/aHBAc9N6IN9T7R87N/U3MG+Nlie5+jYI/5WZpEAPYXam8skHZ7RUCadWeG4TfYngdrqZgstu3UgGjwjyFiN2HR0/8ARs5I+ZH4CeFn8BEfj2vgeWJ4AgtEvbwTF+vqIZeS7GDYMnHUssezYmERj5wPRLsCHzMMPBC2w/m8uB+9q2sy9rPSMgRrDbgRB80tu4dLPwGHq7g8XiwC2L6tD9Wa9Y26+LvrPVmZ8d+Lsaec72Z4H9ZfR6gE9zm3s0ObezPjEfB8xoQn4Lgh1Yh6l7Hrpj3O/MPFllN/TGGMk68Q7iNt8Mpo8QghYjYbv/43kjk+BH4CZZZfwEckfMUfHyg4wIJ838E/8O+LHrMbqHU+0jLHhchPLJl6iC8MtkRLH5BuSacdfF3Wtg6l4Pte7U2WTpdX8dqWH4DwCuomtvZaYss9W2P2fzDpf8XRO565/Y23GTxyQn7nx6PfexATwg7n8wp0wOdjyHUnYMZWYv1Z/lPl0mupjs0lHxO6TrOl+7ie4HvqceUI+I9OEsI4ayJHri0Qf8Et7jz9SCI5PyhlmZ/CREfMwe3/AIgR/l+4J6cC3h/SAWG7CJ8S5LP+6Mw+/qXPLpEYyQ4LKVMte2I6EmTOx4bBeN4gzZM9ljsu8fO3mbqZ4/e/kBIM/Eu8s8BPpk7i/Vp69EvyWhy3PPmKK/izZWN7cheMU7erAXf1D+z6lP5+rol9d4yYI3bD2XhnB7TYs9j/AGnx2fbnZ7bFnthfAvEPttzez16JcNJ3sETb/tbPdt2ereJ/FqcDro7PrbQEcTg+B8D8AzLL+E+R8EAGr0EG5+9CBlei/wD1IWcN18QQZM9ZYh53OKMdQGTb1BhwlfcHDWMsWXuOpOiOHGHwXZP0ugEl9bQZGfuExPr8Z+F4R61lDp98e568z+364ngdHX6jt0e7DW+/u3jwfptHg+zbGfZ6fvbP1az/AKuhjG/Ye5X/AD1Zm7j/ACOPafH1YsUtjFpI9HaZFC4geQuwdjevc+xe0BB5XWe9+mdFm+Ys9PTmvW468B8jg/BstvG/hI+B8NWP8f8AzZF4JN18x+ud2M/9GD44f4Q66nzw4zerzr3QP6IjPELZhnOZwDe7rafPi7OXZHC9p5kzp3dsT954v+V2hZ/6QDbbAgw8D/m76Q/xCqPl593fwx3cv4jxaTfF1kIGLnp6vIFv3HXcPqAAYmH/AGvJ0Hb/APS+qWYp2/5tU9dXATXEPvz1fRPfqC1Hgb78EruX7PE/COvZOOdn2HXr9WKUrRPMtLva86h9RPfY7NtyEF69wEHgW3Sfs/6EfE5PwbLP4iI+BHDF6e3+oyMDoIJTrt1EVvb92K2y73hRkR8f3t5ZdX74DInXB4W5f7UM4WXIHqX7jhvqXcQ4ZlBBBDwNP3u/x1D2JveEBe4P6BYllXmW9vufLDUYQwTR9JECsLPV63m2YPHmxGdB4tT9jdmRvrsh1Mr4PC+wzpzxdDSD19Wbnq0N7H3dB9b3+7GHf+RbmB8k+uzf3aWdAf8AE9eGwMU3INLXISa78+P/ADB2HU5YdN7cyTm5todHZsc7fq7/AKtVN4Q3q1OLwAjp+n7gZxsfwHzeNn8RHBHxx8e2iJ16CfJ34iFPVmkdEdrrN1HVush6sTbYLSABl6ohxjGpzsbW+g+by7LbeCEESTu9FqWG+pz/ANJTrzaYO/5iFv49v5XkZvp9fMvwvfm3G/4sfbZ9v3D78bD20/do/wDqLYXTpa7JYPktfzfcLUrVvUE/S8vGifVgNf47sfLzDD28/cdgxnnzA9BPoKex7sO7perWfDq9kgcbKY/z4s6k6+9lenUA5vUtQ8fq7V0/T4gOm37s2H6y3Y+e07s7fDzOdnl6P2+bbfmzw/iPic9C+z+ZhFnN7X+LJq/5+7I07shuJXhZ9Rx5izlYFpH83giSeHCWzyLv9Xb+bshhjqcODy8oOvhoZYEc8HPK8yeCPfn+LRxz7sbzkbmwfgbIOK/wLob0+t7tB77fNoD319R50X7g1fuM61nf/MHe4vQ2/wDGm4L9Dh0J+zxefT+Gwc/3gR1seEKA/wCEoSmfq8NPB5gsZZeDZdRlqIrDHO0/7gEW66u0ZvUiGYzYCkNN8w4eETn72IjuQjwmGHVsH+0BrsXQWY79l3h4nGTo43kWwP2evwHxWeX8Zwcl/B3F/Kv5RidOAashR7erTDoyeeeQIhPf1F6sWN6tMQ9Q3XB24XjdDjobV2OozCLbwA4HrPARD8U4UPT9MHpn3OXr/e0OEyv200/V4Rt53h1a93Q/8Wbsr+oXjzPZ2/qH+Uu9lpu19Rek5YXYwHCyy/R6j3wH3aNf7z7HdPqV0/vzMD6eyBNO+oBg7++/Vg/5QHs75N2Hik09+OmNJ92jQnXZvstfs95Meuzs9f5uifV5BfdhuJ/MUfMH1c93RcO/u7u2G2MOziBXDILz/wDj+A+LM8P4zg4ONIm97+fVkcG7n5v4uyXRvIuxBaS2nxNsrDBmXWD2u/j/ALXjx8F4LvNmORYXsXi7Y3gfHiOB8ze7TZv5yRdPUncavF0TvqF76Y1bYGyGlR/v1PtMzL2/m3d+7oyIhgb4I/yTBlLGImcdd5O+4/S6jxByHv8A5IXX7e5c86Y09I6cfX8LvoY6nTIoeByZCf8AkTQ9jHjPNrEw769zk+Pv9s4d9nz5leL2jADy+o7cP/qDgHWfch5j/NlmYlgZv/F0Iaa+n/xLDxdKgDzjYj6nH7J1/L1fz5+Z8WZ5PifM4IspHb/s9R4dB0uD+i8A7+4drA9Zlne5R8Eavdkt8ITw9lvhPeWc2Tvm8LyuhOPFll3sgDsWPQ8fqaZY28uREfJvGzupLeLxTSThzuemh2WdvV0T7/4vJS9SEL3niyPvPOQF7zuWeHo9SweP8oLerKFgdH+CAHV63uOTKKR+iO7vzPdZ1aHsf5+5ru/XVqOPReLovJ7H6vYdDLF3q95hg7k27dyceTH1fTs/i68u8/dqNXe/5ZEBb3heKx6+vV3h83dCOOX6jYRNn+SXoe87Le/+eGC6g9WF3vhPh1B2f8T8x+LM/gPmcEpXkoRHgMOH2PmH+b3F+v8AEv8AA+7C/wCYjw4D9x1ePUvWH7Xo7f5UMCOgWzUaE/F2unDCCJMy0NYJ7vEDotLrPtKOCH5ZJwFfsgtDNkPBv8XoToYTvuCeJgDZpbTRK/pLF0aD5tPS6DqHc9kJYE/byi9ISD4LYF3ebt0sYz673towNNtHfReoXnO57P7nv2f4PNqMMf8AHbAwPmx6tDja62Sdhz6nGb9EXg92keyzpOt89+5Cuh1t26t/cSAZvuP6F+oeydNej+oYme0AQvk/uF6WyXffZLrj3l+/+w+Zb8WbeT4HxOCIsX1/3niHUWJ3z2ukZbEOl3IL/wDvMl8P+Lu328Wl+y6OWw7vDdAlvTufjLrkUI/fANG8s9QATx/1dH6zq+zwPH4CPmk7Mg/Fjlrwzt13vdm5l5CyZdj9ymN6Lqe5vWs+pf0sXqB8lsy7o0EJrjmeLfsHaePMHqXrU9kCrY+h+4eh53sh9+LAzvrxCi3u6A6g09Za5KRMKdGdY3sNfCHu6rn66k7R/wCLX9fzaB1/J4jP4OQOsP8A8h1j+Gwme/rff2X0Tu0s/wBluYOHnq7Pf+91OAuWu++PUfof4+ZbbyzP4D4nJx/i9/tHrjSPMJOh2QeW6PNl7LyS2BqSj7J8dSzUoO7lum26vItDl9vA9WtndyKxiuzuHyO5/bq6cu6YnJ+PaFiSkbx7bHT3ou9zl6YTvIt14gMxAdHzNlsLVz1Olk2TPucTd/k93Y9eI1r9B9yOmTWuwdO+mwOfuQ1Pp/Mnk9eotKwnaOieGX7n1DTqb07k55mf5202T9H7H/S8XnP1Z0m+p8OgLFBcf+J/wTH11FQXXvZAgzOzvzItzq17uxZ7tn/XHTPDRNK9dfI+TPBwfI/B+8p/y4eC9o89wYSF36gw2+LpNuee5nTo3xtjN76vVnUeMvDYJPc+5TD5sW7F6nxers8REON7nu7cbsZbr39Zw9CM9yiyzg/FkLDeHg3+BKvE47DHRwz5rZ8Gn9LOERw+J4ZAz/J/N9jq8H6b6G4+Zf8Aot9oXswem99WQZEfM0eD+8hx4yxj2bL2AJ7vOplP6lQz/C/UIfwow7ljpP8ABwPB9xOuvP8AxfZ3AMszzlr5dlhHR14tj+uAsm8D/wDf5GeD5nzJ8X6RDj+rHF4unnHRuj/YJQy7zN2cL9Pd29W42C/ZJGOsZ6YPtLkXm6t46zojwJN9wOjNsHhvF2YtV9LaQ/mTbZkWhKAeLGD8Djj7ruDFj7t/6vdsD043WDsJdPX82ryh9v8AeS+XU47y+sXUsxHg+S8vOt8PWZ5tgl1m26T/ADYolm7L6z/MR5HiAXNb2u/rO+AJ2w1CWGLoeLyN8+YdMwfKEO15Dlf/AN8dfiXJ/Ev3N4VH3mef/wAm/wDqR4H8O/8AsP8A3e0v5V5p/DmfgcHy/ZBP+YdOLynUfJdPrH3Z+z5G9kXh3J5GfoYu/l7nStEUAvWwwbXt2CdBsWFsb8PO7zI8pJxr2cSx7Opkffbw9eZ/Nt+zhH8qu0yQn7Rj8DHgo3Z26HC/xEncmYu/V+xvpvPf8yzoS5mb9WZp1HgQXizdz1sDsz/aBEMEvUau+fW3TOwQF2z1w76kDE8b/wDLQJb2mw6L/l685Fd2ZB7iDoyXg3T3HAeT+ebJPv5mh5uyJ/CQeU/hz/ls9Y/yP+YBwH8OrYYf4hPq0+rr5ER8TofpeLidH7M6tkSe2ZPfa8d43iIn1sjB3YEaO+slYk5/EZnmJNOre43qzUTsmwAIPEd3eB6vCF7jstLs5aJYMyZuS9G3OLfyhG/whlZQnCTw2A6k/mnv/EHU8fgdYdxXrnpv1WJpDO7YMx4cjq736Lx064E4Zepd7zyGFWDX1BOxmQzWRuN7hopJjjnV11aPTxLdx35IG4sBr/YheCwxf93J0r30lmGkmcgFPwGthg/mv/QvEPHDN4eDfu2GG2H4PxI+U+LiccTgaOxZ0Xb5auH1bO/EgYx7bF4Zp5izOAZ0k9yK904cNjruXV5u49WEOyccE04ix19liw+MnpncR5tSH8bw7I+SyL67ID7sCO7UUnex+1k9dN2Q4WuwyHDR0lAeuLS2bW3nBAkph0icHexB98DqD4j0g9wgeOpycJq7P42Dk6fZJEZv2Y8iYF0yTsMen88SQY50h0Pc656jzdfH/q9Wdv38v5G6dstvw92/DfmR8C1w6Wz6cP2c5cPZj/sg2b15un7vodT2ttjWZ0Pm1KkIwbsZdW0TSNGWPAXp4O8zf4sUm2ZwS1m7h+QbdPd29NjGV6mGEH8THw22Y68Ml1KLwbsdyxgHjjfdtN9S0fq2Q6QrzyHFvN8cnz5PIjplsSve3CxxfzHu69ia0PDeLdljpvc3DYGjBAOhz3BPV0hd/wBkx/V+yQnf8Q4k9lu329v0WuyDxp4mfgdrbYbYeN/BnwQ6JnsWizsTaF/V4Qb1dB+kEMxnu7rfV1fqaY9R1tERCbLIRgHqaOyG8AyJ24H7F4aWl3h4j2XUxwILLst5s9RzhY7MvMR5t7fz58Fh9o0wbQF/SeiRFR+7N8WvSOzGMWenmXOfEf0WXQjvcOuMHNsINZYbaTeGxb1y10S0eeMh15bpjYYbJdn+LTfMkPF0SNdzwH3Y764km7t/L/aAJnhy222ww22ww2/hCS7OoMdRp1ZxfKLqH11Prh7iYd/Tdzr19ynYHg82e31daeJoS92Lce7AzpF4lsN5XRe7B7hxnMLbtOmHeDhODrs67Ys74EcfMe4sL0xN/Ns03u6+pm7N1bQLtvsJRsou+LImT9ImI7iEcgM6FoM+ZO7l3mlmOosy2GXVsXFtkvRdRB8TtBhvAnbt+reRoM4HUyeb+MMMDnn3Lby/HtsNtsQg/gZwJUBEDqA+II6YfvyfUrqZ/wC5Jg82jw649Hkn6OowTHuARHh2y1YtLst2V4QIn8lj33xsLFeNGnzOqxkB4mM4csJ2d2iDEIm/PbbbCT93sJV8yn3MUB7fdqYGR3OL6o8WS81bLdyOFw+Coa9Fre7GUHjD5O7vNjBjA9i9mOrhCzvLX1alnCthPdhuQwG99fUE8LHzap/iHXBXTLbbbN5cbbbbbbbbDFXXzxQRmKdwE6sSDkbegNoTv8g2W54x2J7mXvf4hnU/k8S83hZbGbz4ZRxnyXq9dWwba9kite7UvReeeZu6EQ78Mktp2jC51adhYX0xsGXubq7gFr8NmI+4Hu9tetK9yPueDSBl1g2HW98x2tffgyIly9ZK+Zc2o5OecIsCPun23qdeIo1meBr3OIyw9WZZbx0n1y0fU41L6mj97MR4d2cG228bLLbb+Y5DadQF1AfEfFif6n+G6iVmg+7Nj09JFdlj1b23TxeGLMQ8Cy82hkZ8xkSGS3I6T33PGyOpyHmEh7UD1Gj4jNRyctRup5R2S7lA92DLS2ccI3qX7vt20t5GqxZwqz7gye+AzWz3CcIJlyaut0L1DLr/ADb4hhGf3L4sjYmzhbwjDOEHRev4tnLAdcEzVH6SL0dlub7gWDP1Ye7vh0WAcPBbOXu2222WUvwD+J8EYRGTqMwR8fupOrr4HdHHnzdRDu8Wdspjd86R51vUn7tJ28QmSxjpOl+1oXjggqhyBIBiJ3r7rT4k2JkO554sEuPiXePcG7rYnpYeGdfPI3Jpq7yjwssdsyLoului19cv18IZBdMflAZ/uVTPmw6oqlPQwEdibbd3dvIeY4j3CXV57wfzdoqnvr5jqBMcF2Q7Ywspu3ueNll4GMY1Vtp9M48l/mT9P8F+1/tfuw4DXJgRETqwQfg+6zF0komYOvv6s8pe5Adv2rEe2bo2xY46NgyIw30Q/cXAWqtIRIUIdz22L5xQ3bxvGXoL1F9cX1Z+rLyW/qHAynbF3ZI2Xufa8uJfTj1gmvRDeuIzByJtwNJ9MaTGYDJWuLtEHiAtdiV8QkI82vStK8hfXbrNpGHa7/HV5bfx4nz3CgFs5dUwfRYRCLzwXUeHhts8BjF46ten7n3n+F6Ei8g/55Y8EWEpBETqzIPwr0+ZuHMdIX+4jVvj1Hi9JOLQyRTzhlkC6cOqO7a7TnxCOEB7hTZdNV5mN9wG3hmxaSDYtPUv1ehKVomsnW0ni09R9c/Ra8XRJ7sZd4ywWJhwZghaTA6iInmQx5wNt3MHq+236IbsO2AQkz6buYkow2JHlekhTgJIPmPN5FqeawXeJ2xhzFvUea/Vss8Bi38X0B+nm/Tj/m28u8zdlmLbMsJkB3H4rOD8Q5vuRV6bo4jRz7fF1CwyUdknreTnd3bw4vmGW3fhLiIj0vDwEAXbl21I/UvlBbv44GXnjHGD4eKZe72kJ7gt1A2ZaSWDeoL1ZPUm6WFhITwxVhrUJMPUWr9Rh3I4vCevOvceCXSx8ScZDtKCPqSwbEhsxpBF6lg4d2xtN3EbnmUWNfMsCF4LV4u3R8ArbHYmPtsv/wBCNMxgy4Ls8ooEAdWRB+PeD++7B/zW4d28oT08QE4vQ3WfE/pZPe7Iu8DLZMYxJ6t4aC2Gezsl+oUhkDb9cD5q1Wzww0P2QPh3PiQeBX3wmTYZYsnu/dP3QIC02tqneeGCShJ8KFdxZv8ARw43mAM5mNKWH5EFI8y+EqwsOBGze4AX0T3F3hPcncWjiZIhEBCHGeyXVbKeQwnvXw+W2T48B4LeHbgnht5IOuIPyDYSI+GTstQtLyDYwdMO3m0ZC28s4ssiy6MVDFuypI2JjE+J1cKGBM1IcasWjwx5UT542PV6Vl5LD5IkNaLycLxNYn9l/K/lDjMnfrL+C7R9mTzT4d9FotPlgjIdTwe1emh98aB5vomUHYyM92rN3PSXfV3z6cmeZ9ZE8eZpWPad8QlwnMBiWZvLNRp/9GX7Dyyix4zjZ5eBM4PyqN2x4X22pxFm2RzZke7okItm82RYeA2lsPd2nSIOnc/Sx4fVnIaOAjF/KJF9ixWfTaXm6I8W5BfWWHqMPF28eqNbXts+2Dixni9acK9sAIzOpn0cBB3whAXzO+L39r5gry6u2edsYEZ4lndteKxfc8SPWyF1OvZZ/dZwvFteeUucG98j/tJZZfd9GGRPMyyyyyIr1H5DbKG8AOh4bTLbgH9tueWN98Xt4ExgYZMYhHgtht6nssxvCxgEnslHO2FnHiMQzgGHVkY+DGnmK9q6rtIhjM54w/WYtDT+8j98QfAftAs0+/gUEHtK6kvHAcGoFsizPrmC29TeFnDomCz5v5CVc7FBBnO+/H2mDgn0DtbtfHoX8pXCTX5TFR9X2flWWHB5P3wdCk5erbLSHYf2Sdu9thsOktobZZzLUidjgg2wyb4uy8w3UfrdkKy8DZCfUo4aLeRwAyGLrBLLEY1AkjPHpztWsa4CvMYjcBz6OM7bMsnEd5uB3BmXZwwS8gwOOE4LWFXOIQQZY3nhcXhBvG7JYfzfCMs+JFJ+m/VGeoj8ilnK/wBh2MMdLTJ8y4NoebSNRdjzF8i6W8PH52NjJDnD5Lc4TUFuSjZ9cDbxmzNSH8IiRsOQ7dsbpFFKtjCeJDuDZwAWIN+Yj0lhZIl9MpLBUDgzcFtg7sxm/gecXieyyCGTdfMsLrIgwgg413leOJ2zCDbvvqdOvl7/AAAylKCMQcD8X4vCnzK8wyn25Hvi1sWmnufJtDzacAj9y5Ts4XFg6XRISXndJdTyGLvebUYDeFjwQ3TIcMTgZs5PN7afVg+OGTW74bCxP0WEYYPNJX1SpT3dsG6cJLSwmE88AiTtlw5lO2HGWvCbK3Qj85wG/YIBBBwrvLdjx9zaMnQ/G/GWfDwjz8n4M+JnmvL67njfs3mK/TaDTzO8bf3anAYkffiBk6uyymy1vB3BMRbHA8ySyCzjKLUYmxA+51d5ZYWsfGJSecR4fG1t37r9tu2Lq6JzbjWBsZ3YZxKu/ubji01McF7hXq8bviBEL+PjOyMIOXzZ3HLsrz4DWxOc4yyyyyz5OOjzeP5/GzeHD1ec/wDZIZHS2GaADTzO7T3bWsY7m7EO9cNp4qDNkIffxXF24djteHdqv0keVLioyLGxdrrYnDXE6vPLdcbbPDWy7wZTgdy8Flw2ykobttE48LpxFuXo8reQw6jHwfMXnHDe4u+N4Ovzr6LT8oN4cOvAv+/gw29pIoTK7w29tdC27jryGHAzeYZX1JBJdsFuFGWLY4G6cK3gLMtvUV4CZ2IUn4McGz3ZE4YWDJukpdOL3LzBsuu5dgncflwLHgETva2wgEaYFn3BPRBxucOxF5fB4MtbRsvzrvC0vY/heGeLyfyHqLWELa1aSqEdyrqw9wvEa4zwt+9mzNPMTISyTZEdjr3EGpnA8lHA3jeN5DeTeGcs52IxDMnB1efJ0nhOR0sGwNnRnCBW32cDmI48yc0ZNVCDqMc4zq2Ltw+eWG9QmI/m2eQj+F4eRya8nkl4PffBm2tP6hy+yPYmXHr7tZCecWzu6ySY6gSxmIQiNvOSKR0hceUcZR2Y/AQ+KhtcFSopXjW1mdnAerpYbEm3SFJbHm6EMwxAIhX6ykHlGIOFzgdW23aDD5eW+/z7wx7gyZfwvDy8LlNMv8PXBmFuW7jKFnXGT7to1DPrkfuxYPB3J4P42DaWrC2cbMWSXfAxyttnHE4T4ieNeRq8TO6ItnUk9cO7dhxItjLNnnfpOjxZwk68JiE7SB6IONmvFvOSX4ev6DJclsslll+F4b1N4TJt1Xifce+DMluSY8IW99E3BF92924D6Jv+1pJPCTxueLqu0lqyzbOA42G2OLMY5222YYpptlaJwCjP7cRcAXfgdrc4MIBeEMVp1HYjtvAkHGzngeDeCz7bfgXr8wXRPDOFlll/C8M+OOzwzO7s3QP7h3wZmbeTOULSwlL98LxBZgb4vHRp5LG8ZNYlus3vtWyR4YlssXlEsxN7nSGS22WizYdbS5AwXZbCTFsjcksja2HKxCeLfEXlLyF6izhjjhazeCL3tvxJ8fkCzJ4Zyyyyy8vy34HxNmvEXi8HBJmZtZE5HgLh7kOPa3jV08B9fDankgWFllkhsWfqRPbxaepPqVKIf1KS2UPiYeYRF+7tJjDGdGU5Kt1smlrbPFtfgoEJwoQ2ng4TXzeig8NmDwvFvBEG2PzJ4z8GRNl4zhllllll+D+B8zN4Jkk2PZeUkzPDbWHwOAcRi/Zfsi++ELIMq+iBInAR4yz4JNmBs2fqzDP6zm/TalpXe6euHcsS7w/XKCxZvECxP1vpRf7uMB6jkgmNeLfiNhnzI4yzjPiL4l4znZZZZZi/An4vyZmfF47h3wZmZngcfEYpwEL99+2/dbe4EG6ZghmoWC1+omlpZZPBlk8HfmSwZE8WeBDhpZkS/RfQkTvmH3eggnwI5F/AgcAZ82IfPIvi3jLOFllllllmedt+DwzPxZ83lu/XFng8PCWkny2IUhFLL3fvv28JQ2bS0lJEuawsncry5sWLEmzZsWZqvq/RzdoeFDBQXqD9XjjZMk5VbMeLfiWkA/CxD4moviXnOFlllllll+DLr8G9cbx74eHjb3PckzJPLMk/NsMQhCJJ937OA/aB9wYMTFpdchhsyZ4NfOjMUV+uPqv1WHG28cSJrwVzzNt+QcB+J4B1zkTLcl4zhbZZZbZZjz5l7eEBwt/G9cLwZn4GZmeM5SYn4dilKUgvuEe5fvkf2QIP3Ag2bNmzYsWLFixyYs8c2LMn7sSfua1ct+Ib+ENhkcHxPh7heHHOV+G22y22yzF+Croh7dn8Oz442fEtvV7l7vdms8pMzw2fFkmZ+PYpTlELr7h/cL7h/cL7j94pP5387+XD+V/K/lfyv5crVfdu227W3nbfxEHAHyPwac34bbLbbLbbLMfg3n4ievwPwPC93lLeuDxeC3q9bwnZmZJJsnh5yyYzPy7HwMp/VVuD4DeT5hFDPkfg9RdH8/AM2W222W2WWYvwVYEfbyvH4Xny4L3wz4L1PjLwE+ifOT25eWXSZnh/Dkkn9HtvxDeNtttt434n4D5BwB+A/CMNttttttttttsxfhmzvcE9H43g8z549Xp49znue+IedjwseFv3J1szJJP4ssmZ8Sf68Jc+RPIRQj8J+B8xm87bbbbLLMX4t+YLweZ88MfHHleWPOx4Xh6LwC8SPgLwFhPDMzw/hyeWc7/WkvxyOQiH9J5ZAPu8eefc22222yy287wkM8wf0BPD4JvV7vJ6/nx5hHlsd6vLt2mZJn8Wc5MyyzjPltv9WfDIPyHB8+hE6tttttltt+I598A/pGbym6EnxPgLzjzHhY6be14f74epOEmz+hyyyz8+WcZZxlnGcZxnxyIFn5D8RefO22222/ETfdAP6fzHtm8v8cM8Z8vB8bqX6264XoX0mZmZmfyP9fnwyFED+hI/B6l7538Am+yAf1Pu93vl+y9T4hrHgfXU/wDLef8AOeQmZkn+tz82fAI/pCOD4Esi8b8xt9kA/rTyT3Pbe83nN339d3m/TbzX6L2fhnUlkyf1uc5xn9gPgfEstH8AmGzOM/qPU8euDzHmJ8b3eS/Rdf8ACvL/AMXkR53r4JwzP9Fn5c+Gf2E+RLMfc/E1DYBZ/Vt64eTzF6Z9X3eH+56x9s+B9uz0f2z4z4n4Dhkn+pyyyz+2BHU9bzkNigOMss/qm9X1Pv4+pva6R1H9Xgf1eJ/V4j9TPn4MzM/1Of2wiCCXWFnAgbOM/rm9ce2zqefU+eHj/G7Z/wAXm/XXB6J8z8GEzM/02fDP7MRHJBeCzYoLOMs/sHrj3x92cvm9X/AL/wA5dv5vReSfPyfiT55+XP7aRBEHGWWWf2X3wRZz6nxvP+d/5T3/AJXmnzw/BmeWz+hyz+1HJZwELOMs/s7e49xHhk64fEV7f3H/AHn/AL3lvd7n4M/1Gf2gOSCIIIWf2v3eUeY9/wAcBx7OBGM98PL/AEec5/aiOCIILIP7KPh+Fie493vPrhnzwfPA+Znl+O2/DLOc5z+4EEERZBweP7IeXufBs/B74HuPK9EnczPmfPBmbeGbZ5GOM/Ln9qIiCCCOA6/sox5M+D+H3e48Mz3MzMz4n4NsvxGH+7nJEEHAGf2gIxv2pZPL8Tzx9SeEzw3r4LL+Ag/HLLP7cWWWQQQcAZ/Zc4H4Y9vP6kXZ8H4e73er0/dnT+p+Dwz+MH+5hwEEWQcAZ+Xf6fPgMNocid/CDPwb7vT9X/eTzyzM/lB+Of2jPgQWQQQQcAf2PLPjpEq/UA0eQyTqdaf5fB59Xsvsl6GUfNs8v5cOAf6PP6HPjlnOchBEEf2UZ+AKPoz7B6gHKCYnUy/+H4PwW3qWX5Z+UZbw/wBhz5ZZzllkEEEEQ/sbPw7wG9bfW8BNs0x8WPV17JngMtssv4css/HuW/mJv9ozjIgggiB/Y8+e87bwMcOpyVd+IQaWv/MRxs6jkfjlnyyyyyz8b+XiJOmGP6rOcss4yDjOMsgggggj+4bbGGzYH3A2bYnhtOnzF36zJEdn47+HLJLPxi+HE1h/oM4z8GcZzkFllllkEETojuD+57bxse7QiZsvy8Q/alYZ/ockkss+bx4GHy6bS382WWWWWWcZZZZZxnwyyCCC6PN36EnuH923ODZ5ieHD2v4k/V/omWWSWSWWcZxllkz2XV1D0wvv+hyyyyzjLOMs4zjIILrsuTrof5kdVjB/eRhln1A+3V5g9S1n+kyyyZlnGWWWWSTPKLDowfTD/UZZZZE8hHo4SevY4f3xtshNnm3+hz4ZxlknwCWWWWWTG67JLz/Sf4wHoQj/AEmWWXgi+0T72Fp5ihA/v22y/wBTllllknJnJnIwG260vsx+5f8AwL6d/N40MR192WWWfHLLOOj3eRN4ieg72VI+YIJH+lGfPLLOMss+YL8AalhfXA+IpDQPuv8AF5Isvtx7KP8A4o+5v2N/Jfon01t8V8AE/Xfxe1CvNnEgPVjBwf6iyyyyz8Zyur+Mj6sfVn6v4cpQwfUP1D9QnqB9RSkP71n9vyyyyyz8gGMWLEDicjILILP9VZ8ssssssssssssgsssssssg/wBG5/Y8ssss4zjOM4z4ZxnAWWf38lUP7Lnxyz5Z8cs4zjOT55/oAIIfT/5JBxOz8D/XZxllnGcZZ+HOc+Wf6CCCCUFYkBiwP5J/oc/ps+ef6TCyORwXBGpYf/rZ/TZ/qkOAs4HgNPglBYn+D9n9Hn+qw4Czg4x4CD4IhHD/AOxZ/Q5xn9izjLP9BhwEHBBstvwjwb3p0kjtme/02c58c/1jrfo8Qch7gDeMs4H/AAIgD023CPAd8JwdzM/seWf6OyM+Zd69QWcZ7s7pEzoH/g40B2vJAEem1OEeAd+BJZ/UZZ+PLLLLP9EBsH+XJx4NeJWwB1+v/u3n74vJEFaNrwkIO8nOT/YM/Bln+hAg+P7efqy1YGUf+H9yRlar7+PT+/YhkNo+tpDDvxCHzz/UoQfH/lZEox8Y9fsyn69XJ8No/wAlqB79lvyIxwOB4T8GfDPnln5c/wBEh8SXPEIi2D2vquyE7V9/A+Oj8Yjj0fVrzI8A/LOM5z4ZZZxnOflz/RIQcZ8HEbuzr9F9H8S9/jECOJeFs+1vndvwEGHbfwZ88/LnOWcZ/ofOc5ZzJxh2rOofb7fmDn83am/aMEeoHkSE2H4ZZ/R5Z+HP9B5ZZ8diJr/FPbeiXwf/AD8H8vQHr6gI7G84cQg2/wBFlnwzjPjn+hM+bD9rUU+j0fzdi7/x8Wfyq6svGmP3be7TkCEINv5c+eWfDP8AQ2WfDZmEaMHnZRZ9vuy7/MfB+J3+R/HuACcPfkSk2G3jOM+eWWWWf6Mz5LYxwpP0Tbr9YeDkjlnnOt4//9oADAMBAAIAAwAAABCGWs0++AtIOE0N9qH48rP0EnFDajw/JZ5LgGlECrzs/wANLFE/ulmJmKeMKOfO6HfuUqnA8nORZZmq6ic0z67BucWaWWdxpwkLDqYSbe/dpTHt6KhhuoVjx7pO0hFhzRag4/Ae6R6CB10X1ZrOH9so1P39gIwcwUGY5wDTtleybGUa2+93v2uUWhMx1fP9yAOgpA4qJYfytSAAPpEvwYv6HFc8pbbBUYHvLAO2pAPGVdzS6nf029YlK2PEHxiodGQVv/MWsZ3YzMl8c+V9+Ubyhhtrfh1sYpiBgjXz6asUykWJpZXSe3H34i6/vKoJp9yH0TDVLmhhkWnxebjUaxX/ACoB+sKXY7wWfFDO6Yl1v7/nN1EBw2hguii04TkVgdaHJT4O7q52XKRpKNpERw2A65uufSi2DpPK4/jYPKMfWZkUI5isXP8AjYIBygQybWHVldAC5kFb3dass790K+PfLVx6gEJdu0F8JVAEmIaAGXCSOX2bTDgJmXBW5DtltJb2mZlYiwHK6iQVy3DKLWPUrESNPeQeneXVk0JcZDUFdNkHGUiSukFkLNbL/KwjiL2z7i7AJwviXQKo7VCwHrL3pU2D1ue0PaDadd8IG0ztKWcnmggKs1nRsVlQMCyMwGmU29QEJNPs6JegprzwKBHCgz8Y1fr3gFrYwPwdw7sLMr4dou6/SK5o62z+JYXGlf3WmQ4XTE9VOs7EKCnU7IUTIBs+T3ZB0U4f1zYH4QIIcXOofDNnOrTSTEk1GzztUDdyLEaRHuIBAvBAj8qbnRoAGbn7nZSQSLEUT17X9rcVwsetjRJdoP6iOsHCVjtE2wlP+Jh2g3WGewlQpDc23pvovS8F6HQTrQX6xDQ7uJ3HiUR2Q/PGmn5MkP8ARUNnsRcdZnQZKwfaGo8qtWgerptpb1S25QSyUwdLH5yiG9R/SLur/NLNzK6+AHlYH+0PzbYiUImwUc9Y49LEnCjux/VpZRJ2y5SVbyZetVCPlprzcoGnMxVKA7NtJ+V+lxfyyaJBR3w5xEoodf14CTKpTa2JblZGT3K349zB7DNBdu32xyVsN+0aEDYvb7TPqSKWYkkCLi9zJSHgizO12Jf5FwwrZLIyJTO4eF+/U59KAK95JjtlJK2xNhXAgW5E/qqw8r+YBQWFmMbD0uvZ4wzSSEbutOYiMjp604I0rtEGwn+x4WKf72Xva67h36t+KnRXTJFZAbBMpc6ZO7HPgErtENlQXcma9XtcRwYWnuHvWa5EA1+PdbfTPpFbWlAweJMBBxYSXT1/oPXnZwij6SFwAonUX9l5ZZGCUcwURslKtqveSuRNQes1TWLRwBK3IVw1tz3L1wbWxslfA7uzxs6XzGpCYw/cIpeJmw5xPRXBLPTUL6FPfwHZysXbRakhDQQ+rlsLbvQs2J3Qrt+uxEOxnF+o9We8IQ7gsQBOL3o1/FA3DXKN+mYc0YoppGxKXoaK9eeGrw9hreuY9bJjgaQmzZczuPdiwIM/sgcxWAXsCSmEVikiNphost+dWYbUpFmuK5pgYhd0SBm6JQw7wBEuRaEUCnpmfRueDTIwkIIvGwy3Zi28BMxL0aGhmuKz3pB95dqa+P2zFPDAe/qJTFtjtam5wf7ZIfkdt+iERt3D0YIbQ7z9CK88moQ8ewKmdkPQSH3qPhKZ++X2amj2XFQLA5C63fhVdW9drsAs86N3lVhxcI8jtYejGAejbItuji1FiEzjO7PcqX+DT6gUDRg3itLn4slYODp2JqJCUUwWYKlxicoMdFJZi1bZUDISOn5SvuGXgg0hiG19/AA3gds1Hz2FDiySEuscnSu7kRNNDCmOAiBdRN+DNQQ+FhprP9ukRbFZ4bmy+Qc7R46siBJU/cSnZ2FK9Ecu7WrltaCMxqr4qyGc8PNceJ2OFQql3GsydyYpvu6oVTC9QP3qMSMDufF/jNrMXbNvcx0wHrcQFFghdTZ4KhuYWFf8yqKC06BFXWJRbP00edG7ckC8wSeLUeR5/wAJ8EzTDZYeY6+VKMHSpREaBiZa93ydqtTJdBXEzljXcfTZBIE3mDxjzv2nmDsamjmhKA2DQBvYsECLwHA2j5rdOd3Zr91df4FHjRvUHx66jgd4Y9fTPIrZa1FnR4xGRZfkP2iOTx7gw3CAvcZ8Vdy7hDws4VhxJWNZBcGUtRgCcZrBTveTeSQsG5HmqIn7/WgKDZXgN+I4XUn1lSm9dT2y5Mw2IDvWbjDUKIeCbDMYitz5qoBRTwbZSTQnL/nAJ4qI2I2rehz3KByPBAv8Ipyqysk0GBE7t72zrlMWU3H6XAKDbZQDPOSG8rdaRQLiPQUsjjWjtUVFW1aeq5coV05GdCtBU6IlRtQsB5pntr2EiP10cFH0faaBLB1h8lCNBEttN3zvmPlhk/tBAGBP8n3rWQJpq7aTe7RM2aQudzGS9sXvK4yZ1PHwNOFCg87yDvECDKtpp9xLFqPqtwDfZZaxT4bA54zzj6qpkr5D34E/NMwvUVlPPxy28fIONCIgwjjZghjujsuuk7R+EkgLmn1saYwVZGU3qBxCYRmbu3d0tAv9KtIYTjEDG0faQYXxEqhjqueiAplnhhutez10GnnLDgHYSmofL2zZfF9ITx6H5xo8OFBHMucdtnECY+813SWDOrKITnthQyUcSeRh+UgM5svMEABRWXbFFOS99rpHTICGUcw4+DMjga9nrnDM+0zSBI/ZBIb5rgBFwpUTT64dV2KObuhoLHcYcUGZHANB9863Zdw5vlABs0gnTW+vuLCWw171PDs+94iDKX438yWV/wCtmqKhyZWb7giyHBm8PMAt+aIr6pp7IFSQxtc9rE28pLCVmP8Azfs8MLOk8pLfbf7DpFxXhNWcs2CZgqOwgw0vT+8ocFBRVHci8UHnbBx1VhJ/WqKQpx/ncfkwkg8p3Xj/AF+385fRRy8WqmFICVuhrnmnPHsDPJuNWXZ/ea4+zcQcfQfbc8khkHe28TzQYaVL1/x9z6y7w7WeRawcornKCaPpoljpzngOoFFETb7h111zWYeWQfVVd4rpMAR2WJweZxwww1c2z2z6z0dZX543+jwxbYMqviqrsoNHaHCLurnHFEPbYVaQdSdTjuuhPTe8bYm10zx5370UT2xcQSaYZw8xWytm2UZLPkqkgCFKvklNFMltqLMEvsloAdGwhmpsPe90+Iy98+gnZ43deTeWccVdh73c5I197eBouLjosgVkmkIKOloqtkovlKquk8DjjsnuPU+5z0411ptZYXTWXYUdcakTw4b41SQ0cYV0p41t4Db+WWSbYVgrFqkihsvljsogsylGf2zXU35fGmGeXZfVQWXYfetl3SXeTcQ0yd7vx6I55TW0VZafYlqkrkqmnspusljhl3nTFgIAeZ9wiILdRfaYXXaSz3rClT94R1m8TJn3+kCL/Tb1M6694grnispkmnklggo14FPMhHOMTK35w2naXeVQeS83/wBQ7ygu6LJoVrJB0HQFRwrVthSlePfseLLK5YBDynvPPwT340CQxiEed+ev+dUV1X93cf0qnsAua8fvbbL4LmiUjCA4LijVS9P+/f6obwTxmRHenRbiVhjDzkNtev8ADrXBFjnj7vR9sw7YhjHrCWuEyvTfUoAUsGk+Qmnr/wD984WQDXdEAGAhxabGIHNbz4+17628xe5yb5WbTT5hlPOdnqvpOFAnx1kgmLEAU83MLlltEEOCHMBBFP5OaFDMMAB712y+x54QeXeVYQXdQSNEUXjF4EHHLJOsg7pcUIoop/GB78kgpiPJGKM4sJcUOPCMcBdwz35x42xeQObaQVaVfUO79z+2QEMMONDHv/wbZWRTjj7tFLlLAGksrDJh429AMIDMNG83zz0w7xXZXROQAPYaQfPEDkkFfFONLCDMuhyzvgxbSgiMqC+24tIWDMElt7KDGLCeRT89/wA3NMvEV0F0EFz0HDxUGM1m1nhgT444564If84/GFWWwSigoaICxBBDbhQBCRW8NKs92012HFW3EV3EERzAGTB7DyoZfXLZIJKb7vKZvPU/lEuKiihQ7rCQzxzZSDiyQi83G8000002HGE1mEU1z3EFDADxFofsT/5a7YrLaJ1133HW0LcDWVUdLxzTiR46phRTqclHG12100xXGHEE1HHEV3yAQgwBIH3lz6ZnG0nWkGF00164OvdFVWtcywThyyLaKJIKCnGUkFHFGEEEEV10V3zzzxibQD8vHD04v5Un2YawHZ685P8AhVld7Tr2Mgs8EIYeeQmCwJ19tJ15BZN9xx99BV98ICIgQQ9CCbAWTI8qeqS8uABx5pNNvnHzT7YsUYUUQYeG+qqAA9Jxx199pF5hNNRxhFx9wMEw0nYASqe2KTqLZxtddxpJ9dvP/wB2iGDHFNKrpnpDPovjigcfaYVecTcXdKU8zTQYUYGPKFgDAFpu+fLuyhe4Tyy0+w08omLFAGMq3mtEAAJHOBPOAAvfQfeRaQXZ6689wU8ePBBPiUyCAFv6wj57pVEY37gg8DGNLFjokpgCEBENDGfMIHPLCBvcS418T068x9928+sCEIIB/Kk0MHv4w4wg4nXPAXfPAQHAAP8AwN5zxxwDyGAEAAD3zwAEN2MMN2F+N/8AfjDeAgd8/c+cc+AA/8QAJxEBAQEAAgICAwEAAgIDAAAAAQARITEQQSAwQFFhUGBxcIGRobH/2gAIAQMBAT8Q8Fvh+nfp236TwR43y/Dfi+SGLbfDMw/QWT88/I2PqPhvkiPhvwHnfgeH8jPD8Nh+T5fB8HyR43yzL4PmeH4v4Z4fiQ/LfiWyz5Ij4v0nwfm/cfUedtt+R4fgQx42WWX6H4M/n7436j4kQ+dl+W/Q/h6WPDVrc2Nq1atWNza2vHMI9fM+JFvhbZfmfN+b9TWE3SF7ce5gYH1YQ/Rfwv4X87+Er6l/UyrtPoYPqU5LUtwbfjvkjxsttvwfx8FzJ0Nuy4u+5uiStixeFix46ht8Z4ZZkWzj3duRPe7UsSH7gPjfOxDbbb5PD9J9L8FsW65ck9iMFi+GJQ8Djq3b8SkTSUShOoHuy4sLLm3w65N29mMSEQHxtsP2EfgLl3NYLl+TZxxZcEi36lWdkECAZjHVbeB4lzi/aHZjxnhh2TfG5DhNpzGWJCId8HyPOz9G/Dflv6nWEJz/APC04DiCCS/Uq92ByyRw5ufXEHuCtCy8Bf2tGzUOw6s8HjfKOm9nmdxwhHkh2yzIWLw3InJdcxryeD5b9J4fi3crhE/tctxMy0DW1cv7KxwNyTaSeywObqkoa8XQG+A0y5ll1Iht/fjAshXrxzBJHXc/p4CSb1cwOmNP/rkTu9D8B+rPrXLuRa8Fh9FpbvVjZHA83ixJOxAcsD6gtOCbgg0ZHb4FLrPlG3e6jOPcdbDe+LM5h2NLU7qxf5CNInfgYifbBHG9D+O8Xcr9F1wdW5csRceJdO3djRFuzzxBhJ6IcjaOshxL4PCRzltvgUbu546hd/kxhzrwZy2EPM9cyE68e4Xr3azmEYhPuky9T4PoPr2XWfL1AGHU2LBKBI8QDDuDY9ERLMI44siA7noWRar4PK78CPOeohDk8nNh1GjWwWRMBtGvUfI7sGBeSGIWDF/+vjQ+Z89t8HlepyFiV1IQc5j92Rl/7kctfEDbEvcO83PJtkXHkB2R4+R8PkJHr1GcPAc7OuMdW3UOue4Jutgxv2RxH2lGDjISSHF+zq4/1DjDvyPsXPCQ3e/CG+Hib0cLgZaJziOFuGy9JcSjFz2sIuZJPLBengtbAcS5cuYSEY6E53bxtspgvVdQS0NLXhajTstYOk8XHezqTGXrznk+xTCLAYku40x3Kez4PLtiHPR4OvgPGylvaJjJXMnhzC7mMCzeJQ4IzuXhNt+W3cWc8PMejGFyXn4fR6ufV0Zlu5ZogeGeYdbcO6Ycfq36Pd231MXaJ8ZdkdxPJxJKuJ55Q48DyN1GTm8rVxuBcaRhbTknPcfJbCM9fGz4obyz1HM9nF2kS48adWiudxw2z/0xeG3QM4ltfyZcfLfB9C48YloniNv0b1HqzFLMg93ac6LsuRHOJcZk+DHDAOE3s5JMNgzx6LxKtfI2E5bVYgP/AKkmz4YLqOGGjxPI6ue5exLhrdFA3IYj8H0jluAkuUcXUO4bDNWE/SXGOdtIOLc2fdhl2fig5I1V6opny7CNt3gsTmXPANx8WssIkcmBnpmngsJpb3mHC7bODP8Auu3jfhpf2v7Wf38D4OieLQnGDNs2MvdoXBumkOli827yS4u0WD8iWMpgl2fAW7xEdEi5NhaJzaXRiPLEMANubjm7stx4QxXWH+ytYu+HI14wT+kp+tniRqYYMnY27jkyOHY+ywYI5WMpThtCQ3WzOSz4KWvk1FaeplrCeL2F3OXZM8NDGbduT5StCtvcZ9TRIdl/cSaJ/fCQvsXLT51ocSPrwkOX9Jg0x8By214X/d1YsWS4hHNhzFFnz58Rlywa4he7ZcNsOIrkwxM8vgteFhy3GFsbk7HKDbIbc6LXfuw6u/B4Rx+pQ3c+OuG2eCTG+Pg4ynJ5YjEIct27mBF7ecYbond+ECWp1CpckrJD14nU84WMYcLfrHkd3LLnMrfccza2/wC7T9r+kGeNjh8LjCpDCXc77u+I5v8Au6hB+4ej1DkInh1xcdNHpjS7kFyZdpgHUR/vjm2bQsi0SvL1ZCeSMeIr1s07tVcUQ9s9YSbquC5uXRdH1Y2Nsu9fMUdLFZMZA68G7c7bvFudyeyce54yZ1dpxOdeGrooXd+0kfEBqAn9l/aXO7PxfxLYI8MtsNMOonW4EiOZ0qzrAYRt1sOr3sfycVeLnPbLr8xe4JZnld+Z4456h/UHTYRZzJ47hyQYUkPV+22R1wJO8rE7Nk/lKdMreyd1coSLH7Zw938FndexzBxhkblWvRhMTf2ews+ZucT9mz4jdscPhRgeiTb5IwB1+AQx7lDvF1bbJslv7v2LR7v4v6uHqYW9X8M/uSf9L/tZMerAXGddt/Sw9EPz1Be0F0hO7PbdMuDnKToJdsJ4JNAZJyWRcrafql+IR8A22360HSA/2IO2WwTJHFgwZcPc3Uv7Llfy+P8ACWNvIXuz7tOiP1IR6tvdh34CdeEBzA6Tr3YSvSAdw/UEudyEOogtfivzH1b9R4RaQDPAMW3dkj4YslsGxaG0Q7+yD+r+Fs8WXGW/RLy3Ud6AdwHRGvVmdz+lsZgkgnDbGcWDyx565fk/DLPuHwIdI+D3GIoHxsSEEzkse7DLh1aI/aYjAvE+AA9WH6iRuDux6sW/qBMAZ48JnJKscmXidW/En6d+l8lnhjidghF+yA+NfcPhLNst8OTkKxA8FLFx6lI0WPvw4eHc4lsmmMF+Ci293Anc7rPy36F+t+G+MmdIo/pCIhC3LbbuwtWMEwgeTLEEHaAnHjLUiLkyxxOvV2bzcb6l+/fOfftnjrY2CunwMj9/EDb8Pfhct8O+oFyWP54CFxlkcY7XVmnN/VuCJdt/Ayz7H5bb4yEdQu7soR6bmFhluFEKGQw1mBDWlmBYnUrJ+57TfoXdP4efc/RtvjLIU6gfcP3Hshfdp+7LLG5ubG58Ke2R9yUk6JMjttt/ztuPGWeNfEF7j9/lf62vuf2WrX/JfwN88XFllln5WfHfpz8vf9Pfnv8AsP8Aob/5c3/gb/w3Y/O3/k2/8B36t/D387JLM/w3yfm5JZDJb9L+Dtvjf8TLPxN/AW5/0nzttv07bc2fn5JP4L9PNzc3PjP8PbZPxcs+p/P3xvln/eHPi/52/hD8N/4CP/Acj479uf6Y/k7/AI/fx3/d36N85/sh/wAC7g/zj8Q5+D8P/8QAJBEBAQEAAgICAwEBAQEBAAAAAQARECExQSAwQFFhUHFggaH/2gAIAQIBAT8Qn4H5zP0HD8Dl+ZwnGc5w8n5WfFn6Dh4bI5fmcM8HxeD87Jn6Dhnk5fpZss+LwfYfhvGfM4Z5OWfqz5PB+ez9xyz8jlss+LwfYfhHGWSfEjh+Byz8Mgg+p/Gy1xxZOrSxYsWlpdWTLw1InJw/NmY4Czh+w/A1YWheQb0W3oxSX98R/Y39J/bB+7+0D7g/cWHyR7iT7vBNikPi1ZxnOcZMnBBxnDznD8z7QWw9wHbl+2XjOryiwtnEO3e3e8BHgllktjxjM7PF4tlPG9nAiXxIcZZzllkFnwfilnwTg+sTYF55eCZJ2W2ltrGuB6WLCyyZ3snH9Rhau+G/7dScPKI/BhdUhlHyyz5H4gLAI7tdN0J/a2NlsOBGEyp0h23IyJl1vAJiDuO+Mht2wsI6skkdWSeBE6SGcebOMnjbfvfo/ZIGsz1O+zbtp8WPd1drhCTelvV5kfEpLuZvfgiJDiTHkJ4CzuyI8ln8IRvaUdMmWZZsxfVdC9MSfqzh4fpz7sIXWd18W3cezbYrCGrJa4byHdBAjJ1eStq4dt3C5f2lWz5ly2Bv+3/J/dq8E/dkuC4fBde9+H8XZ5ssTxYwO9kn6t5T6H6d52DYBB1eZnVu7MlPVs3aHq9zrrIsnSE57n+QTtiG5MCI/wBjgCd2/TnWxwzrfUneSXk7tZ6mQxKCf9yLHqTZOMlXogGlp38HnOHl+jLOA2GWL2WjrwdSx25xF+novSdztgR1PmB7ukFl0jXfkWaWcoS6Mt2w/wCoJEad3qd6ZaBlh6jc49nicuzQjOCP0Q72Xs4XjI+14eMCH+0i6vPJ3Ewi3wlS/fUOodbd7jrJscXbZ2zzeEhhnx2hNgmx0+Y15nGB6lQtNUkOE7kX8nRDjFI4Mf8A8uMPnv2n3EytAt3zAiZtm2fxkgQQ/soWxeCROuMUy1Hbsjbg5zg52DqeZVreJTIzHzYdtiGncvHVs0tPSe5B1JCdaQbS937F5/zJpJ9OfSGsGWjn1J+uDxHjbtjNbLSShhkdt3b3kO+7sspL5umym6LpekB8fBcvB9zuHVuvd5hzpmPRGQxjcyzvJMh0S91xSsXGycbBY+Gx6MNaXnxdt6lpH4s/YfcLKZdtty3CYfCWgT63QybY6by2oe7zn1wmxPiVSjsva3U9ODNbw/ixnru89zLojIzC7MI8bD0adQeSWhsRiHSLX9yB5Z7d2zMOu5QaWZ4nu7Z5JN+nLPoFgE8uXezwU9Xls4xFo3TtYYLx0l3HAcJbtgBzpJmk72u4fUi2TMYukEkC4cZuCf1HTPixx74BR3w63f8Axdnq2PJ1eRPD3Yb+4k7+nfmeYtI5Hc+JP1PBdBt2LvLWR1G8N+0vdoR0y5yBwTtz4emWgS7evgyAcOciZYWYa2j/AOwWR5vFso3mdFthjB839Xowa4XkrXzPBhZ8csn6Xg2exCC9W6TFrRGw+4NLxsLTYuMXidwJD8MjTS2AJoE8WcjGWRhraeIx838gl20+BjrLYts4asRvaCsb+JBZeodS2GfiK3bt/R8l3Vi9MdQkWbba09WTdlLXGwbY0szqFuxjT5lbbaDOVs+BIRAyh6nbbqgDCZNhXq6m0nQC7dpdidyWQ6jkZrJnnjTH7wBzlnxeT4gCkl3h67vE5uz2ZL023C62I+mF7LFyEjEw78Ttk4Ww8X/BZdsPQlV3ehjzEngWJstNgzLQHE9RZAQ73B7nG18MX9WS4392PsxYxPmJTcvcJvc/qGTb+RPTvA+L3xr+l0lsSDwIur0wXxbznCWF0cIqwtDGfIXm8uTKAGE9IS8l3Vn3tHLutkZc6nAtl9cAwI4ZbH2GoOB1EHmHdl4jjz3Z7vL3eWWN1YhHsiziLWCWvUr1HmTxjygh+WMeBq2D5kBnGMjDB3Ce7bih5j4hOEmj4umS926gT15vcYX/AAEfB+kOck04D2wxyyQjq6nru8dlm9l5jqf6kdjzMSD2cC93fF2eSUvE3Rb6snIs7eCxeOmLzbsZ3H0PN2dLUjXuCMJNmxF3Uf0XQlsmDqCN5/39WljgPk9N5vEWTK4ci8d2b2Q+mxPEQdnb9i6Bgviz74dD1egy/uWV1Y/Vfyg/Vr6i/wCoBPDutgw4WHr5nsI7rM9HEcYSGsuGQ3zPpyWeb/lkMPg8PUiXa8hxnxEPHP0ZHNLXif3dWzeLNtSQwp5v0RQfKhZ0ul4I/ognBDXVkVraYU0L4I/RY8q3w9z43V7VrN6F/aB44IvWZMmb3Nzoh7b9E9kHUEJcIMOHh4wlPn5nybxxr2ST1xkmw8fsX6NieLf3P6WJYgPDdvJH6sK/t5+Lf3C9bG/3dvUY8T1ZO+4n/bXpeUWi09RcfVJMF5CGWLAducB8zp1F/QQRPweN+0DDkgmNq0k7khst2SGe5Ut3zYkRBv5bBdPPA/u0LG2Pi38X9Zb5ZRsHiEhYPLxI9RXkjLFgy16mWwYiYZxgQcPAbZ8zs+bb3JwMgMbB0lFk2W8HPdsH6tS1AbtJb/q/6t/uwO7Tux7YkLzZ+JT0Eq8tgQ74j9rAtW39sPZJaEDuFhAfI+5meE4GcS9xMZkebJIltumJ2W2DP6RsJOOAwilb/wCzDY+rH3aW/q2F2VI7I/V2MsuhEHd8wR8T73hjxJwwwwdzzN0ZjMy2x6ksi3LbLIgZAtN3A2Nh82BOcbbxje5Mtx0kGMQEHep+0Jw+efhPBnjOBhO7PuOPPBjHxeZOrLvjeNhltttttm9CUOPA/uze56l6kM7jkdzjPyG9z8thvIzTyFk8jMs+HUBsGyZZCeGTNInvzaoq3vgMn2tb1ef4UD8xn6MtiIPm8dA8SXkmwsPNrmCSN5TEzGyZkHH8HDHPGFn42/S/TlnG23TJ8l6Uh4kPVh6nbbq6nOcY/VDeoWP2YcDxZ9+/gtv4O28YcT+i/nfzv5384H1AWLrjfwN+nbYPy8sss+ffwz736w+0/wBHfhn4B/lh/oZZ+Rn/AIPPvf8AzmWf6m/5Wf8ApT8rLPxEyPvPif572cv4R/n7Pf4Q8H5Gfj7bGJxST79/IPyhyI98Z9+w/iH5e8bE8y/ZnxG3/RG378+O/wDgss4znW1tttbv/Bz4n/gM/wAveC3/AMBv/n/P+Cf4GknB9efjH565ylv+95l+JON/Ez6Mss5z8rLD5pyNv4Wfdn5D+n0pyMP35Z/i+LT7Hkj85/EZ+f8A/8QAKRABAQEAAgICAgMAAgMBAQEAAQARITEQQVFhcZEggaGxwTDR8OHxQP/aAAgBAQABPxDwM/Bx4w8evJ314TiyYWfUx+Unjq3w+D4P8m/y9w8+RiIhiI58OkIc30QhCCyDzvMvcu59zn4LMMMRZ4I8HcXpBfF6iPuPmGUMoYZQ8Qwzwnt1u7K7S58EPg7hhuVg8wM+ZXS2O4OLIOIIIdwQS/fguDKUOcQ+CeD+GWceMk8GPCTJL+/Gz1Pcrr4M+Ntvf8/fgiHwMQ/cPBdvDoRHYeQCPHrxvHhe5y5fM+eodunkfvwMR5HF7jfcXVpbxbDEoYYYYZinKV3lzHgh2IhlK6+Z8eAbeJcxyWWcsH1BBEcSRxDPklOOY8e58Z4CyS6WbfhPCcevA8Scyyz1L5Fh5erfK+Nhti2IfGw3cPqGHr+KHkjdIN8e7fDnhZYy5va9pnu6u448AiyDmCIPIEEF1t7LfIyh48Bh47h+Yi8XdPn+p8c3ZnzdosvUWQR1dvMuLlDEPjkdx1EXUc228xLkl4ekeNnjwERZJtmQX4SfUw7hMknh9+HtdpS82+vG23cfwOPd352IYYYj15fW9bvO6Si368Lb4TjwfkEzZ5XgYPHUQeAdQefe+NtjqGGUPUdxEd23WU+Jd3eeXwd+DyXJLvel1LgXyjw46juI+48nwMPJLmXF0hh8PjiIPGeROJOIQ8Eskk8BLjyM3vztvnYdjwOQxwwww3TwEI3pPJ8ziHiO7ou/C9yy/gO0knMngungIiDx7g4g6h48vW2zHfg8CHi7RbzHcvE+Ls3/AF8O09+CPUdwWQQc2tLvHiHOR1Z49L1EEd3uGJvUS5nzKUQ8W/dvMQxHUFkEEOITDuEkkyc+Ttdf4W227dW222+Bh8e4fBen8AuvN3ut8oYbbePL0yy48O3gkkkzBHcePUeDx0hht5tl/gfMc5Ed3KI6ji2XE72l3dbvPfgiIjqDSCOSukOYjuzWMNLOb8Qc2eB87E/BcEQ8SceCGOSIIPBDSSEO4cQl5mXPDlHnbp5lnx1b59eRtj5hj14IbpD4cGUuScsJcQw22+HmevJIScyayXSSzI5u3gP4PXhbHq9ww+Fs56iD4giObhkRz45l48z4vezre/BBBHZBBxF08OBEHMXdxukHMQRZHc9+R58eXgXXj34IjwOfAT1D+ADJlyWZOfEceCXXl874PB/DsRDEL0lL+FUQ3qPOyycT0ycQhzCSSe/ARHfkh8cRfKIb1bLzZHDEQwgiDrwvEvF1ZTm5dm92REEEHURywhdZQcwWcxhx4DiC+7dLcb3JN2n4doll4iO47jqI48F2ST7khdL8bgzyzPU+5526R8Hy+Tub3HkY7uiI7iGPUufIT8RukPEcNtvl5mSHEkLM+ZPBPuOIjyGXuO/IxzF6iy5sjuIhDmPXlm6su59zu7PDdwQRHcHUF2hzdyPBCCDi4MeS6eAs+rMslvU3cPMcylwQ2+N+IiI9xBHhnmZ9w4869zPk6XWEl14epsiCCyILIjmI7i6R6hdP6huXiPEoYYbTw3rwkkkkLJOJLrx2j+BHXgiPUXqOpg8EWQ4iPUfwGXD5xy2cwQQfMEHMeQQvx8RBjeo8wWcxBlh8yWeGSO/DsRDnh5juObtEMcRdPL3dp783ZkmfJ08z3PhuvBBx/A8EHHgcQQfwAdXCVyuEeDiHzvlOJLuEk8T34yCDYLPAcRx4Ihu/G+PfgOo4juIiPCeD4ul3u0eYIMgj8WcRBEL0IeDDIQbBDmCbLPHcyzz4Dny/CHmLb3dPAiLtE8Ez7nue5PDt4e0vkb3u0+2fHvyR52PBevAhBBDjwIu3mOYLHeoM9eMs+rn4n8XZDiz6kkhI7Zz1ZBBZBtn8CGIjxn35I5jiHwUN6uvHo3K9oQ2IcvDMfHuIuF6QjwQhzEEEFnFnjPHuTfJ3LnzHX9xx5OzwIIiUvEvH8Be4eA8EmF2hGZPDHg89x4IjmPV2hrH0hvqWN/4neOLcB+WwP7S6rPwX/RxC7/8AcEar+4fa/cB0g/WzP+q16pc6y9zH93VL+5vT/uUv+2wcT+rSwf6jl/Uv+tGacP2Gyj/fK2PJfhB4yyzwxEdxdediI8D14DjDDf3Kfd/3ujGfp4dJiY2QcQQQjzGMEYfcHEXSziz5m2TiGs9XUvg8FEPgeogiI8DrwvEJaSeDPmZl8jPme5s8ZHfgsg4giCU4FfonzD/LLB4h+Viq/Qf+7O/u2xuXPkivX+oKofH6LH0f0SXsvVj933f7IvI/dh6/u4uv7tPX9z8X931f3a+n7uXpHxP3f/Bs5/7QPh+4X2Q3eXufoi+f/Ufn6sG9v6nivrg11+hLbfoTlnMf30/yUcR38ScdWcWc3uI9Reo8EcMMdx4IeYYbZT4/uWx4k5h68Ame7IOY8g5LDLIhD6u0cQfUfqzw2c2cXNJN78HgodPB1HgRHURzB4Zkm9vDtJ4Ms87DwELte5PGeM+o16j6SrA1/FhNL3wLLQfi5g0b2bhHM1/EUA/wQFwB+IDkfuO5P7hnT+5DgbJcFmGi/Ug75CcE+xDxjsj2JZOcod7Pec/PubvEdmEd1vsQvU4ihru+L5EnOY56fuy8P7gOB+71H93wX7h+Y7QP9RqN/JHqP6GWu+FN4uBJfWMoM72alSIj8JkGEfiLOPGx4IhiPA28W8Sl34vwe7LcnmSyCPD67kjDiEIg4u26TPdklnMJ5m7fHad6RBERBHXgRD4Zl58Htll4PU9STMtp8Be7INsg56bRl3obCNz9Nrs/JwLjjDtNhQfPqRej+rrH92hx/cUcLOuofcB3JT/mx3k/uyPIwROC+AIn0WB0QH/+XpCHOiR8SPgvpJJvFwHgk/BZPU/ESDqTOiZ6P1bmYSPoj1krkD+5I/2QnkbM5D6hzcZUGr8QRhP7heB+5HQhMcuET/VmGR2GQHw6uSdan7P/AFZrr0Mss8kEHN0yDztvEs+Nl6nzksl7t585ZBHK+i6uPAYwR0Su0QQXcmNnF7juPUyee3go9Q3UEXSIgiyXw+C8XCUu/BeJZZ6k8B4DwE5AvwC2DvpwndH5DgiDae4GBGfEbwFt479M9VfbIp5lkXSfmOByfzBjnRauuLX0WFmyJ0SDQj1iHuFTmA7W4Gy+GkgpzM+idPU/iWVtp6ipWRndmULA7kPuQ9pS+qTT1U59x/MjuT8yRlG2cEiTHfzGiP7uDuz4Q/EyEL7Dm5Yr0+S2zn16ShRHfiwiPUEEFlnhbeJS7uzcXw9xF/dnEHNydXRxEIM9Ri3mIjmGIJ7my7Rt8ZzPkJXaIiIiInk8dSyy9y8eR9ymZungkkkRXPQkkjPPtkKMDkNYqCPqCdAfmJcf3Oqt+G5/adDO+hfzDOD/ACCHRAHkLj5y7MPOWsC69u2XaMO5zzHfcBEs3Vl72aWnm2Wx1P0oT1cPXq0dSApHOOFh1LHuU93rrA4DKdEBzhsewgV6viyR6kPqznUldCdFw24q6+mQ5YfcLJmcxv5jRN/u1DXYLCfZCom+mfEL46EwEew4wcngOIMkniXWZukI+Is5giCCNX0XTdEEeYSYR4KPAjrw9zDkusvLPHj3EXyu0dREN0i7iOvKzN2ll3dpl6mZmeYRZtvecfuX4vvHBD04d5GAAJmmZ9zCb9U4qR/u3jnvWFJzFt7G6BYOZxsh1EhjZ96ZvFqcDNXG5bRxD9QzggXSU9XP1zPoR5sLkS7eId96Qai2fFMblw5ECJhc7ieGbbJkkk2+bZwguYJMzBOTovxtnS484WEOrXtzGXGS5sep4dSByW9wnWoMCH4Pbmh+UWTd+7TkgOATFQnec/uZD7d+f6Z8XvQjHZZxJx4Pc3d0hGMObOYLII/iACDPDuLsN0g+4lzD/ANhxMvgIlKIYhgjw6juJl7meJmZS1mZfCSbttBu8cH9zW84fjGT59Sha4Dj5kBr631bJBet4nhz/bB6Ixscs2ECDaeMl71AOG0gtxgMO0DJ6IDlE4R+o6w/Uq5D9Qb6O/iQDhZ8IXohL1MOrE6gRM9S8z5jocEoOYU78RF3DljHD8zPMgYtjg5nR7k5DbueZ6mTs6tehkXxKzouDkqHm9gxgdtHmQnq3FyOC3yyJUwg+ggoqZ9ypk3vYIhz62JMH7nGJPRCdpzYd9u3P9N2gYDGTjyyzPUkPEbT1ZzkEHgEEIcxAjhhJxERDxDkPN0ltjlhF3/AYuEvIcx4H5iO/HczMz7ungzMkykq4BcSXB4RYcPiUCWnZ9w6kT9562E0yDalwcZavxGovkFyGv1egZbeiccawOeH6ukMYOOLt2Q+tvNjkQDmWDoTuy90lvj/AFGx9wby2KfEmppjKG+BYf4nk2cNObEMgy5tofj6mRDjD64vwuA6WUMJRwt7yTh1tp7JGZHeo90aynERpLBvklYbkBgpJ+oN0fq1FPpjhO/ceAHwWACH7sncnLWOCcJbf8QcD8e5ACJwickztJkkIRhZBECPVyhCCCDm6eCBkHDHgZcXTwdR4Hjx34O5S8CJRDwOo8dS+EnuePB9+C9z3CQAqvBkubTtOUnYwco7sA6JWEPzOoej4EwrPtxaTiAelkZAOpCMZKOHVqhfqc6mNwizlf4XrbBeDmTjlP7glwsk8P3cVmQzk5F4f3B3v/dxjM+oo8mGOrk6/gwMcXEmTBqADE6t78XQEBk4jEe4fHiR4dWTvDaPbaQ7QOZRMuHSZFTZi8EvDxIOBcDjmNMyUe4RcOrAeObGawoNznuQANE/85LYVr3b8QcnASxOSFeDr4g6i+GDN+eXB3OttjYRjmJ7kBvQPf5+Z2v4hDzsIc7dLvcJY58EQhGIgsjZxHceNjnwp6vd0jiXLbY/E8w8x1dJShjvIclDDDbLMzJdpOJ7fBOY+hXnHBBGMNxOCKiA4AiVQH5jH6SMkSb4HUH0fqaI7jLCTocQ1s1l8Ny7RYAQxmyq7PzSDngv9Rk4ToOR7nlgWTxkfiHH4R3KsLq7DiasgRywahk8NLCFIfMuDMvQpIXq18dS1CbMtyKdPUfBEwcXNddSkgDiwhboMdtaIacyPQtw5vRzDDVkK5HDIOPVmY5A3lg6v+xPKb+bjRzOpr5AijQ/JYfJnEL00g+LgeoM4gwFuAmxwviQtp39WoaHeG1JHoZxGCo/DahzO+/AbCGex7/gmaIid6X1nz4lNvMdRHcOI9R6iOojhhdF3B46hjm7eN58OpbbLuPAw9eAj1dxEcQx47/gz78HhsV0/qTlp7OZgwDlzljhywcT62UFd73nLJUvsWC6EzQFxGw5hQyw4yW5LmAWN5YZpfBzcQ8q0yTEQbwC2H2TvfP5t9SDjZ5mUNknUtTRBGf4tf8AXjAc0HIQP1BO557WKCEABpKBzmHKfFpm2HUsUOG0MgHlnmfJaGuWefdvZ8SYObUdQ1UcOTeZzNW243eZMzXuxdddsLFkgWfm5g2xiN+5VHArLteSogc/qAA9wOMY5epPZtYY3ByyjxB7XI4kPR+bMtnkWThPdPMSHJ+4AbcR69H7b1HkT/SeM5S7DEQ8Di9Iji34jnwDiDiP4bLmOr3FuTBtiOvBKUo9RxEMQx40nyz03tNTZgC+uaHBDjAdBAVUguBOM2zm89A8QPjn82HMxy3RaIi1+7NHYY9RwN4sjzstsMMhxqqxfMGzdfPuMgTZvA59SbcbtmcRjF5sjpI5Q9rfQWfF6g8uhgWGBq5gSKh/zYNc2RxmQA/1cBFv4u7Efri02fMkLctjRzLRGaerEHsNtxT82DhkV67Y6E8ZR/8AlzObad4nDDzjLQY8wsIcN8ZADeP7lxwDzZ3zs3wWeR0tE6bFOQbzK2onzIDD75iDjyW+wPcwk+hz3A5M5nnB+ochT4Q131KHu0TiFHJOm023AMgvS6GZSH7XuAIMuPhPxIiAONySZKOFwf8ATOX8Hu7xjmDI4iDwIOLIOLLIJ7lHVnMS4sNhthjxsdkevAciIYYh+LePL149yc8yb2cucEfRu06sfXqeBA5VkvAXHc6Mv8sAv1+rk5MWtZAGNs521fcHMz1aFFvgf3LlvMNmC95FDa/dwP0l8BxlBG9Ch1iZJIIuzzM+YzUQQYF0sLljecnPB+chDg35yM0kbilMOMvrt1Z+oHHX6lPR+riBkC+X4h5exYJB+ZQ9Sxi8g9w4xrn4lhyPq3OvW7kEFNG6SwOdwPe8xncgDuwOc9Rx5neHjfm4fWAnG/M57c3OCDvr+W1zx3YMveWx0X38WLpywuofdjTelywSNCPpJkYPxcxDJ6JSd4Zc8Lx8SIag4LD45jTyQI9XGOCXIaH9TgvLBw5kOHbr5jDviJ/xP/Rr5+v/ALTm2x3DF3/u6eBEPERdvAOYPnw+G4JHVuNtzf14u7fA2x3EPUoYeYeYh+IYt9TbzLszM1PeOAiK8OvlhhFBAfMqTsM93s1bdccfEabvNgOFy2g8sizVm+myLpNziN6zbxzDxzfW3CgOLCCazVXGG8HFmcyAVYlQkWj38Wqp4lxHXzZM3mVwje3LoBhDHfe2fFx7kQW82tk+ELxhyGkfTwy0IDk5tARyCcAPxDD1CuDr9QwOLP0L5YYZ+iVXT+o9H+iRZH0ZOTDfiIgNuRhAaOQ9Wo4c2gxN8FtTTn8WQ45ZgAfwUsfDp1aJLQFiQpkfhtZjyFmSBOQ9y455yxkS+/cAeLaMFs2nRxrqyOSPUrSBnB2SjVowQicSNIDgMuDWNXN673AHDPlPm9G95E8HIxtfcJDMLhJgDnXq/l/7tEEEEI9Qx8DERd48Xvz14eLeZy5nh/AtI5h8l6REXaGIhht20vU/Vggo/N9EPkHLnL9wZyyAXDj2WZlpmvGQcmQg5JTQD7jQ5sAhnqzIMpZsdNdZ/AWVg1gQv9IFwP6gVzbZLG9A3x3FsRZt3/Z2D/sL7yAm6kBDg/NkKQHRtwn4SYJ1D1/F1kt2nL3KdGb3CcPUcomeOpZ9x8SJcOH6sCHv4jwP+kY4I6X4XCdF9Mok86acIT+hHHfcl1zuTg1T85I5IOxgxgY5iFwTgijU4T4sI7aC6Fs2Gj1OcTjoYNmQ6x038wKRh57Hxx/zP9Tnodf1a5Lx05fGBC8RY0LpJ+SxHv4jnEGP0wnF8LeXpe80LmgjycSVd5ffEEeuYeCmQ6TbccJAuWRV0nIvBBnBo7bBzYdVFwk+D7FP/wCObgwQRyOhdN1EEcR3cGeBbzFmH8HuWEpePAoiO4h8DKV2iHmG3iGGG48MNQp6+/ogNGwAsNnYsOydpy41xYCdEOAcWYNs+2Q1hToiDR5jzl5SRVuLER+YoW/CyIf1dYSWo7djgAgsEk9rtIBgkA2fn1fFw+m4VRLA9baDH9x9Tsjrve8fNi9JkmtkaLsfC9Q4sLrw+GbQ/q5YywA59xxjj+H9ScWYsIPadCfpkvoAxz3+Z35Tl6y2KuPVkjNG582MXpmZDyVnyXPTdWzZTd+h19SlFH0PdhGnOYEX7gmcAGb3stXGNdLMsNi1srlsaBxvq9h9O4BNw1z/AJtUnd6iQc9cwbYJAb9stcB1gPuw4VQzHsjUdThrloYAPEnP3IHL93MfNgP9FnrOLlx/kZVU8ixXwcI2p3ZenNwlnokuH+vss5gvTx9x4BHBHh18EvEyzLzPqWeDsuy2Icjx3D8Su0RKUPMdRHkEUYfr+Iqp8DLI6h5DnZ2zZu+HpIciAS5YpG4vlA4p1YnLVeHm0O8wMHiOETVngbdadhvRxYXeBs3ZIU1zJMqMMWmWgoHUt6OWMDo4d93CDr83QAwc4lRxITj1GOZqd8yhT4MtDHdxIf7J3m/uD0u4YDIPPrx78JN6qIgINLIL34Zuk9TsjqCXO7OcH3dx0gYZ20L58A5xNtJm6N53N6uKBu+250YfQX7Gd13IGpnZ+buSa7zIAnAGOifEwfE0EEsET55mjdN1OneMU/14HUYWoP09d8wQGn29WmkAK3iX7pwP393ECZOt/FwCkd/dh2A6e4BMp6ICQv0+53sC7xbglnFBhOLoPPpy5O8s5/6hSKPm6OYxRs+16T7If30Hj0v5uCGS4vbHcoI78HZLgli2WXmWXm4LglKXcRzb8xERD14dL08COYi+vCwFzXOntjL8c4cr5YgiID3lnKQ8D6swInqUjJ7hiRFczJAzmRXXYMQINh5QYllmBzYByxZFhP8AiwuO8WaDAweZ9G5xzsvQlgf8yIBOrG1k1j8zo4Oc5YcpwYzg04znmwI4sHwyDw33zZ9HBCpuep+JVvqOB+ILvz3JH3ZPNoeMEc+Ejwk28QGh6j5wNPRYcXhdzbg6D+RuQ6ZvzLJrpwbL4eH6tRDY7kigV7x2PyXK70Vz7Q9294a66In1/fdiMOyT207GZbAXB2dcgnAcaD/qaJDjOgfZDSrguD5Jqq6YAvw4yULveOHesYppm59QBo4uIuLRJqZkyc9BT3HEuXF6T4tyC5c3l+JmPpW6sRiYAuaaz9QVcfdgZxnux+zkSO32WzObr5iqBPtf+tlFbC9P/q93TySyI9RPgmGWWXm37l568C48gsR4IjqO/A7iGHqJRD4TErB7bPxLcOvosQiLAarcuNsDeF8wsOfiWNViFv3Bk8qZPyJFbBzebAmMsXHjeYqA67sNvMMS45uODOLJh3HnWbG8FxnRPpEmgmUG9zx3Y+pSLgGxwQ/1MGRR+ZPZTzp7iDgzJM4Z+YCdeVp262ojk/h1PUnHl5ukc2eCO4lmWFo4bxYoMWYaF5hnPXzck177yDGPe8cT93Jx1IaFmIN9Pcgu5z1xan4J/b3cZF+G5MOh8nD+dnETDnKn113kd2swHXrVd5iG5swHBjhz4tY98OHZLCacazkkQuj2J3OocAZjktzjHY/7mU/VVvycyo9Ocb8WFNwbg7gIJeN3TrZ9ALUHhPqfzaPg9SOCjidfP3ElHEMDhzn/AORgY78BYGdiItcYdrIccNYhiXObxOKR9GH5yObUIFObQ0cIOS/7O7jBPd0veQxDHV2h5nL7h5l4t33PHuX7t5jl4GLxPKIiIt9RxHgvuIch8CLps7g9MfuYnE5GOpeDP+IoUAod1mcu+mMk1Nwu3/K9F1cezGLy3MC/jbADezqDbOXqHlMmx7QkIUvWKEGFk9XEDzcrz+Yhrr8yC8GvxFFHA4Z36friJ0jccO9EmPpfM8mZex9R4CbnG3Ft1yc9fMdFUwctlkdD3vEB+rQOdh8vNkyeHuHmI8e7rypbQP3EBmPXyRBUU5ASNO75Rw2LzjfZpx1IL5Ne+O8i18vJxnHpxtuOOd3RH7i1E0uh9nqBCNEL7aZBTcUfkbqPyX7Kv9gqH+pwnyv/AFIx5D9o7/h/y0l1IFzj2n9QIcj2DcSeodOiD3hdE+HuS1gTJ6Mz6+vzDLxzsWueR7/uQCY7PzPXD1MDFz1z6/8AdlN5AdPJ7Cbjzc5UfHPP4imH9Jfnmabjc2MAnvh5UnWsLtL39XVPfz/cBEePbv55s0/w01Pl3u02DOBzrqboJix6rZFp4hGJxnN05ZwOOx/t2eZ6j0R4DbLG3S3wssy5drgljLPcR3bB1HEcQ8y68FDHMeHaG5vnXuvh/cJUYDoLAmd6Z9/Nt+TTVtMSEbvzZCdR693oIsDG8+2fUL2QDQ7YA3hNwC2cIYEA4lmHDZwnc9ggA9R4MzxOuHi43helOOvuYMcXQ+yb0vWc2e8WZ1anUBvO9Qwd8W4KOPiMXHljZj8b3vxJGLjk5gwakHDD/DLLMZb3/DZZbE7mLRQ+epDiz0Xak3khuQ6to8L7hyDoa8+oA8PHfZNIL+U8a+nPP434+oRB/cghuvv3feIyZ/fF2FRyxE5Ef+onDnNNOffxzYE444d/MoITg8n8/HvbZI5kWp+vqDL8mqfhKOnGZvyHxvG2J93oOXMN9r9xmxEMKgPZp0x2gYvUDneEx5sF4IRnrX6y1GYEfhyc8fMqj8gd/aG1T1icJD8EDmZz7LijPlALWRGgTfQ9n3BaFbr9/dlUpwZ7tnH4N93IMB5A5ni0b7Oy2gMd05pIPX2PixAcM/TT2Rdl9kHR+ceofhvSiS7+E+k5nmO47hyIfCxh4ttl5mWUvN0lzLLDDEeNjw7RcvAiI5cB1cD5bBhkNnt6P6s84kDBKv1MMB0XkPjPmMM4Ts6h4G4nuGnLxdRlPdlc3Gk6XS1vuwOOLqDBx+X3I03Ld+t92gMmUER1zbjfJtWbZJ+rfBN35teXHyZLYb2RffViOw5kHZkC4ObNzObHLKHBxcE8ewn9/EbJh8cW8H6G8yrjn1ABp45hco4+Tz//ACKInMQfG3cyQRx78LOCQEBcjO+bYQQ7HP8AmYeHyO/qeH1/C4JVA6b9cQeKszDnf/7cbasO51/UDF9Rwdcb7gAxP/nZYCAOH2WCCGWDCHx+Zwb2c6R6PJ7erqilvBPhPj83YIFQw7T1cyJMNSOZjx6soIDnI9vHfUONKH9Q6seW8j9fMF1A61P8vSUGPn82XS6eHC+5ftOWAP4638wIls5GPB7z7vnVbuocmbp9lluzN0ZHDeM0f/suYDcz7YcONlwfAft//bhhvnRiJrhz2jIIaveF9nEhKpgZK+Z9j5Dn+W28/YPWlqIND2RwkhgfjfMRkYna1O7Q7j4t+I9nD/T/AJf3FsQw5EBtvEPjfds8ylzbhKXyQxF7jvwGGHqJRFtaMuRx6D+u7EQwsvz3PRh7E68eYbmcuR7sdB6k1wJ9kNdYfmFeF0ceI4DfULvDvsb7xkLFzru0xc3luhcBCzUFEuZOf0T3fRYIUdvUeL+7kq8yjQ7XPzmOXXOJ8Ab8f383Yhb6uJH4jjGOMNmwg4sg2JkaPqJO8D0xg/MA0PuDQunInJZ6OQ6uk+JVIEzlxkqNXA3O3vu0AaQHDvEOkM+GPHCM1f8Ab7Q+dtu36XHFR/AfZ6hShbR/6sSNLRWczMCo+2Y5aADe36gxloC5x6G2IZT0HPPXuZ8Duf2uBR//ADiEiDnEZG5nVh0fX/hulyHT3nqHnGD7PUQlwcb3/wDfdgd7hhrw84O/F88TFgdfUxApwnk+f1dAcHa4KmOxHQgL2/8A7NOGHD623GrcFgZ336siAHpnrRCADC3FU3p+vUQI44O8/eD22PESM4ReP9mOpqYj7/6nGniJp+73gbpmO+nj4mmOPCmp7Dj/AG7483eBn3k5NCCIP/3FiF4cKTbgUDWBp66sBwQx0x/7mTAmZJyAOG5x9QkgrkbbOYfihvsTGbddRn2L+y2GG2G2HmXEPN6llsGcvNsufHM9xENvg/7jwLgx2R4GuCKcD5XgskGDX5fL+uv6uEh/KfACz/0B8Ho/XqVh6GZYXHP/ADYHk38c3QPzbIEc4ecnbg0N54nvEzj+ooKM34gcfHNhxtxFx6erWee5mDPU8/rER+beFkCGc7k+x5GfknMw4ZXP/iMJOOn/AKgdEXDO/i6BOeWXLc+Oog8mXaNxQceCY0Ru4AzMsVE9gbYkFZyz9TsDDPbhfx+7nfM6042Pm4dKTJpg75hSqdtX1dIfuNl34cEgO7dDwk8YAe3v1awteBcb+P8A9lGU9t2XW7h0/TZDQHIOf3LWG+8LE/8AP1fNKQjqnaeoY7Xlzsme3epvuA4M4g4srxIDhjrTeLXF6HXP+c4yrs+MFiAcpoTAx/TrOcM5Bwz6GTA9XncgR1ydDH3o/wDNwVzr4t5B400/2Cclf9Pzn/3V3U+XzPQy3n3YT1IlmPQo7cg6x0O/GY9XNqDORzjrj449ZY/qUNA7H9yPXz4Dg5wP/wCysDDlR9/Fxng61xh92ggI149/Myqbwz1bRIHO0N+P/wCy/g+zkeH18SnzbHZz8c6WuICflvWQg07x5kdwcyB3sBO/mfYVM59lqEzLpuOgezVP+n68bbDDbzDzO92yyywnLmGXFsFnMcRF78kolHN2i4dj199B++f6sWGFvwngd59f3/1PoX6GZ+N+8i2Vz1x0b7glpyHeyg0VPfuCzn3MvbnpLXrQDn7jPQwf3BgaYe74Dj3ZwDzHZX3c0vGW20bvD8PibjguWfmDgOOL2rN4GYdLC4ve9xL+VvhuYY9f/fmCSbwcZHF3idwez2+rLO/r6hh1dGfJDxZZZJxJpKGkR72TBTk7y6puggHDagQ5c/8Ac4Sfn47tzku4mW1EczebSBTOD5sk/p2wCOjdv7jZOZHm6Js+idOesgmCdJw9MFrnjlzv7tJDG5g/5loaYTeM/EonF55OP2ff/wCzdiicO9fCSFC9nuPcNz0EkFDwfWxqood5l0Fw6ls2HLcIALmyMQ014sMzgumcYnf9XDtjsNwMc35iuNx9Okc/0hvCsEB5E4bKEGuiBz8ZDRBQOOW+8+bX0I8m6cfET2HWcSAxtLuYEu+hl8OddcX9T0vYdY73d497tzyUkAi/P4uJ3Q8ET0L8H18yRpQKntxr8p8jYtagcYc9f0wknDoc/iWiGIa/fOTIL7aOQ5xw9yV8bxngfi3Iv4Ud/c8PeRBW/sJTR+w5f6fHxe0cHPP+z8pZihefjFzIFCK65unmxVr0+Dz/AKIXOGexnT7hth7tt6hnbzbbsuSlLuGbtBd/wbzHPgjqIRxcrp9Xt+fT8P8AHP8AdgH4tw9de/UkTFD1wZ/3/c9w74f51ZeBmcrHuGs4eZ9A4NQZwy497AsA3r+rQhjjpuHV3CKpyPEt0/c9cjPiALHXnq3vM6kj8OIoOMgplhJvNLS/cTguXITeMlAEvoWWnsNOv7u0qx5P54JpOd98+rN033MeZv8AcuCDG48yn1Dxb4epuXFseC4SXRJ3uYxLgxOv9ikX0PDn9fXxIa+Gbv8Av1Igm3PHDcMsGaY87/6sQLw7zn5EZCB3/LDX1OaH3Pw3Dvfu5yPYHA897HOHWde7W4afh8v7uFCI/BX8XGlzm88SYXc535uK2NwD/S+7H/xBjy+0YBkGRpfCxHmBxru2ZxBzyXeDpn67lBuHe3RsxYJzrletlUBMaX98WG4mafHxAKVB79v5lQKoLvnH3aARA1DeP/XVhI7ezr8XS4zrjv8AuEI9k8cWDq4J5b2m9c5/cAdiPbvv3I1xtzx+uc3jfqzNxsaGHvePiChhWO7p+e7qxBdT7E7P+JClND2VfI9yy57m8c+thMITHFHN5JuEEtNcL2cvz92sLhVU59D/AO7QlMVXeTtPrZ2XHnh9L3cq7/Uk5XIE7l7oc7ZF2XK2DmehYHj6+cv+Ox468bbcVsO2y3bx7Q8y3uHiTwd+BDEd+A5uhHgNq/0xef8AI+wOGegwjgQ6yatnvhPrsbr7+n/GwKCPDM9SFV6JY/Tz1PYhboHf1aWId/Fyx1i8WZc48/UoHGdMNBXGiPqw4m/bq0WnTxOHD+R6ho0LSjfUNC87Zv4sO0sBMhzXvuMzYTz6toblGAgzn/8AZFJ7B2BID1w5/SSw717hyDr8dROYMtDj1HEsuKHxt6mdW+8W1eDj492+D5rdFrhzBZfAAuvTPss2twOTt+puQGEnT9/k5ldZ+LjzVRhYdHzNzG7qfJnzHIiPplcoA9PXPskcA7+LPaJ9+ruGN3n9/wCW1Lq6zvAI+JIwZ+LkAyw9QTxLcVuawOAcwKR73ueLQ062G4IOuPiZUrpN5/fzFG+T2f8A3cIGIIIDR57Pe/M0AfR/50khpm7oaF/3JObF4eGHHPxsMOJn3zMBL/ZZRrl7Eh0sr6Osn0oafT1/szbDTaG51rnxvcHxmek1kaQvOccspB1cdP2+yNCfBjz38fcen9sHGdb9SQVrCcv05+7ZvEcq4sDkcfOadcWA3MeyXdDyI+cOz+5Y0pyDeIGkZBNvhxJmc7bjiXBZnfKz/wCPd1bF7l5tnz4DbLL4uOVukXSf4iIu0XQu0stkNZ/Zw/7sTxHiXJFvN94GfuIBneX64sojYZ7zuzuTvcTgfHMpqA8fC1O5n9QsAfwg4Zz8882D4PxsFHmNwHg/JE9OT77vhdMrYvXxcwBfC2SD76uJnxPfcsBGZ1vq4HTGwZwgvGzO0S4pHbn/APlwXw5uciSC7v2bxB6Sem2HHGWMEBLM9HhS4hturbbN25eokQZGcIjxCReDM3jIS8QmDvx8kIycH5pOxSZ2lmYN3lsn1eXmbRcTqev6mhxrbCUwODcsizS4/wDU+oVmh4bPzUcdQC9IAWBZF1KZcl3TCg3j3Khw4uaIf8WZZLlvG+5Vzit6OM9cZpsoY8un2J89SIPRvD6+ZWCi8YTniONZ4Ozfz7tdGc+nkOdtrOcfTf8A3e1LozN98SgA4cDxv1bPOLQe99/1ZeR+bg+oC0evmYHkCNFPkz4sHkhpYDe/+G4APij9r8/mABmch27jTnlqv344jfoTdFHDzc9D1Ypx8J75h4Xyc5r0/wD3zGIMTen/AOIS089VkP8A4cTRwfge41DBxQ/+/wDqWJi8F/7/AOIORNOAf9w45n3uo4hzlyLwBJcFhxoGPytf823Tfq6l8rzLHwJvjsyveXY67hh4n+Ig4j1doi7RYPOcT9DP+VsBHB/VhIJ/0A/7WTTcBzeZDE3eOJxGNHefm2Jn1oPOfJdu7vff/EmdhxnLcmM3OH/YezX1xZNiGcTw3QD8b3CRydcxnJxnfux4XPm5G3vvJg3Iad3Lg+oezzAY/Nsue5nkrjA4hvvmYANspjE6ziGKBfw+74hw9ESN7LDn38xHOeLPiTGXJDzDpdXdnF1D4SQyEPGzbQ38TYufE4fvW7xh0f8A7ccQXBycXKnDh8Tohv8Ac7yJC+uGbmL9v3bjQ+IIB+oIeox6gyyPLg7iG6dSYGPpjx6uEeBLAx+3q3iHENfh3nxdUJvPr8TRxg5OxvOSwxz4R5/FgaF6eI+YaD26epKByY+N9Zzbdhmk57f8WVHVY45y3HTp4Ezu0hEp256RPj4+/q0T2OywHMyezctyLxlz/L7zmaYvFmZbJm/8TeUDcwFPa+c+7iLhiODT4efVnD3/AAT+phAh3vWHzPSq5M+3P/8ALOCb2HN4/wDczA79GP13Ot3DYwFwfxMwjyDOPrHv1lnKdPGf9wPt+IhqeGLxKwi5J8QHtSf2ZL3Br/I5L4+vGy58DbLxPcrmz3Li3mUzx4IZcxEdXuIeYcNbJJmt+VsOC3kejl/E8+HMKdq7u/EHAccvfTbglOSgb+ppy4PNn8T19XMNx9ZHEgCOp8+puj6BPLdQb7Ge/qypafvJisFnKP4gFwfxE2UB6kqIPq5lO/8AmQDtuqGr8QgjLlHx3aHV9MQIEdbYM9ki8QqwHjYTyi7XT/8Aszdz8TLVAuWhCcfUxO50XBjuWEPEeE2SGZ6s2eHUEBjcUHGJznH4nQc8+cOrgwdeW4hP1cED+oI9RAz+K5Ae4Dw2q62VnKgZN5/E4Rz9yhB59nWyamYeM+j7RvRcdzf9gw7w55/5hr1cvsbzin4/5sDhHPSW8e72dXZadivOyTg3iM7tDcbZMfz8/UB4hy4a53uTs8GaB0czmOj7d7sd+rGbliJKi46b0ddkMRT05t0x9Nf8n1KNTrkerrpyxzvbAYU62Tx29HKSY6UzDjNkpgBz1mn4nnIK3CD9iPeepdnTpnv5uGBp8cuu82E15/NzjQtObP8AGIB8S4JxjMxz6X/2nryvMx3b9w25LLK7M93Ms5iTme/B3LjmI5iI78doag7eIxjD9AZccuSex/jMeEAfSGrZ2T7/ACW/efQfcWOu+tgVMrPZxNGcfxcLF/GQ4Y4OM/0swqHvibuMfktnk4yIxxkXMmfb1ks+e/lgYa6mPPMGy4cGwU74jhfcHP0wDfqK7xGHqMAPtkpEb+Y3AwGzaHXF9+bx/djEPDDmmbYg9EZgQs31ZYnqPzDkeMsskumYw92hj/dmCdXCi6w/eUGcLggsvfnZfvxF5xyyxuz6Tlm4Oe7dR/V7gdWSgdOfi2dPRo8WDREODj/2kp0FdM47/wDUxl1cxubGsCDczJOBL8BIGnKdHOwgp51Hnn3C48zg4c6sA9qD9/F1BWex2730xU3AY3s+pYHDbNhz7Qlm8cG8z9XO+u7ct9CItSnlpT5H492uCJxub8wGrw5rH6WjmIjrxEAfnmBL742UF+wdw7gCMLD0N/H/AHJmND2e5Z+brINcXnrWPsR3iSK9f9J8EuCxnw/YP/Xh7tl2Y7jqLuA6oH22jUev+BLnnXtD/WcMD7H/AIsD+2P/AGQJMH/jP/tuVN+z/kQnqPIbtERHENwN/wCqWGB6gZbfNNab9hc7kU8bwD6MpDoTZmntEsBwnxGxj/bgexCIP5LgNEXQHjjuSznh543S3g0wc2Ue/chcT/8AbMAkdoZNh1yZhY5xb4mzzQO+bOcQ8kANSFNgEhsp33BriH6tTh+Jx6TGy9H0iSiocRo6b8WsDBo8xggszbT3D4zdgj+CeE5ksBljqQBGFJkg48e/PUue4Rvvh15JXBtNy7gwB/kLy9E5Av8Ae7W/k2TSGJvJHLCuHOHq5WoCIPI7sGgTX4e4SI3/AJncrSa3o+J5kdurCJ3twZl/8i9WRrrmOZV9PYsK+fi7CPFl/SxoGjHZ+chgVjyRiBPUJjg2EGcNAN/6h1tTh3db7nTTO11iZTg055Pn93Kkz18xEGqJX4vmWP2yyxyNEPH592jTNubjR+ergOYNPsmnHPW9Jcnh2/jSereO/C3rYYAaDeuYkSfZ/wA/L/RZBz5xP+T9EUD+tG/4f5YBHwQf5Gjtb6LHOP7Fi5G/iPnfq1+z9T1PfkungvB4Db/4g5vgXQu68FY1OT17l0TRWnfsf+IZR6zRoDx18MUcBweA9e45Hl8R1XGc/mJ04OXHbfO/2TIDxmTbuHLvLqoiK8kWiuA34lher1yOGb4oE8GKHMI+UweojGRY45Hi4octDcufS+BFvi2YPe4vF0QiQBY57cl3c5hLQcmR1ICRtyNZ4L34WG3ynM9Q0tTqDkgA4g+rPA8eB5nn3cBhPcawS2nJdj3BzCDx/wA2jy1cayOi7GXr37sQiG8OD2ntvexmKafZGRo++YNgcn3aggeRkFGHpJZYPxDhwWaib1aKyCOUJ8/UBstfc5gT8b1IqLlF3d46ho1rvCxBwHHqNKfod7PREsT4ZgY+kI8s/hCSumHzFHmY6nRkDXoZ2mwwEYYvY/8AMRAM6Hj822B3hB/tqP8A6h4MhX2fUd3ehdC1nhGskhZVoiN1e7vxiif0W6j54s/t/wDZBCsdto/OvX9S6mq3BwN/G2tZo7RqxyuW0jkc3TDD9yXaTx6h4lvgPMO+Bvc+H/DLfwXILjPfhuffdjjbXOO77kwY3jT2W/L3gzl6yDR7+ViB+bkGcSwVzG7Rg3tZ62AlGwOuJQ6Fgwevi4y4e5NwR4mnHn1JAfm4ztoPqb5yyM6YfotjDL0licCXAdsixPqwMPBw7DNj3MJHGIar/cChBj/seQw2xzNvN2eHwOIYQco3qzxtsJ7gC7N0G1brn3a9PMAwIpVP3J/t0BQ02y/8bJJOGjtwdcWJp65s9Y4z+pkcG+EfiS44bxxclTVuHO/3EIEyyQOC/EDXJs8D3zcGRvbOJSGOTYwLrnSyg9Eo1wY44tgZcbh0/Cdn3MoXZuetuAzj1z7sk9h7kgXM6N5hNV0fTJI/Zs1GngIOOe4I4Dvpnbn7Ztdfu5jH07Yrjiu48F1JlEO4GN24e/wtKQPeTqc4E4fr0fb+r7uc/sJy/iWBQH71uS7dziYw2wvwz/uOkPUPMMR6nu6sggzwUMR1BXg2AkATfmlpfIgD9NzGUwHtG7NFo4t7gjBEc2Jy7cE55uwjn+Wd0J46711Kxv2BAGaM9yHfYWhRH4gHhc33DRY8/F7TG2cy57Z1m9nyWXJ5gOID/Vrm4qDLXbBGktIEeIH0fqG4zM4JGM9eS5jwlx0e+JQm792qF/dzjQJiN90CQ+HwPHhLJIbCPGzGIHB45vtYcOSj0QhqhCOG24fL5uMKPyMDIui6k0h16bQCI4xetu9nDLnzAceod53/ALKcOx85myGR+o6Xj8z4OY4Lcdy2sJ6YtNP6juXB7jAYRIHmIE3XwsEzj1KG5xb5Q3kmHkgYKrxAhvpAI2cCkJ7Pmd06e7lE30OckLvn0923SpQHL3tgGcD5gozXNho8ZYDFH1xZvAeUOLpYcxBBthwNPyMBKzeYL5/P3DN1V9twmE9dzFLuITRjwB5jlDMm2QWQeARB8RUZ/qVEfqIU+ifBtzN2GeiDkOEx/vi1J2ZOHHM//bdDrnnOfU3Bge+7lGGu8JSu/Tm3PXQ31aFS5OAO/wBWzn/mBOeb0Hb2DLiGXDTuPCbMjni4R6s09XAfmgITksNgGfKIObbhDm4Q73aHU7fm3IXwF/aI3nN0y5F/cf5ZEvaAmMc4d92+Xi2GZNgnuW5k33MwkB6m4e4tUSj/AEWwmnB6YINPuz8j1E1nICN9ToHl8knYtz8ZYGJijx+XzCsPykZOiQrx1DfXuw19W4WE2QtXPzIucpvMMx3C+g4hT7hWP9QAzPq5vYLDUd2Aac9RcWR3uNZ+7jDbTpfjbCWPzIEeHld/1JccWwu8fi2OXOQGeP1LhsYRB1cL9AhwXAjoB16kHx/DmE/uXEpe7BJX3domMMefjL7b7YpfsuCOHcvnIIIIJFAIyp/SE0d/Fxg/Ugw/5gSzcu8n5OLcc3I/u17QNnoOf62RgXWAOySa4ThjpbFzFCTEy9y2hvqQJvMODvLZ4z9xyOB8xiaPHgHpmPUCmf2uDNgdfubBnD5kzp7Q0fZdsOem4HwQ9JJXZa2wwC4ngnF9xaNxMuxg3IO+40iyCKAMIMOY4228Tz4Jj7t4879W28ThiPZIuiy5T9yTq5OnVyECKc8MvH73uAsF+LQeD6iQHLHmct9WQ5tofEBIAYH6uFvEAj3bAkYDQtY6Rfywqejmxh0iYpvuxA/UIGBj064t1HD7sEdfBJVmEmTvh4iAn+wJf9LPHZw/uAngf0WHa5g0sr2DaTm2d4p8xDxTR4sVkOP7ngsKv+rmfzP2l47llM3dlltfmMe78r7Ipz7vsuDu+23XyEEEGxtS78X+UK48/qOcP1Y5xZBzOb8FA+l0/wCbUXEW/IHmLhjkughuZvuzBWOMmXA5ejZ1H5iHYH4QZLcweo459Qzpn2dTC+odPm4eSc+rBnujuFOmwOY2oaKeYFix+zkaefcCP+7hIMYeZ+pNLcZxYdkze5SY2yaBth6e5NcNq0MsYX7tg/7ceT9xJxE22Xwy+Gfd+UPvBOn7iHBvxs0DP9x7q/dr7nSLdC+oJ64uTq1GMNZOtH83bjn39znmNZIwfVjBm2wX4hwfiyKNUOS0dyDZsSjkNzNrgQ+rouSowYu+O+LADxCQSDgUnQ3rWHDgf+ZOwU2d8Vnte0s5IIins+JHBPxEOg3qI0hqDlfDbcmNNB6u3w8HLIcR6sju6HP3c7PKeNwlo3KOHvbtcvDhEMx94+99h+7AY/tiIiINiis3vIzZ/C4ofqIgLAvXhSD/AFpw2ZzaBEym4XH70D7FmOOvR0QExycxhpIaNCcXqdxzSVYrBAzLZy2e5sg5jIHAg9syTFi0HLADjYeOHctq5c3cd2wRAhMtqBcwTMt4LOJ4WxAF5vXcfi2jXVI6cB6vlLc5wXmQHb27PzHjcGdzfuAnMI22zRPZB3R+5fp+4rcdfNpTiQeCuzX7iVV5nPeZKDFsXd6Pu1g+LEwt+E99+oCXSfp1ZOFM5q9xlxAs1xe6V08w9s4HwMo7s04NjnbLFcyDk+EN9FjAEGp6kuJZO3T/AGQYPFqarzNq/tkHq6kmqMYGJpP/AGVpwkH438E8dd+pqcq4IsHnNbhOPUMLEa+5OOZvbwWfpc3cQ8TGY+Zn5Tj3H38OvcfaIfAxyyIh+F/0zinDbLIM/ggjn/5j7tub/bUOZJrQY/cbPBhzv4gnRvMsKbn8bZA1HBaMJlrwFw5RnMJQ133PsQ3QuIpn6uDuLN/4g+rGa2H6J/gloXNx5vOTWdJnwb6uZHI3lj+bI5h29TJEOlsIw4cnIXiNs6fu0Y+GHWHMockIfqwdmAFh6GxE/wC2QbpGO4x55tPL/Yh5c/dq7P8Ac8gv7jb3YzFLLpsA1hobZE4g0zmQ6Ql0RL1ABxZvWyudtT8zaG6EjAOI1d/27tSAdvrxI/7pU7yKO9fiHCDMNf2u9PxdWbiD1aKpxCwePzND8t6s35tU4boRjz1YI4z4ZAmI8ExMyp+ZE4Gu+ZQoTMuAB7TY7+HUzqLucvxGYCMf4Wgt8czw3zOLS5G4Zjh8h5dz9rv3P3vzjPuIYZFAkqZ+Lggf1DMLiIWHh8Bmdn8jktSLycP5twtM5toFMHDphGKOEyxHB/VpRcMt7nL3KRMN/F2n3C1xBEEcwQNwQN8B1Jt9+peyKJJyY2R1ItTS7u/uRh7uZPNit4siJuQEbm2oCiPDGs5t2HwYZRxlpBv5lcXv4looywzdWOvWW5FJhlwXbJsO1gSF+/6nWOmstOQbnu0ZGku1ZDfUJjI0NLr9QtIjLTgQakzHS5OoUcZMPvLLz8RXfM4AoQujW7oSFDhZXmTEcQIA2SeeZDzxCuG5Ia2gXq3KMnggfaDZsSIONo659WoeXO4ja8y1h42TN2HDDmnH3LTp7GIq8u20kfXuC9whO3qAOQ63GXBa/Pq5lg1Tz3b48Nidx734cb7bSRKzlgWjHznEv02m9gfkf+rL3/3jZEPypcW8T5Bkifq46/qAgPVmHFmeNvc8+Hn1JjZ+w92/JahD8OnFthwOagkwQuBLBfqWd9M7hTBGOMdwjeIkx9Zcxl3u7+uT7NkCAAbXlSjwbJQbs0GeAW6bvVzpN/MHvr82OJY4pbJwym/mIbp4aQJ5kpdoP1f/AIaRXHH4hOH+pB3/AFLeXfxAIMyE+EacyPewPS77kPcGci5skcXEMnGmwY4dfEBOC5er4/8Al36fqxcUi8l8X/JfQ21eP+L4Vg5gHcAPa68FyJJ7jzYQXIEwUjguY/EATKCTfTfrbUvt8QAw22yD+7mf7JV3ebi1x+bQdYXW97D4H83YC3Wag/IEg0KO7o04MzTrxxZxPcLwyYzocfM1O78wiHRZZDC4BuXIRn5uSepe9mPHu4O7s5t15u+V9268awmA+R5Acv8Ag4ftueB/Ia/ts1X+1IB6lD3YNt7j8wANfxLIefiSvQ+I8gsyzDxs+OZ7ljA+Xn8N3i3DmynDgLzlzxz0tBKmeEaPVumbsccuepZoj+JAOY/a5cKTntIzbLG5C83J3xLc5kdnMjZKLB5tWqVNb1aXHHmAB6g/KS6CSxuQRs92fuBnDaGPdbey0uQvqJJiLQ4/qA6P8tuHEciwSuCtiGv1B+FLOxYOVsEAGRxxh+rAeEB0dn4rty35hl6VzdXL1J9cRDSR9hAnea6QsxfNttALgVcS2wiBAZncjx0FqUuLiu2U+GDBl3A382MYPfMenmUFOZUjaOrUZ7hcHq3WVHXjZAu/1KAzsRVCaWKOZc25Ebz/AFM7deLDd2PFmHHgLsteN7jisjsUAfXuNnhzG2O/GnzHOA1uNn6OT/8AEs0H5u/2leovt27WDG2Nm32eBg8FVtwWviDcP1CAyzCy6nvys+XJaDGQ/ni/FoObU7h1OTiYi4/VgN3u0PnIC8TAox5x09shEOHxfEnmNlgTGdOt01hDcZflIY92B3Z6+YFibpIi3A829RzbAdSXJdg6rj+KlyALfN2gzclYFgzkj1v+xGtPaFmwOWVwlOn7guz92r4hIesiwSJcf5Ccj9XSD9QDMfqd6P1B9CWOv8vqhfEjIT5gC6ob1LGppD85Ccp+4RxWeWUntyVckA65tzlzaJ8Rnsni5yx4v9ls1ldx7s5Bv4knIcXKOyfa/wB2qs73cMOcTJ/MjNMPm9MgCLbmQZ520MjsL1CF24errizOpPC7pNjHAOuIyZ6sk4iONG3z8RxuhvqMndjvNrtp2zj3cB+x1f182NBGYo5/+pEVf7bE7tXu3SYYwxe3g7LzMxX8XDAhAz1cBdWeMmZ5upljjGhj8LPXXH4+ADBzb2Rb9roDT/JBQPdnkZc2635kHHhZRD4slOvUydRoh07lE5hGLdA/7Htcwhk4gBzm3IBCHq1IZARXhx49zNiTYA85XHqBzO/i6ZIRr5+b2zEcb9XOAnNAsKtu9P7kOVgpBHd08D4ZYFq6W3rCOn7hOyC0kHBYeB/Ut6bM0wB5YJ6vakNxzL4HIBtyN5zb3BcCGJUGV9brxA80tuASp3N8jD+6CAAuScoHHxN/LtiapY8MnXiF0G5A3Zi1XU9vMc20HCMhw5s+DpPTPcWIiqkIJw82ezD4uviwOrc5k5TdyjJ34XPci9y57lr1bsi1X9v0fcJF+GH4D/u5tw9ylDrtw9z33Zsku0MmyRjr4hA4sDq6/gT5e5liQyNvsGfNxvH4h5Fi73+4QFw8Q/aBa3iQ1neXJNkNdbYGrkcmuWXMBO51/FkmL+4QV5ljwyBmcwXhsgsKdGe5rXcpjAmJKZc6TlM7h3u3d23mHN0tW/7SnDZADPxrQ15/du8GASAPU5wknA8QwHNmdTXBZW8tr7lQ/wC8tOf9QcNhvKSPOIjdJIcduHSB+VLT/wB0PyI50W45lAFkW1210iNOy4EG7nMiGv1cZPMSYFvEQmjlirIwjYPTCjj+rV5NrnDkOB7icKbkgxOXwdtxOYXTJQo0mTl3Y3gjT7nj8LaB2AIbNbAuTqDkmS+rsFze7F7t2ds3O5GSg5+v/RM8Xqf/AHB9Xpmyemz6b8I4Orp1Ljq1+J1gwnnqy7sQBZHUEfxe5nu6lt5vRtuMkznguTiIObQ7k5nJExjXhuTq9CVXGzJD3IMzmfBLoIyyzuSTj1ZJaCOXdhMcoj3xMHcWYLRG49S0ubCMN+o0cdzo4YF23N3EOU6lXiUdTJ50n3kbUYIk6ufggxqdmQxOo3q0IXcKT2WmAYf0yH3JwrEI0BHJLHqSeMtecl7kgpcnI+pcvmHe5Hs23AWMYhdSP6LqjZx1cLqRc25CywYpkp1GBfmHMCRRczJK0dzy7tXYseYQj5d29D7l8RYBeOLBeqwg6ueYgcXIQguUbtx/BcSWLo6tN/6nfa9XdnDTc+Zjia9ph0/q2vEXohnL3Ph/OyTx6u3Vt6snJhB/Du9ZevDNvMwng3K8xafUOXOPc4/fWTlZDm09yUw48MnRDw/NhVYqbYuCzOubmG0uTb1pZaoaQ3i4e4Y9wJscXMjK1RmOjmxCG2/BfK3IDAzhgvZdHhL2QBzZrnZ2nM45yRvjLVw5I+b9xs6hIK920ivJjm5hPJKOiRFwtmIQHTJA4P8AIN4nahEe4f8A/ZI7El5U8t24POZD7IcdY0cIYluNkxxiYN0Xajq4AEhh4lirloTW5S9RxY8ayYg9x6IdS/1GEY7bZ2wztk9gwtNlQ4eYacNlEsNQbaPYui5RF5hEALn6sF6C75sOf1LWfCZaXIt762cUCqPQXHBIz4z/ANt14iD1Iu8Wr1cnTdvDL+G2wrbE39P6lcF+oFMcfiCw8ZZdePqXjwvFuC+LU5ueX847+LQeJ0f0W8Lt4gPKIHMYJegHcZVHncJRGd2HGZcRjkueGWnMCyXa0mWp3d/SXC4rg7tDuMK8+I5eoap+JC5LF/6Wv7vchHMPXNm8k7NCacv9gzGAfiG9sp2bF2OXZ+rA+Zj3CnDfKvYEi7IfuJd/7FJx4k/UhOEgYuXuQ87cPiBH3AsxhZxNhzQtL1DvJOuauK1sPVY0LJJfdlyGjGcZzHMjYaE+7cnltE/zKCduz6C+5gRBzC3DgnysOLS8rE9ywoDAuvjwMmDK+0cFjk9sMN95LFIuvzZzgcSYi50nSHz6P+7W9Qvi1LPVv7vwufrbn6hb1J8Sr1bMIzRZUyeLLDz1erfKcS82Bc1kZc+HzbLRtaLMELGALXz9RF/2gBzZDkj8jMBMye507tjxOP8A8m3SNIe7ZzLyGTLlGwHGz2YTtYZz4QpCRdgc2c5RoNwd+CichYHDIPcI7hPW2U7jTwwsxZC6XPYSlkh7uPqekbA6bZwso5GR7Z7x/d2GyXHm6M3QbT0w50yWA/qSIRy27II6/cB0/UK6L3B+4x5LXdN06zHLHmre8shIvEE6Z4IeR6k2DM9Tbuufm7O+bQeCPcX3Llj93KxhGx5l05txyywEuDllvBWIFz9xMF18WBzYGFq7iXi5j9y4kWFxi1QKG44/PqV9lFP3H0vwtfFz9XfqPrHLq+g/UA9EB6ieoscEO9QZ6sv49p68My8aLLZyv5uj829PGj++LkGWgkP2KcI4baUJQwcwJ3bbI3Lj02izq0BLmaTZFszOYv3ak77Q3wy8G1tqPcmTI92M9QYvxEBzctDYbxLx1aB5uW4Ov8vlRp7lnTKN8AXlC8jYPcONO5KgM9AuR0Sz1BOiMnBHOAsJXu+G/VizD9XRZFc4svZJ88RKaTrkS7vZIH5WzcsYSfF79jO5lT4udgjrITiM4bG5f98UtMycbzasU8M3QJl6G6Y+pJnHEoHYF1bocvcZB2CMCxLA5shxtXbHLHEuJ4vi4MGtufVh6Qgeu2z8X4WPiPpfhY+I+kE9R9Y+sHIx6g8HVmA1nB5eI93bLxvMd3ZlHLhZd/mDlZhB54P6ix+gf2bct0t+i3XMDXyD0YgQw5tDuXmG58TUC67l8b2JlccSpc/yUnPVyBH9S7xIXk8CuRLDqds2XFkuv7kHhnPd3gf3EuM2KnqGdJ5d+LNwLDwQdZa/d7NYPuXTuEFz9MI9Ww92r/8AtidxwdyKXBsLf/2SRelq8LPypR7fuFOVtb3AXdkz2W+y0cQ522jtsRw3wv8Ads4DYXwEw4lQD22Rxlw93H3toz/m4Mce5W5wC2UBMBvV1U6kxvr5gnB5/EaQ38RoA/VyQYWWgzvvOPASn+BMFby2dxc1k8sEcoP4E87MPHd143YdP1dd3V222y3W25dyyy4S8zwn3LlchmvV+bvvOv16/wAtFxGeroFn1c+I6kLivcGBgA52wdz0BPYuQ8hjPPeIV1EnVpuBNuI8pkZ7Lm0jycHiDmHCwtoebS7uHmC5jIDmDwEaeCR7EBhRl1vssWxB9FneIoDCuI+IvUFserQtR0W46gyTYBDq0LJ6uUoQpCPuFEm7h44dTmUO7kd2hxkgbs8uWC4EH03IGw7WdLzxY4JzcnDIlyZB7sDZhM3LIhuRDqDLQLdwbdcwuA/HgM+55TPd/ojltHVhg+II/HgIII8HPr+W7/rIOXmFXm3m2W3iXLbdZ5Z4LeZeDyC/x3exNu8P/DHljo3wrNy/RCuWFcmwfnj822N/2AnJ+4AcyYHP7j2XOyzEW2nVx9W71bdLdBE4cW5IkxscA/cmat7dOssOiFvfuQ9so+J1KHcaOZy0e50Iwd2sQbQuDYQjuUPXUwuRzLgXxjdyf/srbfxbHAwzwMk5IW87Z95gncE9XB6lnDChp7mLuwbg3ImLhMhMEZC9Hdx8G4/PccizzmZeTi6OZ9ZsPN3aOhBveWg337IYB+rEgkhnXB8vSeiIfDQm+21fzKWWPM9ecgji3i2Hf4pPBuycDg+YBgSPuTY22GXWXm9RM7Z3aXMNbpkeW/Pmv7iJ6uZx8GZ0mTp2MY2DXNtlxKjYSc/7GncAhHjmScuSOQA/dhcXDpeilOi2sP8ALV0vhQoFsAEIvu7sn4RwXNHZMzmDOGUSFO429kITp7lwuuXvbdLZGDu4HcLO4KdzzkyF7bb3GDuNJrAnZ4H1pQ5LmEZgE7vz9zr3cHDbxtvcuJ5S1dwF65v5l9e4hLLNkDGwFpKuSzLkuI25EltBrvxHAc34uKGxg4gtywT+3iterkCXDJw9W8eDaE/qYfcMw5svXgbfG+N58Dd+HB3LXnr4uDh4nl6dsXW4SS2w228TwXu63vLvPdzY6v0T1Yc7ZfIafk5gZ0A/YtDd4iRhEm0BiPRbqEXWkaF/2BwX/YMcP3COyG5CDQ45cYHIcok4LF6jxpNsLmoP6th4toxm95uLmXt8wZaPFwT6ZXZlpjCODJ8zguQ5jEGbsMeWHHuHJXzOEk7Ooaxo69Sl6kEnCWWbuE8r+5T3cprDGju5Y2MWYNVvYYaW05O44ykibCLmMYjncgXUBr7h/Vy8SDvEtp3/AHAXPqU7IkAq3JRx+osTz+LDAQBbxD7FouWjucXJhrCIvmWXmL1PLZ1iB49W/wAjyeNepc7eYvmS+oYsIzZZ5/gy8Q8zt5u9vLcn+55Xy5DWGGZL0R5h3gz1GHdpEwkimQ5k7B3IHhg3LIYL/sQQD3/sIj+QlxW3Ciloc92TieHUetP3F9EKcFo2L1Nm3J6pBt3ZIXqMFLJ4h1C5cncx7tZ3ab8rdqjl34DRCvqySPmxnc4ZG6Wgw4nNwe7Z3KxN7tcLcq+J21xZQYJtYYYw9hk25ALqu78Royg5xtoQOzA9lkNLt0JPZbaI4wpyowRj6upIdxg8zPudPc/a1+YHbkHu0bue45lmWed/iOXceDi6IXfqAcSLG24HXgytdlngu2eWXwvFvM7plyy5BrPgfEOHbdAzHllifT/bmQefEc23qHqnYRvUqYwYFuXV+pQFf3aBqfuIOHUY7gjuBeC35qrwpGnBbHDaerT1YTqX6vSE1wbBaMNbjCOmRe20Ee6ckmNo9WTjjLeOREe2PeJ9i5hdDIj3C+bTdu5w7y24xnHTPLlcm3Fbzc3DdQumjL1YnVp6iS2uBuHCW/RuCTeI10JF1eoLP0JYqkiQ3+oto5+LBGKMP1CHV0ST3H7Fo8WvuU3KGGt1DmdW6+Hvwe3jL1/Af5HdrYPdt1ZsYni4LHxbL43mHBiWbYeZw8S5Z5M52WkLB1Hn20d6/wAXsRBcjse72uY2PQ5laJ4HHi7mAdzIxnTm+eGHO/3Ahz4QjkLfRPamR81pDE7nZcnUD2W5xZ9LceJjgTk8WJ4Zz1KfUsIfxaerpcO01Jgy5swWkQNS0NyXaVkn4ZgFI68S5d4tDOwT3xhz7fcjG+7W9TDq4mDZzhlMRt25buSEcQHuQO75xD8aUMvNyA5+43gfqAercgCIPNocMi93DLWGF2LKHh4LZ5b1/g92R149+cslWB2sDiVYn1LkvDz+Hu8dsreLZfGzyt4WXWWYXDyJ+i4JMdc2r/YZd3xHPUN2PcNMyEbnMq7dXcg8Ng8xfJOtFOHP+3SL/sHt/sQ7Ix2XDzka8WDupV4YVyTH1bHE8nid+r8buSd+pUmzqQhAkB7W/gf1D9Mo3V6ZnODxQ2dQcce5AZ+JKou2fokTLj6sbCGbu095MLw2GMbI4bbgMuA4ueRhU0hzggqaQfV1pYZ3e9hGHLK+aW53LRpYHpsdwRmdSPmE9wPZfdO+5j97dhDmddRcnu3wReoebkQ4LOfDJOLLLM8HUJziAOZx6uTuzW4TxLL7bt5vsvuvutFt4ieXw3iWWe5Zb3LY9biZbp9x1tG0fUxPdmkNmBHVhmx4ZMY8PEI6kbxdW3cg95YPLHxzOZi/uS7ZyC5EJBTuA7h3QvQ2LwvRt2Y/qBnJ/kh3YfJNPrOvV+BZDqQ5lzdEemEH6kzpJPUr0Rp0lXV8k1MJ4kYx5LSI6PEodQnVgxuLqQ8iw+ow9EIOCz9Fh6sHA9yfu5eDDuFLGjM4iK5CF4EAOi0JB7vaRZwzvuf5l/Ntt33EEE6LEW28xzBbPTdo8Sa/gvw8EvwskshPqw7uOngdWNWZ3KBOvd9lh7uXu7ubL3aN1NvEtZc7LwyyxzcFtll5bedl1ndeI8Qz7QZ1MuHLDWF7cQ2EIkmXVnjYZT3Z8X3WCcs4czmTp2G+kIIzOZXuX4oB6t7Jjpb0zJun9WRzNXkuM5lPcDw4Lt1PHqePVg9Tx6s9iyergPF6iJ6lHUOvEj4uLqxCHRAHq4PZJ+yT3m3dSTk/Uo4Vm6MFwYvT/Irp+rA4IA9WkgiHcBxtp7nXuV8z9517hiOoLR6meWIYHFtvHg8vjx0yz3JZ9WfUmWW16va2HSYu2mMepQPJcDfZ489u+Wyl+JeZ4Rwl5t4tlHuXN2uEvEulvEvOy5uUTAloHq3hzyHgOYY+D7fBO/FgnGTz1DDzuUPdnnNzctn7Zg5kXaQyEhCTv/YkOT9yvcN7JR6JD0QnRetkTogfM/KsTpbT6hvUPOSQPIyz/wDkMd32yXuF7nHudu77J+KD4sXChOlCg4YV6b7sJyMvsYTyH9xXIXVj9Qeh+rCaEk9wDuA7gPdqvN7yR932TOUOsQQQ5nXXEDwW9RDFnMeesbufqDiTmzGDweSwHVpL3Yvlh/APh8f32j3bz3Ll25DMce31bzLbxbzbxLLHJLdrdZ5jcHmXlunc8MY1utTU2Cxxve4Idycydw0h9Wvos/UnPVnkY4IxKWL23VzZ+74mBnMLI85zWP4Tv6TM5neyDO4YtrH6LT0fqW9H6n0ifj8Ifi0epR6/2Xlt9S45RwgAcQb0QHqH6P1Bf/iB6fqA9LD0WhYPiSe5B7kDuAdkfzc7zI7zO9yvud+5rtj7WxzBBBaXLyXAOIhhgiCL48PUhqWZssh/FhGPc4PFuyaxi3PA8rC5O77J5X33fLfmfzLArgskMxGRA+vDbeJeZeG3Zebci8MvduGy4oe20ZY8S8FxLbj3Dm/GC7dche3E9zwk5k5uC3OpST+GRDDnuGe77J/nwcfbMe2+YvcIXtKJzfZC/wD6vmf7J/8A1J9/7YOz9x8x+7T2Q3u09lt7L8V9hafF+C/BY+ST8k/MXB3ZDufm/wBkvdkdwWPyf7Eg/LM+2V7YTtlPtlr2ypW9z97X5tu2IiCDmdWLrwPAggjrwPPc2TPmNj8WCQWc3XgXZJmP2nwH7z9vBh7td5llnWz+z+IMAjMODxvjeLeZeLZ5TwkvE8J4CyAuD+45mn9rvE8AIcv5kdkdtjmO3Abqz1dOZjwSSSQtDq+CcSYeDvw+56i3EiF22e5DO77b7I+8faU9yHuAgM8GF7eEWcPcHtswECzPz4M7Hl4DD9p+8nz4Rb2/u53P+2vtlvbK+bl93XueXjsG2XqOvHuO48Gei+UsPUR2QxHryI9RPUMctl/Gazwx3zd59y8yzifAY8PAxmdtJZZfiRX/ANTwhIaAb85Zz52W3i3mXFvLLPr8S4l1tCSnEfiHEw9ssTYEfHF0lsxQMFtWQT9xtLCHMwSQsk8HwMJjZxB5IcZ6umHxsPe5N7hnuFnbH535b7GPvH2j7wvlhfNr5lHuF8tp9sP5bfPNv5b8238y/lvzZXzfZvyb7Y49z94+0H5krO2GIcEsR4OoLT1cXMI6ji2HiOovSCCO48Fs8TvYRe+H9SPmRNRn7eBrHwHyH7rXyitvg3BGwMcdeHufCy3rue7o+N5/uXLmXmXMOpt1ny3Et7Nn/lcD8riH3cmOYNwBPcfVzJ6gZcBlJzcJWZmzZLJJnLfRZnrx3ZHEPMclnMd2ceC6ht4hhhz3EF82j5hfNu1fnD9xy7vzu9y9x9oX5tQtr82sP3ezsc+4Ptni2G7YjrdFuxHUFpanMYdR4IiI8A6g4jxvgLgFo2BnxfnMZyn7TGP2n7T95+3gVe5/Myw3gO2CGG2UL/3568b4eZ8bzdGbo/NzU9w4m2h7g0fm0x8GTyD7ur8S38LCvhcE/wBRxJBgvmVcHvYd2kAvMOJJknrwmyWeGOrsyYEtsS5zw9+fXgsgsgh5h/lvHj3EEEEH8D8Q8yYf9we23ccRHLBzDCURO5xYQnqHEcEREdRBHgeo4jx34DqeqI17iLbPkMceVw8Kyy+rF4n+uPxeg5+bo8r4XyzbPd0Z6uAl4dEsN0LcN/EvLd/wlk94W1+W4j93AP8Ac8DcPp8zL+odzpHXwEJISSeMs9SSSbJS+GTmzwzJet8B8kXuOy9+Pcc+PUeT1/APB15PBcG3C98+Aju4ZCOrJVvewwiI6h4h2IiCCII5iIgguhY/0jo/jtvLaz+ksfBjGt5bt5nfuXbZnfqfMLmxrAAAZZn/AIWZmeZ6hzDJ4G4fgupLg/MGfdyOltxPzcE+Wz2F1noJ8j0Q7Lxc5HBzc/kXOtw9Qz1Aww68HuX6n3P5mzWyz6s3wyyeHUSNwfD8LPALOe7/AG2HnwINvPjMhun+BdRd+C2Ic8b4HmOi43x3DmezmCOSN2GGRx4IYiOoggiEHgEeSJH5G4uyA1uPu/PxY37J+8792ymW27NcDAGr+oAAs8ZDMvFpPh8MnhMnpsuh/E9MIchf8Fyb/TXA/bfspbj4uTfguFOd++COGyPhcsjhvtZmTJ8XJFmJJM83qX+WbJJsncH1/EMgs+rLPqCyyyxsggg8OEEQmcR4M46iBdrI+kLhHEECvUP4ksIgZEMQxER1EeAdRBHUGx4C6hLp9Q2z5LmfvKWXfGyypg/qHdoOAQZBZ4ebq6vXl78vh4nUkm9P4k4k5IMD7n+2GrcifALsHwTo/AnrWYm4fcw+7jg+nn8xz8P6uGD0XaO3aGscnDnwSfDd2WWWWSQk5sss8ZBZBx4DYLPAa2c2QQQQQQQQWWcWWQevAIIJWTm5eYSw+P3EdR6jyQREQRxBEIbHMERBsHMEcJtk/csvhsvx4f4K8DeykYBBBkH8N8PlZefL34e/Dzs8T0z1JqRxr4HwDY+X5u/7S5+EZg4GWCd5dV0gfgll9xdWLU28vj2XKHeP7uzskJJ6sm/Fn58Z/BssssssgsssgyyCCCD58Mgggggggsss+rLPAIIPIILuzIiPXkiIjmCIIOYOYY+B6ukRELGPb/xaNv34baSy+M2Q6YNGGcEFln8F8L4X+Db4W2bSXmeWemZ7ut/E9t/ulq/cPN9Q4/y5DoszHqWj55fpPXelP70f7jh8Relh4up0rBZ1C03mTGbOZLq3zl6ssky7su7ILLObLINLMgvuyDjwCCIGxjbILIILIOLIILLIIPiIggiOIi7bPAQREQeAcxxB4EQQcQjBz1/xar+vGx/DFZnqBywR1Zz4B/Ff5rbLe5Zu7Sb2T3PKhhdScrI8bkro7cR+Zj/tl9mwH9twwd5/8/Vw+VhcPuQuq9T6notiSHGw+oSdzZJ/DqyySTuyTLPARMgsg42D6s/qyzPXg4OrIM8Ass8Agssggs+oPqDnwRHg8hHDEdxB4CCCIiIM8AiCCOY5kfze34uS/nzl76kXUxyXqIz6gyD6s8YWE9+W6tP/AAbx/Ft5sa3/AHk9Qyem9XZcF/Hi6n4va+CHT8gljj3/AKuHyD/pLH8r/RxcePtWHAv+kzwTzYLMPAOZJJ8ZZknHnPOHgNs5urILLLIs+vA8BA2CyzwH14Cyz+AQWR3dQeOvBEF1BzBBEQQRBERERBF1Qxr1OsDYOerW9SHVk83pD9QfV08mfw2fG2y+erfPcnPl8re7tbys5g1jPTHC/iPf4vf83Yz4hyeB+db8B3/bzcPgFf75uPwf+bPPhXt4Hueo7juwxhCH1J9SWWecss8JxZnjILLLPAWcQfUEGxysyCCCD+IWceD7LOfGWQRERBHgsjwRERHgiCDqCIOIQ8HVcRvzbWH8TvqFnEY6LPAPqCzw+dl8bb4WX7tltvXh8b4ZZeJtyXPh1lkclxcNn3fM8f2v+CzHvzDg/wDnNx/oCWidcH/F2/QFrOugP88XJ/ue56yOGXNocXaHMISSSSWfwyyznxn1ZB4CyIIOY+VlkHhmWQcQWWQQWQQR3YMFnj1DEEdFnEfcERBHqIIIg5IiCIQhBBDq3t0cltU9we4HqPpB5As8/VtvMvjfC9+Nmf8Aw74eZ8Pc93tPOTwoeGDSPaeP1PX93bP/ADlp56JxPwE/22+xf8wx/Bye/kv+We1lxZ6hnvwHPhOJPrwJ4yyyDfDLr1d+vGeM+rPqDIPUEEQLIIIIINgsg8BBZBZzZB5yDwERF8R4IIIjwEQRBEEQhx4C6XFJt+Fy8mXXjryyS+d8Lz5W2Xx149Txd+N4u/D5Z7npl4Jo8ty2Hf4nWyYf3O7/AFPAuX9Mfk3/AL3Y4/8ArPT4f+09+HZb/a93JZeLZeZXSHN3JzCeUnxZ4yyzwkHMHgIIILIhMggss4LLIIPAWQQWQQWc2ffkLIIIIYIu/ARBEEEQQQQgghzEDwclwMs3LpGCziznw9+d8s9/wXnxvh875W3z685Pj1M+/wAT0S5LpXN/CPL+IfpuS/c8XKdp+pcPy3IThXD8k9vzP/K9peLZeWXUp5vcySSSWWeM8JZZZBtmNlnEFkHgEFkEFnEFlkH8As5gyS7s5s8Z4IPBdxBsGWQcwR4O4IPAEEPAPBzdWJ1PAs4OJPJ3/D14f/Bz/B8Ph8PEtzL4yfRJP8N4n1dTs/F3fiPFJr+NsGTi2Dgv3LP7S7/d3/mf+UvMpeJebssvMsssPzJJJJJZzJZZZZjBBvhkEYggggssg8BZBZ5zxkFnNvgMsssg8BHgPJ3HPgiCCDmEIhDyB4XMOSZJwXqS9XrfCzbM/wAXiXxsvNsv8Xx1bLzbMzhEmT1Jw2z5em7XGBiv+K/5COkTu4ZdMuf2nqlyZRcsr1kvMpZZclimrNkknwZZdrJOfDIIIPAWWWWWcQWQeMg4sssu7POQeO7IPAWQQeD8WcwQREFnUEHMQ8gPqHEeBtnHuAB4Tq68+vD4Z8vXjZeJniXwvnefC+fVsvjqW0jj0fiSFyTg8JJ4eL1PUdbpS5n/AA55/Lcjw7EM8JcjPklK5S8ylhPCVvNtyEts48Es8ZZZJBBZxZZ4BZEFkFlkFllzJ4yPiCzzlnjILOYPAQQQWcwR4CDiCIOYQh8/wIFswx3Lbbx4STx1/BZZZfK+Ft/j3P8ABePD/DQsI4nT8TwX6ks4n1PbJxPcjjeyXg7Dynw/Jcv7WfuQ4W9Ltek+CXCXFtsuM+J0eBbb5t8enjLJLLJJOrI4IILLOLLLLPGc+AssssiyyCCyzwQffjLOIIOILIIss5gg8BBBBDkgghzDxaW7AM/jtsskknjqXwzep9/wfC+G9eGbf5dy5DptkXfhnVB9LbHqHMmzwQ9z3LxPq3GWL7IOEfi3Ffd/yMMOvB5LkTF4llzxcEvE+N587l1b4O5LJPIwPGcQWbBBZZzZBZZsHjLLIMsszznkOLOYLIIObOLiyCDxkEHjI4g2EQh5BtM+ox1/JfO2+EmZ8Nky/wA3/wAORygywiTF8IJiGSCWe0w6T3ZzJxek9pJxLluR4/Ms/SeG9C5/Pyhx/U9T0ze0suWWvcsy+Et89Nh7tzlh0ss2ySSCyyCIIPOeSz+IQWbdec+rPJZZBB4yCDwEHgIIPqwg8gPqJ9E7Yp/jtvhfGy54L4fO8TL43zssv8Hzmxys5/gY8jESPlSA305MuFH3nE9ycsOIazxs9M8hkuRvY+epeT5XT44GTaPez0zLJcy7lJ4Xzs9+HwMo824cw+MsmZ9QcwWWWQWWWeE2Czxn8dg854yCCObPAc+AiziCzmPo2QQQtI/gA+m3euIAzP4bLd/w9fx26u5LLLP/AAPjfOeBOvKWjwnc89wleXYJJ5eblZ61dfCeHmZj7ntvTMXkt4+q33dOMWvhZavzMWsyQnuTx3deWfOyrmHN20zk8Zd2ZdR8eMgss4sss8ZYWX4WWWQeBu7LPAWY2QcWcwRhsggg8DlZBECC08A8H1NnykGed/h1bzd+Hy+M8P8AFOZLP/DnhhdXfjJbfzAIbh/NmalCE8sxK7GxaqjPc9M8LeZeHmXg5sXv1PMWqc83J3LPckkm7MT6kyTmZ/i9+Fme4cYkbkMnxZzZZ5yyDzm2WWWfHnLLLCCzxnnIg8Mg2yDmDwIEEfSIeB9F08X03N1ZBxB5W3+Pvw/z3yvhfPHhPCee4gSecniWW/KOGSjwyichFnolTu0kI8n7uUAr5m3qzodn3DGGQ0S5MbBeZungeZPmZPDJxJ9TGMz6kkySzwnuTwkN6LHgWNv7jXOkc2WWc2WWWcwWXdlllmWWeMssss8hsFkEEFllkEFnuD6giBsQfXhx9W+cW+cRkdeezxvjbbbu3+Kfx68vM+cskkksjTZhdedyXJiy+DyuHu2btxaPPsiLm6SqdwvT87cAjE0g9/8AaSZZ79lh1bibzLi2W7YPqdTEsk5sk1mP0mtcSSWSWcTJ9yTJkpmmbII33KziyyziDxl3Zllllllln1ZZZZZZZBB4BBHgJkeAEQIhOi5bmuOAj1EeBh8Lb/NbfG+fXh8evL/LuDnm/rx3437lttu2S2WZ+cgJtg6o+/ix85fmVgAGPTr0gh7l8D0zVYnqyMck8bzDMWe5k5ssss4mPLwNTPVkkkkzJxJJpOikieNb8xAx2B5ht+7CyDxhd2WcWWWWWeGeAZZBBZBBEDwyy5eEhDpEJ9Nrl9UAcyc4cWZB4223xsy2/wAmfGzafzfL/Bjq3LZbZbdbLPC4S25LtvhxsM5kScctvnMk7nMJxX5B1D+R6D1B3x2PpJ8ySeHw+E5k5ksk58JJJM+jwMYnrJJJJJIScyYpz4sYcCNEyNQ+Tlsj4kgssss+rPrw5ev4l+EH1H0j+EB9eAQQfUQmlo9X02DuAjf9qU6thCCLfO2wxzP8B8L47t4n+C/wX+Cz3b5e7uW2evGXVuSy7LLLbLzLGhzehnDlBmv+3Tzx+boHGSWqZjKufcMe5nmTnwzJzZJz4SzmSySTwYzGb9ErZiTiSYx4dXZNGa+EprQ+gzPmES2PGeA8BsfEEGWWQfVh8X4X434xTEHkDyBECNeDk4lPF/aJKV+RaBLGTgsPUHF1D4OLf46Ww3dsPh/gvjfDP8N8dfw68PFvnLZd8Lz4XiW2WXi6bZUeL8tzottE4uCQqHJl8bOn58HxxJ4Z7u/OWSc2WSWSSbMePUzknjNSYxjG8PV9cny58Np1H3Dk3+4XphhvceA85BHjObIOLILLOIOIIIIhDlD+PBtZb8HLNcJ8paIqE6P1EeoMiIt8DbD/AD6turZfK+evG/8Ake/4+p9zep78Mm2Tx4W22HmIZY3h/qUjQfG3N7m99Sy8W+UvVnh6ssgk8Mkkukkx8F4Twnl1cPUxrxmt0jTolWg+mYDH+k8CL76gSz8NiYkeNjqziOPGRZBBBZB4CCDY1Goycsc8r4GUov2epPlfAcTodsdwZCHRYQeCPA2+Nh4t8DL46thtLS0l58vj1468tpaeH+L3/Nk2zbqySZ/Evhdni224W5ch53beJbufKWWWef6/kllnNkng+D8Z8V+k49X4zH6T9ZjwiTqV6P1Kib6bPBF6iQIfauKd/pkP670yjhIV6R9i/KNEQPqB+ILH4hfEaj7kB8lp8g/LA6f+721fRcKY+WV8IfRLm3+2GOPzG9EQdQREdWRx4HztsPHkttlnuPz/ACXzvHjf5tt/fg4Z789W+e/G5LNvF+bNmSzmSTwzLd2fz5/hkmWWeGX1JZZZxPg6WTOfi/SfpO2a1R68P978J+sD6vQXpH6hfUpv4hyc/wBbZnA/c4L8Y3/RjNOL/Ug5BEn/AE3/APMsOl/1Irif1OPKntX9sIn9dA9vwW7n/wBt3pY8aH6s3gjun6hGZY+oMhEEER1b53wNvjbfO2z522220l8bxL423w9y2+d8d/wf4rPhPD+J/NlnnJMksks8dfxzzlnhLCzzlnju9ZZJZJZZZMY38brPCdF06n6XP1P0unV+M74ydeofSSv/AKSdqu9L7BIXtH1j4FyHDauRhe0fIP0/VhcI+cITo/yD4sDqEEEEHnY6t478b5G3+W/dv8Xi3+O3r/wHbsz34f4v8HwxpkkknxnMknEn1NnNncyWSWWeMPGWXXjLLP45ZZPD57bPKfVlln8w/wCliLmz8WfgsWX1Y+LHxA3qPiI+Ij4IHogb1CeoHxAIv0x4hhg8EXVnP8xt87bbaWlp420tLZdtLT/waeX+D/J/nmwSeOvLM+WS6u7LJJPqziz+OeMs855yySyyyzxllkHqyfhZZlm2fVnl69X4/wAOX+/ifWPrfR4lJ+EfSOHUTCCDIuvBD4PO+Nu7q37hu/O23fjYZf47DLdWyy2+Nl8bPFv/AIs/hkH1P1JnhsniZnwlmklnhklknjPCeMssssk8BtnnPGSWWWWWQWQbZZEIeQHhnN0gyIEQIIPAIgWkQgQQREeO44/htv8ADs8HDbd3vxpaWl3dXf8ALbu2fO+G9W2+Hu3+L423yQQn6Ce/mefXhtfB+f4JJZZBZZJJ5z82eMs+rLPGWWeMk+LLPDLPqz6g8mfVlngPALIIPJnHhnHgEGw+oILOYIIIgWQeCD+J4PJ1Hkbf/M+p87bb/wCBt/i+FnzzHm+qR5gOT4fMjcJiSR7uvDbdkHO/CWQWWScWSWWWWWWecCDxnzZZZZJzZ9WWeGfwGeGeTILINgyyyDwyziJnEEHMEGeAQQQc2cQXXgbfOw+C3yNvFttsfw3xttttv8NP4aWktttvh/hpafw0tJ/gEngwli9JGEJwUdPkhvqznqS/qSe/Dz4zwHhJk2zw68ZZZZ4ziCySziyyyzmzfVlllnhkH1ZZB5ZZxBBBBBFnVkHEHgLIIIILII8FnMHPgbv+P15G6tt8bbd/+N4tt/k+Ntl8LbL5223ytvgLmiDPUHFhJFXo/wDUGfnj/wAJ1iST4fPNkG2Z4TmT+GWcdeM8sss5s5ssskssss+rPqz6s8ZZ4yDiCyyyziyCz6ggyCCyCCyCCzmCPAQR46j+I/w3wfw23wcW2222+N87bd+F4t8bbb/HZbbbbfG2/wATnwB0WUTOLhn45vSTT8nw3Y1Qdr/gk04STznnNYJJJLPGSWWeGWWZJZBZZZZZdWeMsP4Z4yziyyyyyyyyziCz6sggsssg8B4PJEdx34W9bHkY8bbDx4P47/DbrzvjZ/j1/Hf4rbb47/kHN9cHRYx4C0//ALa+7olR9Z+fp+oYItD1/wBH1PDTJM9WSSWQQSWWWWWZZJZ4Jp4ZZZZ4zxhBlh57s8dPnOYIPOcWeQg2CCzizwCPAHgI8YRZZxHg8B/EfG28Q3Xnbf5H8ev/AANv/wDiDm3erDo6uDwdQzlngADVXDIgI2x4cEh4d6SdxSR6ocnyff1P0k56g0mJBBJ4ZdevGSWWWWT5zifiDmTxklnj+rLPGeMyziyyyCDiC7ss4gyzjqDxkfiCzwFngv6sjz68dWRxFvPk/ltp53m2223zvjvztttttt3b46t8ev5b5229Qbky549v1KZh/wC0B6ggsDXXq0BMz2yqQxf9z4+WD2h8/wDNj3bY78fJ3IHHeT9l9FmPdgWnqcPUFllklnMnlOLLPGecPHdnHhLLLLOLLLILLIObPIdyeA4gs4sgggsjuziyyzCyCDiPBBz/ABPB4Hx3b4P4D408bbbL4Di3xtv/AInz684eHyvEWEKLD3+JiDjXX34DhEYNH4szz+mWjf8AUXd/y/1cBgcZc8PYv9PuB+hxzFpsSnNv032QGTJI4bCWizUksskks8BJZxZZJZZ5ziyyyy14BZZZBZZxBBB4EOUeDILIIIOfGQZ4CPBER35PGlu+Cyzx7893rwfw27/87/B8+v5Pf8EWBrsZ4x+fog17ghxbB8H6PmI1WWTro7fj7f53CVVV7VdVt8aAVXb/AKRjeg7ERG6ubYmM5hHcnN3BHhh2zidwx8+ruSzxlllllnFkllllnnLLMs9wWFlmWQceGQWWc2cQQRwiBZBH8DiDyHnLY/gR1/M8bxHkf5+vJ5D+LZ5Tyn8vUFq2Z1esCCCLAaD4TIr1DDTg3Rvb7+C0TwfVfLDDvnZ7V/8A4xsEfvqLHJ+4uNKWCze7Fl1DbzDpcC3IyY+O7JLPDLLLLNsssssunpssgyyz6s+rLLIM8ZB4yx+IIILMLOvAWWXUHjvxkeMsjxnFn8Auv/BuW22227Bz/A8+vGQWfxyy7ss8ZZZJJzZ5yC1TiE5t/UEXfplB2P8AwjZX/ZAiOzR/+OJPaPzVmGXjrwUZm9nDDMQ7OyAmPi0zkvvIkhldsoZLvgSz6sssss8Mkg3wyyyyyy4eGWWWWXVlngLII8Agssss+rPGcWWQeMgsg48BzZevOWwc2HjrxvjbYds8El6/8OHksPGWFs8+M/kz35yBbWACCzwNeCE4ufbMlSQUPGu6fPy/U249bVfLLPPzHEufJ4PoD/fzFm9zff4jJr/sCHNuHNr7Lp3wDsMnxJJ4ZvhlnhllngcLpZvhlnhllllm2WWQWQQeAQcQdWWeAs8Z4yyL+4PGQeDg8Hkssv6t+v8AwH8Dz6/h09N14z+OeE58JBPjPD/DObLSDOvBr1BhdRydxjDgnCH7tLryPr6fb7kUqququq+1lnmCzI8HPnZs3IEbdC0w9GEa/wBRDhuaNDx4oxCMGyScWWWeCWWeA2zwyyyyyyyyyyyDwCzY8AeGWWQZBsFkEFl14CyDxkFl34PAeBtt3+eWQeMuruz+OeMs/hkd+e/4t34ebLLLIgAQfUQ4tllk74j+ToYEiPcbZ/6SesziZeZ78LHg8PkSIsfGen2IYKvYxpzfdb5zbPcT2xw0tIbOLPJlkFkngOPOeMssssss8PwsgsyzYPmCz6g58Mg2zILLPB4yO/IWWQcWZ5Dz357/APH3Hk/gf+Vm7uvOWRr1H0jEHN/V1LJCF5YCZ6F1PgJ9pZzuPz8m7kmHcl2TF7jj+Dz49RpZ9/WJ2FNxYk5tg5iw59Wwc3B3FcPcTdLLPCWWWSWceM4s8ZBZ5Msgw8M8Mssg8Axss2zPAeCyyCyyyDzn/gPOw/8AiC68EWEHFh5ywsPAWWWeMLCe/GHjLLOYgQQeGXCM3k6g+kfjDq/2r/qZs9x6HwHqD7jqZu3hvNukHPj3PhfJ4KtR93P/AICbEOM+djBzb+9ujm3zm+60vpidyaSWWec8ZZ9WfXhlkFllngcrLLPDMs+rPqzxlkHHjLOPAWecs8HfhP5B53+R1Zz/AAO/4n8As8HjPJ/BL82Qc2WQRD4WeX7QEfvBmrUsulW/+E+PzKlVU6uwjqJMhJJoycx+YY87/E89Qxn415hJP1saGsfVLjObX2X3W/uPv4SHNys+rtZZZZZZ4fh4HDwyyz6sssss8ZlllkFkHP8ADOII6sss8Z/4Pfnf5h4y6s85eoLLq4sI8Z/DPJx/Duyz6gjlZBkFst9kHtC9n7tG+hPP9/EmYB53+HuWGXMrZu0J4buWDHDDj3f/2Q==', '2025-11-28 22:41:15', 1);
INSERT INTO `items` (`item_id`, `category_id`, `name`, `description`, `price`, `station`, `status`, `image`, `created_at`, `is_customizable`) VALUES
(4, 1, 'Cafe Mocha', NULL, 250.00, 'barista', 'available', 'data:image/jpeg;base64,UklGRv5PAABXRUJQVlA4TPJPAAAvL8FLAE3AkiS3blMLcLmQQd3/wIRiMO/PiP5PAP6c/hmW54g4h8Q+xjjgnonH4QfwUbM2SwDSKjC8zQDgXomVQFoX1lxYeDwC3Htxjy4TygRAA6JNUyVJM7OuS4+H5kaJeYaSSK7rkHbyZa9DUUjcsq9kade6uqKQRDLdUY73rCALAHMCYe+pvLkb5titgVMUSdtiC/cGk0SSsZnc0939rQiFRNKNdJQdGFOSGGZMAInuOYHMTDj+eRdyHNt2rah08SZk/mPbEXrhxtsQ6R1sdwixkSRFUjyNSncP9WBA+2/ZMzNJkiRJiiTZYPP/fzTMc2M7xrKLbEM2VEr/JwD+NQ/9O8SXsBYWDscOR5+3nAtwuaDZYDOxGduMltFy+hnWxJoIwPBsSU51m27TbbCZkDmZCXSFrmuQaKe7CBgcjsZQUEBRQBH8cml/rNHYrv/jhTEZwGE7bLtqI8R75Dd77yuXG7ebw98dwxRwAA7sfC7d/mXNkhX7Y+04e497j3t1jB3Q6YQQogeWHAQGvwMZoxRC0YCw1C2wVEBOltO1C/MxRJVEJFEhAsBaZ2sNnAwVEAISEZEAIuGgAwzXEwBiqCDBCmIF+O+VIRoAhKpiEtmoMQoRutUZhsJSLcswWqhuBBUkinSb0RAoqhFRxXATRQHR6vRDo6EAEQlVVVQKragKSxp9wYhGo3EfhFhgFVVV0Sio8Gc5Y2z8eFcQQQyjokLQgKrKWKZGowIzAYTRqqqioABVjYSK0YhGEfcVIIRBVaVSqZCwKhpiGIaKaty3YZNNEDCMQBAQDSCEYagajbiLOxIERVSoKmGIlRIxDEOjEffBvXqUoijCMFoYvvOZZRmGYYg4AXV17+rR+vrzd1XVs49Xb3l8fXTxTDQajfjhAIAalmGI8B+T4bhtJEcqqfKPel3PnH1GxATkxwS3BEizGECOKwS1VWGu4LFaZbx4zcoDJywTPAIZP2i1ysK2taq1i27qHtEtukkYy5PxXXpfIE3yLPeATD/JFln4XnLHJJ3StrapSTPvNVncpvlrepIkSbZtS5KQ9q+tbtpIbH426dru4cbStc+vzjpWXz+2bau2JdtWLsMYRdPYLAIWMJPNQfNkAXAPGDOzxgxrzdEr3LaRBElU31mXf6pv/lRMgGfbthRJtm2r9zFERNXMzTk4YuJiZmZmZmbOrbK/gCG5y84yMzMzM+89mQPcI8LdDVRVRMbYzFs9kpht21YdSdJa+773JHdPZubMbvazoFVfzj/CXEHuaZLu2R4kSVJt27YtM4/sk2SVGDbz3sXFAS3DYwJ8S5JkSZJkW8SsZu4V0ffuz5j75f8/ZB7n7X6tqgx3MxV6yX6eetRb27Zq29pT29jnvZ/FHKJ85gB+U77CUEIsWYx3z+5bkCRLkiTJAmStqr5/c0d/d4cJxQRIaiRJkCTzGv6MbzIes8fBYdu2gUTl99/4r0bQtm2cnT/lNybgH771h5/+/+n/n/7/X/0ZCG5ACUZ+OaE4DtUEQDBtIfxSIjBsdHnrL7j9J/fEd2f9PQef9yf/dm6aQn4BoUBsef7uG3/KE78xO6Q1Ydy23/Mfm6+Ws8trq0iF3OCgOA6xXLthP/Cr7p42aab9voG0+NYfvp548tH26XWyp7u1itQbG8MJ4TGf5gKlu3XbXOPQdMQEGgiLu4/ZvKF+uL4knW67W11uYGAE3FZeBi/U2Yo3BqmGLasooNI89bZM0GzVZ8Cb7TMxPWS9YeELGW6Gp+zO3C44FVAQoHFDcEWpQQRm0olYptPus5+4He7VICBwQyKpp722QLBKE2aldUeQIjVYKQ5OFUwJ0sreaoP9ycUdH66Ni/uuzoUSbjyEN/fComlfBgsqRlvdVyhBGgGiUENQqSUhENxdnmBxl3k65yvi50+eYoazBUVvOMA+f2mmD+JLU4KA0jBVcGrZNK8wYcgAMC1LztZYdThSl0Wfcv3+xdfHK273Y3fejjvQ3Rbw4o1QbYLN+N4JZNm9ePq30wM0ghSlRDfuoGiNnTTT2gIFxhzhqla32l5GBz5X2WRO9PXwp3zXv/W3PwPQ7BAAHkEBrABAxXy2HgA8pLcAjvMCBlYX7583fyM7t873CghAeEZ2FSgolYMqnTijBtV2r2n0nDpGK2rFlmGqsO1J42995o9m/xHKVRlZgQBPbcFm9vT8waP1XJPl16gtj28Q1m4Rx5O3pMUHfv6UYqQttEhZxHCkRXU0dPQZMrFJn0zNNvtt7rvxKgC1TU0g3iHMlnP88/J3cgXmg6WoEz27fDQ+itys6wXJZLhvQBWBHNMIDtk+61s+//s5dzd4Z9ezGlpMalSAIEUpAeAKQDUGA7TvKu4fDJntZpdVt2xDaRzDDoZBj8x2w8sSMpiVONmuTycIU0ejLo479lfYOz7c9qXjsYyCOsirftzX/5TYFO6QG4fkNAFFQZDFFUCUFkoEslTHwMlCSbpcUfZMHV2tN3ikFi1QUoDUfFxtJnvU0KYX0yFgcUnD6EEP74HfGsIrNUAECAKEY5ZAxnz2dT/w9T8pWBn6MLgBOAwNKCyzWipbqahUQdE4iFjNZDNMJQyKY0BBnFSvaJwosOPWg8V+XQypJ1QFmQZsx8hF8Si2CiYZZ9C+RO2PDmF1bUEohUI4PkGGxTa84ie89PvVLgzAKQsMTN0JLaIdLf3oUmclNnObEjFCEDalk21qhEMMOxaB6gWsrcZRGGlABUCUAgqmDt0cTUI72Q1VaT4YdMFM279If+fbn2ief/Nr//q842K2UxdDGEJFgIBIfIMgLIACz/ngq7/hqXeLGqkCkCxaN05CPiUbYfIczuaVzF2e9KAYIe5GESe+tspduqAgCRAUcB0siALTBJVUHFDBMGEnUpdshIoIZjm6DINzJswvrLmf+aY/fvuBv+HL73k+vDSeOriJ3KwzrHHxzsWdfwPlewOVAjB06W59MfnIrWXt+/XwdtbqWd76hbsSrDzr0Rey6ubsGrJhJD2jU58gaLZDbKwR/1VXt/Pn2895Pppv676jmF3YrClTHZFHe/zkcz3f+LEs7D0aNMD1Nw+eXnn5p59z4RnosEqgHGOkVFld9di+DOPuzusXyfbtR7PAEg2iw6IYRHkYmY7xTJcRgoekAtxnZnKd/irYgG7N0bl6nVm2+KxeavVcxi5pAz22q/fQN//891q0QYUGaHENWpzXL9EPkzMh39qnrJBjCsGkv5juPHPmCcmZcwIJvbeuDxnaalgYomq9K83aOjEqYsSauUtjswCSWac9zDqrrPFXGY3i0LXrsHrSHd5j9cr12W8p6vnq7sNCbbcf7751X6lgXRKhKlrbTjLD4frKE9M3lce+TbkwYf2euISnTzt83Z1zK54p2IVEGyrICvYydCgWYrFQxTqIgENd3JvdgFkmsEpqBmI0ahabE8jFE3ol6PFw9e7Jr+rUi1dBiBM6GHslU28JIlokpp1EpGJT5Cy++dlnl/AMQb4hEA9BbtVbxVcPD2r1KHO3duMgyBpsDEWHhQyEthBBwrg1d33NXAObGkYMoxWA7IQNlikmxXiVWjivlbP72D21fVeRtXllBR3L201vDQSESlGMNaCChmbAUNvtODkoV1/5fqCyQibo6UKykFYXblzPBhuBQEQy6dsy0hWyl8K8St9AsYdb81Pu7NKY0xi2aZeBzBhW24Zt7kxcqc52cM6jjkqtpuwiSDIkAslc12DFOhIUpEqJoIaqs7SqQGse7vxTXvlekEARKGl3bF16G7p06QfTyE4nqRuBBQgy1EIJ2t7e51XaWZ/fnR1Lw7Ve3nt2aVPHZuwsxrYM+7sFgUq6Y79Dve94jqwULhRGEV0aRJkcwFRyHaNSTQhSEHUINXYEBerSopSE18Pfv3P/bq98J8Lwors6nF5leoSkbgPJIVds6KqtKaaiylbGdXe3vZ+ves2b++ZZ7ZFfv/12fe58m67s3tfZzOw6ZhNdzMKPUpc+qT7pXlmrFUjCkMQKVNAlSQJrUyyP2QUW1ZBURAZqHFIDAyCbRaji2uYff/v710B9H1DLaiq3brduuf19n/9DmeoUKSisPfw4i2f3qbOOGV117S6GYRSjTexN2h7eB7/vnr7tENs7E8dY4Iys7OUtqvRK+YBKpVgQJQFhVDANARR7pbLW1n5OG8RGQt9qfG6pxCCstJ3t2/deJc+V1a0CxwePj4a3kQ+SZgFddqufjQSEdZj+Oul6rbZ2rZInpzQVjdfOjWOVIyeLxeosVFE9JVVSzHhmmsDMqq3LVKyrKFeqSEQSAiGBBDiJNNtOFG9WbrG+Be97bqsZg45JFabNvkI8AI6LBNCJXEgnXnMHXNHSLo9H09k0dqThdq5T5+lZSY69RfGa2tyvnbBYOdIKaSiTJFTEXanqckW1mHM3wc6GxCoIuYOI4eSFeiCRGBUATbUuaixx8gYZemnuqk8DBmxr1rfY0bPm8bDxmNpCjwmsFyV0J70bj2fn9eRyZOdotbiqG9vWPDhvR47WC7AObevSzbB05nxyxTiAZcAuYeWKQ6klWKukumc3aNhYM7IyQApFCWElCbBZbHRpTBdUtyDUJqgxFsl65LFda4uNlaxZOlrFswenD/KJtMcCkzhejo/UjWlKp7vrG4MecgWGGmwAqTk5pQa2qf28bpu1Hq+TFQ5IzMKYYADsy+Swy9VqMWsVFBJmkrFpMo6xOFkkSUAwVjYzn0IaMIrSIwd0slmQZHcUNuvVDRM55uRcSy6bcJPUs9BjgWC37p/V8GoYRLRV8NaMVIhWUm8YQreg3e11dxU6n6dOqwGeIozFgFjAhgjKUEmqFa3vq+yDErQabgFol7hBgtIThbqnND82DuzAoHquxuqWpTKi5gqZe9vjYkgDyjT23krLsYTjgKTH/N6ZO89pR9nVUYdQvLBDgQhCZHCFsWte161je+RRp6UB0BgXYNMHjFEMwUCy6ELF1YmXHT7JkIAxuqLWri7k0wLVsM1dMLWjt7lnbmOzsYzy0aqKqgwvq+2cVbONt5nMsDlXuXTknfYZb3N0r8Ix4HG0+sOOKZGqrU5pSAWBBACpYSlXu5w67dGedlxcmQzkFZtjpnw0jG5wAwtUGgpxhL71ZtW6dkG/Ihl4qCant66HrUqGad+2b5eebdd4Y3fsDWdLa+iStSBWVle15nSPeV13pr/D1X31XeWqulw5Gb/yT/fWl4tbBcafWHjMe5JdbkycxZTd9BXnrm33ui45vnvy6M62LJBs2XUQFiauObUmiSBGhSyuKJZkAf5wj6VsB4M3FgoIQV7d0bVIBTOTe+/remfOaGx3+5oxbmxF9poRcajGR6fOEOiEmrTBpCpBGxtUkAFI6XWl7LZ2BSXRjWdGH4BtdHUsmNva6xLFN7iz1px5rsM7rStXthA6LGrRIpsZxxMtxTqckImhECCWldHoB+O5ioeGj8m3uX84EgeA174MRca725e7DknRRpOhaDG1rQIAdfSxYk1kShOq5jQ4qQFSbERVWiiFptcOG5oodL9z/dnYQkYfoFCzJmgtKTlVSt639PAe67BS4lG1tdZb6ihUE7TC7MoaO5JvBx0gIY3KpDLEjnthFKRfYtkpYO3drN2ZTnepKBSVe7Vj2nZxz88/cptYs6slY1eXtCuFgDoYuuvVGyHaRNKSdmiSkIQi4ChFtddqt3KT9SMoP/H/e3BFYfwdbL0xQU27hpBOtdqiqpFMPFZSjtVu1doKc9daMkbB0tpxOCpQsYhCaTgBA4rHw1gscdu1tbF4po5ZWn3laKvr3fJW4llq4mVSyMGN1QE6ZoWrYYDcrWoKYJGa5jQ9LTQkFgYBZgREhkO/df36nN+f6+9v2/7Jx/zJW10II8/o5v6PDIMMRFKi0JweFoT6ZVkxBbU1a9DBqTmzmqyJU1ZXcZyDitIdhthSYYQhRsxcgM3efdvM3LVrFmOF032sx3Zc6ze2NJhPzHowi3TsooL4aqXWGCk1J73mfTOWtgKK7EQSjBRtqSKiIgr5ar1Xru5/yMHdTLj8xY9dXIiMvIl10fSYpqFQRGPbM4eXwTAEACRbiPJeqENaWbWmRV/WULWWpfba3nHRTQcjNkuBnh3bPrPtA7PtuWoWbSpaebjP65F+5Ky984tdW/al2x++t+pRTyX2qK6iC6wZN0ABIFELi9dceyzQS6VuqbGNEJVHcSQsclzkrJxyzneYskQZeZnriXeb1Q01QKARKOLSDEEaKBvqhvQYu8CY6Jhj36MrgUbcvma3m3GDcsYstskcXtNss7JirvGuczcmd0vneXyc16M7vU61Fm95qjX4B+2H3se2Prd2S+6V1MSUIiKorVQEAFGKOgHRcChMBVADB0BcTJNQUpdwdLo8e/Xoz9+59dtkpYw7gG5eLhe1QSKpUGIs0MEYozMYbYch2XYNB8iZQHjue3aubfdtP5ddN4CxXW5Tk7HJfeOZaGiF+KRN25+8Tju783rcHrNUdcvjXSaLyVpbfb/i45ZuOucqLNa6uCgIitWglUxopQjmFVOasMtaVWgigcjIMAWwSEzn1+69v39m8/PLa38wywOBkeeaX2i6zDoagTqk4XoddNvoCF9p29sdmwXfotAWY2qo6hAwmNQwjvGSvW/u0rABzzMzPWXS1l3Hs8763DrcL5/v/Kk/nbU+oW7Ii7UMIcbOxQkk1LJxq3aICymElgkALKiPLUwxUVFpC2RncDIVlTI4PTS1aYMyMlOXZo6GO786u/AYs/eGtIBxP0l58KN1QHYxLU0di5RMyN2xl6I6nVw7uyS03nvdVoWx0hrNElWXAGOmj7Gsnp5cvfEpt54mtT5XD7dWPq3Ps3EMt631wTAzwTQW+wpMQRy8rLgxiY1B7+1ZjyGXFKhWSLPdyKSEIoQWs7Amc+zEPDWTC6cY3MRpXVmEVTncPHF5e/zb/zx3/P9H3HEYd0zqcnuxYeK5B9wj6XGx3msskgml13Hq87DSXPu7Xodo1USyFLGx5v5R5WiKLkO1Ug19pUrX+9qyrKbAeMPky+5R90RsGIuKII5O02BdCSXS8b5s1u2gvoy9MiCABsJ1IhQnUEoIoStRVYuB6dxckWoDWlnBfNmU3cnMLMPf5Pz0P+Vwry5HHlwJlWePxSIeuzj2mnvq+d266yTQFtZuwRVB2tT2BjVwhG0gOOjS6h/2MVZORDIWcqXh8IV0gMfyeHxjF7vf7v3uIAR0TvfqKFV5N/duvAgL8AZTplJFy4g0c4It1l03F12fzesENTrxnJ6rQ1gqhKms4XIYLnYvSkU3B+dJ2eUxjzj3ybXH18v/XyAoYOQT6qZpfPVK6BdTbzz2xkHsO9+OtbqV1VZLFczS5lYKIGobtbGxBEdAAqgbIhR4MRSbHaOISHpj4w3vz/uquaKQpoCVjk2zg133noMphNyBlYkdnfTaUCawiMVW1mgQUSOmsdnB7Rqw4QYl5O68OcKDdrBbpSb/eJ97zj317OyVvkwhUykoI88AK5q0RdkjeoS0pxbOlquLrtjPtOpOHeF6eysJZcO0ncJ4xWCGEMF0UOxiDJexlI3KeDd+eFn353fdqDfbYSpDDcOmJfPaUbo9Qk29Rdbcms/IZ+iA1sStU098TqYQTUuz3XPy9UxzDJdl8bqmhQyzdNOaifb0kXZv7XXnyoP+1bPgemUOABQy8kDMtQdXTZJQ+tp6zHMeu2Ol0CL9GOTd0sprXr1BHIiqkCIYqGmQrBzfunLzbjLhfayd697bS/U+3sbf+9DxfuPc7ZVtnrnbGzPXZsPKqLv2qpAR7aoVqLkWPJEgGLJSUYt0uGC7bhoeTWZzumFeehaQRINUZ7vMNXqFHrAaGxPhcSfPWeY9c92IEl0BY59Qp122rnpKS1FNMGs9j+d0Z/fQmcPi8wpZUS6AxVpyGbLL1QGyXO2qCV3Xmib3TW+w57lu09tnLjYsd9fe7G3f8W090/lKRGFT12iz0mYpF6MTy2xRmCR11nYLZIJpGRdjHoatRzXTupPxoXBrUnWQrl26NVocxPKsrzkZL8RdZnHOweG1mTRutSu+OALGfkDLbn9tWLCKkhJytZZF2LbrdjVc73u0c1Y1Pc1aVJozZ7zrujfvmPay8Fms7bIL6LtevFgHYINStNVTA3N/3my77d51zTCoRHDV9d7EUTx3+Tbb1u5mzbzXXj6DNc4X3ZvfuV/Vjlc2PfXGbZ+y5DXMxriJO2QWtld36xqpzJ657F2j09oSBdIK8fREIGPno1cFgBSSnlw1+mpRLttbL3vbFPSWrtdzO3XSbnkVRS9iSMKRUET7pLoFhm0/6crQ+GvRLOhicz1aHFtI27NPdI/mNpOd3b0X2zsfnNwCt7fztTVNPey4K5TIVNe2d+hzxgA0muS2oSXriy3ZxQ0jbtZ5WOiqdZjKdmmJglgzBvT4aOvYLXgtZhEIlJxctVSIl5QEb2fv9+quudrtlbXWOXXO0Xe2lXgaJJ1pokIIzdAY69SZjEPrG6+HKwu4RuMZE5G3v5vYpdmO982Cu/bj5syd2o/aeuft5mWmneo2bXRZrN04xd7Rp5kojW7IDNc0WWp1e12ZodeixFhDUYiaqlhIXVPUWjx+RH9tDn7VrVOIKyenexSVprDcS19bZzXuHN9v9/HeaIqhYklVBBOPgVXDM6EGJpHYAgQZu7XDGul+9QWZ5O3ud5/Zm9KOX/+87eo3cV259m70uc3uNV/1ta5Om3uPF9953Dc59g7nfUcOqpAJqASmgsGA1YJ6oth0oyOJahoEgg0UarFKBithPT0Ahmx54OC2LuDmfklDcYtnuGEZOipAXQpTbNOxDbw3U2AIfXaYDnnlvXVTwRhWwRa1MbcsAP3swaEjy3Vbk7Mbbx06Xr7tsm13mey3S/fz0tf60tXGVnfMMYdj5cbimm1/PtmOgRLMSHFVDCHWhEGDBEyDmgiSkDLC1GBa4wrrlPD4XTm1YIHUxNJaOo4Xzdvc5iNKL5MKKODwEI8CgbznYAFBGk5VUF1LKaOhTjh0Q0kAaaV0w9e3bNacDW/OFGNlIfHb1O2+eJmTOr2l1LGYXrt2DeP2CCvKHSVC0lRUJESMIWKssWhUjUWEAvFowSWrrVRrJR4fxNsDaJgJW5egbkuTRmL7s/2z+ch4JdmovnHDZQssBiylv05BOQlCoqoqbm2rx0FaGyqCMmGYpQy7vJg7Mt7MHJgZsatc97rXz/auZLF0vDfXZjQ27Jo1BauOp0p5p5ikBdWgaiWJGNtgAjIoiFCgYk2hJjX4mkd6+2lX4+kBCHurh2Vrv7Z8fBWllBTh2JtP2HwAQwGtb55OJkJMmLb7QaSjxAuDVAYp1aA4sLWhEjdCu1hs3bFGzI393KabQc4Uz3a3e2+v7QpVljHszDBjwyl3kBw6NS5nRTWSCBrVqjIJVIskomJFBBAZXUwoZBfMA3oHRcE3MMM8d38q++sZmJy7ElUxim0+wdqoaE0S39pCuqgPilluc88LtLlpnNhQgDL5dEzS67kHTbSjOttxh9JZ48zuZN/ms56VVhqczMo2rnJcbA1XiVKp01prqgWpapGKRLECYkURSBFoa91j7mYP7l1+WR8ICKMPpZS6zMfus/Nnpvt1rkeWR7Ow6ZieUNLV0BqIooA6U5jhpk3hGZvhdjVvue1i4wK1cF3LFU7wyLjESg37jhPyaTViwnzazKypjCrl6sIiqrRWkq5UvKiQLhG1XAilIMQqUOEq87DdX+TUbgzgAwUw/q3UWBV2lb2+7zvbZS2tSjPQJJ1WKkCgAkRRMJoiHjvweKYYz5BrMCTXdGLdM9O1S9mXokuGuUjildhZtv2ZbJsirYhsUQtQkmttJESLGCkhBQhWRGxAgdJcNZfhem5exaJi1jpigIw/FB+RrVgD1CO528/nS7cbt9ayJil1kCQgSYlYMST07IwHs4kxSNlwiaaqVxybrqlloqwZC6YMMXo22q4dYzYlN7GDqhbYUq0E1SBaJHqrYioRpa24YA7KdXeeW49wAbaqEy5t48UFAABQxh3Qd/2QrUOVGuIFz86r92P97F673/Eb+/TOlg/MAIPYUgWBpIiHDF4026QYQJNAjTTdKmWaZrMQmowAbps2NdyNYDDa1iWcWCrpTKAgJ9UBsnRYCrBcu3oIR3a5WlNJ1XrGLKgjOrqo6EdSjAuKoFEzAAoAQCCMNFCfUDySNUDbzQs8Kdm9r8/O9fnrfv3uN/y6fZwf7ndaG8Es1ZFgIUEEdrM6XhbSSwmyq1Cs0ygjbIuCsanZbNNG+2YKsmzWhDGKhRIU8yo5zdJQjfZ800/56bayg3XLowEQIBQoBQbFWysc16osNaqhrVIXEKUebFmgwkgDcGpHMAsDAI28gKawubxC1bXmfB7rh+6DTz7nB+95Oz6ttkiw2bwD2xidNSNEmC0rmozBLbYS2aRkF8w2O22ahmQQmCbL/gWpQiUFxtnavLov71t9u73b3eaqyaoECiwVQhEVYKQAvRiwFWMLW8K6MAKK8RXP0TuP/t772koVyDjzIgDrAPGaCoAozEvS0i2vrpascZWlY/dcTz155gfc0bdIpXKtLnhMmqKwdKCsuQm7VmM6QvYQ2ZZMKRoXptpgbmNbnTabr7u05613vfLV3ufmztxIpylJBoHCSBFRKsDEwIsIpl6dsCYwqbQMbhGgXPTDYrH/td72g+eZtx+zwIIyyvytKJlJGspkWlm7UHs8Ok+x9vKgSNlzK8futJV1HRyt1+t/8ixe/23VW8e04jseJMNssmdqzzDcb6NtV/Ntd3tthls3l+51nVsX79z6Z//mm8twi05IcctEpMROXzcwrVZw4sSJM6ygtdZsCg2GMIFpWNNZbJqqRxv77tsTv/O299n33/ifrw99flIdY3MZpjnECisEaAGK1IJGLUrJ5VfASm9g4lS9A1ii1cjSWq01qQg2LNdGb7S3sbsbm9l2XXsNw9i+trRBTQED3FVWQEZIaOtK1ZJpixQM1nlAdYKKWsipnXfl7J7sprOVpgaL0K/2C5eB1NhlLx93z/2tf/nxwOeHMMI8tZSCAgWEZmditSpWYAaLTQAKTGJTgUkuzWzawDazssRiwznCG1Lb8Z7ZmmKUa2psBMo1JYyjLJkwMkGFthDWllPWXi4ijnREDRoAKyp0wNvim9956XS/XnIfuXdvdR79yCoDs6W8FHU43Sfs+0v/8cWEML68D9TCU1qWNDJHYDUQsSWCrRu2ZQCbZRg2CwYGN7Pe+3eNwAVsSkk2JYqZDNu5lOOSccw4xjg6ZfE2n2sDzGvyWlBrL8ptbU20bAWyKEWwogF4dAlwqXwv9/4b87O+XC42djY8Dz0JW7GbcMs9Jw6v6Oo2D50b9hs2AMLomhRkpR4EVIQYTLJVnBjCdFuZAREjLAOutTFhslnDEuQ2YmR2GCPKmYxmGOVOKRdLMUZZI2AYxQqeZaXTiaWWl7Q6yTrKSEGXXIEYga6K1+TO4x7W1ZNF7TZqX/61149dLLhpx8eAT7vPzeTSx/V8v/b9m1ayCowuj02sZ004URGVlc2mnq0W2ykDMxCzEiOIbbpsImNaeYYZMFKyxVi+KcMjwzCON8W4ZseakzUOG4dRIwayTbVAVb+81glthTSlTa0SdKlRAIBHDhyU7n3Mn39mXboSVBZ3XtLZ+NaPH+zH5qwZG1fOsw/Pbn7+3deTn14NU4sBZGz5AIzhqdZ6E4oAZFgxNoENoG11WCACbEgN2NZtJtuwXAPLzAuTkbCNxmm8uVjsVCRZ7oIoywGloBY1VFm3Rw1qvXWS0iC9zZCEIhCoFA8eSjHRAwyesDVMq59599O33L20/98YU2yPrrzv8G8yv/i91/X3f9LVvoiOrS0AVIoqSUkDAcwKzIZlYjCrmQ4TEAF3g2FrXGdbMTJim2UBb1PO4IgSFwsAECthlBoZBikMIfH80ildsbQ1OUmtCaKUpMoAEFIAiiMHVp5gAAAEjt7xSc6d3/zpZz/+Z2czEI6dnl95zeE3f1f/5q+4/W54FWVs+Q+Aing8WjGxVIp66cqgsAUqhAKVVA4EhckIQLMlyAaMsmeOQL0IZjLVIAsqcUm9ogqlUCJOhVrXKISk1JRmHZkph1G8zbJYAADZ/dP8xf87X19ZKICmPvywM0/env/av69923TTKWRk7TUAtsSzyKpwslJe1GtYkZmEakaBQhGoAAnqQVhRgtLFBHNKK3uJSqysikwdqgRKZFWlJFWKq7whCoJKihAI2NzcnMFl+QABAOvx//pn/uBNb98KqCWILYv7Hzy6Wb6F11M+jADKyPJYEhRF1OMREeqlU6SkGoQIpAIVChWAgDArEIiK0c0wWasGBWQllUDPqaSoSkhV0RVVCq0CKnSWBAEcp8YuNdjA4+U3YAEArN1/vvL9/5Nfc6WxIlLSMw+8uVX9cRpb349GDyPLG4xARdVEeaRU1UqhMpFZmUIFjQQpxFxaV2I1BcTsYABLSlYBEZe6KIEIVIEwEqgUCaUMKagShKLQEiqKMMwYjPBr2QAArOan3+/n7+/CdZf3CVMiQPXaw1Tj80jx+2rAMLL2ypfJIIoKtgoVlQp0vUZMhUIUVRUVaVIkNBXUCEsCgWKYVcxRWGQBlVlUVDQooAOBqGQ6qIQpdBEqFEkgAJRlGb/Bd4Pnv15nDvqbFLFQSXvazUxeFOAVngAg48ozMRZLKzJRQEuhUFW9QIJUE12hClVUKFIUFVOAMCgtJGTIEpJCQQYUHA1TiCoyIpMoQVhIEUJEDbtLlLKQYWMYfu17AP+i80k5xpHIwlhX5k83H3G7JnKKFjCut8zKCL1NqWhJUaKhQg0qkEaUqli6JGWKoaCwEIFQAaIsoiJzCahTRVUWJZqELDGqKIIBqEKmI9OWcrEaa5BgAJBhXN/zru/+a7Zay6kQQEUK8WA7nRkGVbkFABxXbbUCY4tMMjcFKQaqkAKqaSqTQQERISUCEWIugAUgBovILglZFGRBVSuCpapBr6CiyEbhoRKpZr1Eq5WDjCIjDJuI8z2sr/+bdhIzRQUgDG667XQam22oBwKg42oyUIIVpYmEQYpiQyogFIIiiFAQoowEFBEgBGvKMSKDGm0VM0E1IBSCAhVCAqIhRwWivOoiqghFZwiEFTPOTkznZ558/PQ+VRQ6P343mfR0VewKBWVU0WbTNINdVqmCWmmkROGHWGmKUlKATBEVAqlMVgUARBGhMAJIjFEEIpCYCgQBUOKNoKaUq0InUlQciCY2zZbNTicI743e+q37JEkSfa0wdrBM4xLiOKrg2cISlbmMLSYKxEalEVsGaobC0DQhSIWSAoJaMZGEKTCpbKLYCCwSsjCHiREZhQUgAMGRAtUUpHquro4UZJmtfTSYcZO8xl+dn+/1IxUi2kXYSFUWCwHQUSXevO1AGbBFgwFhBAQiAlktECoxpIBqpFYoi2FbGFsxgSCW2cjWFiZqNsUUkMgKRPi1RaHIgFC16vXeHQkqsa3sMcycnazk+nJ99HZCBc1r5IVSFx5hRBlV2JpgbCAAqxUxeqUAwUywlObKhgELmdoixhWAmRWsobaAp2myYXVsJpmySRlCaNOKrRACo2oK6MzNFVVq8vJAKVCysJVhw3HCkk22j9kfcVSz1nvg1dpVWlrAqG58vEHbYWYVgCar0kVFZ6QiIGzLslCtMyYUS2WCMtRUFgOKFSbImICpfUXFKlUomgAFIREiI6qwmrZoWu3VNABA1rLaLrJttxOEMXO2/RlJEmo3Tkunt6aIoKNKPHvpGwOMadW02VRFWiVFrMhipaLRxsA6ZqaBZcIAMDUApjEAdjKYYstKVCJBYaVAtAKRagDQpG3GMpxKZqKkvmCFbDhzo++BSWuzWJmol5VJaL2QElxHFSZANADLAkgmYqoFqVoFlIEQwARjYAXBasEqAaCNTJBpS0KhVChkQxkKIKIqqI3UalmWWxNWwqqVJkPTHGFsIdnakj8Dip0BiMLc8hgRokpAgYwqj0cYRoGDQChLRRCylZQFgoENydYQAMN227ZtZ4AqjahQtYkVBKwgTGStQ6modKKUYRZ2JqyMlcoANbatNJlJmRZmgGHDn0VhJhaitDRbYWNxEwARMK69babJxtQzWUJahLepUFRLbNpI3GQEttng1maY2WCDgcmiJBQUDWyZ02Y7Y1EQCqJTUalIxhouWFIHm4lIp6Y5UaJtsBpQxuY1xfdMzdf9/0MhxjCYFZYqVQnjSsweGxtMiSYZU5BIq4YliaJqc0WgprGa8jHJwBkGALWC0IpNm2m6l40EAFlD5tSLUMhgx1jOVqgeBFXEJkVQLBIBjP3VytOD7zMVb69fdSAnMYARk+p1lmVUGUwGNrUKhIhSIJEGsRqrgpKpAGkbhQDAZmawjQWQDhGYYJtugkIZy6jaHDBkWjBhubW2SqoJhWKoq6A8U4CJTlkWG6ZJvpORw7x+rrVhiEoBK5q4SGA4qoDYs8BmMoQGBYGakizvWRHKwBamQYGtFbGBzQKDoUgFLaqYaW4CqJnDRBORkXUwc7I1dzMmT1SCqqhSVBQZhVbSDwjTsvIYfF/O4+f7mQqxZyyLIEM6aMUKYVxtbZiAhTjZSlXRCBQgZkLTAdCJMQFUps2QwEagVKBqOWorwGI723ZmyqgpMVUl5sw0TTYkEFIVUMVgWk63XWYMXU0iQNvj+Y85L+q1raShGNYVx2aMr0VxBIxr42M201QVDVWGLBVRKpuWIhRCgim7ZSTmVAFh0DYgU0AtU2DTlmETDUqpWFZ5rSgoyQRAFWKsSkiJjNlsgaqRVaURCxkjf+ZhV72+PUxZKpyvhNp6j3ccAChjSsz+A+wjywSiiQ4R0YYUUWrKEpjRtWcAwwyjZpPBjHZZgVVCUd42w5BlUiQrVaqSSdUqem1VAYCCEjVkm7nFarc675JYLWXVYGsC8505T/eur+87iwAW6/LAZKONUwyAcW22lrGaUQhbkWoko0gpHo/PPD0TacBAjGZpyMKBoEitIhQE2G3RumlMwAjBZmOqUFWVqpjFsCoGsjUIwBApC6gKNhgZ57Xh34S4NMm7XT+/Y5KOlYIUqjsBod5CxpXHsxiEtAVKQyi6aKPm8XgbspAJqAywDEKNEoFiapXVQhAltUSaLFPBNSwmpZkGmLEZVxbwZMaJmTGOSSZFqYqVqEVmHyabcSK4nR18i71jqSkWinhorh0AHAGjWsxeAtuIhSJKCYQiYbAQMWQakxljwga2LqUolYoCE1GLLMgK0xpNExjTVsi2NtPly3G1mQbwGtRjs0apEDRBi1ZAmG2LJjsc8m8ALGyc/regYgS0U611SVa3mI4rTD7LMi0KCxdKxWoAAhDRhJVZMMyZGcPcbBUIQAiyViCh1bRMFkGwFotVwwpg03RzdVgAbkk5LZMULYFbiYDeSIDHDM95Bv+2y8z8b4Oa8Sj2reLRHBvk1lvKuIKPNQ2bIhkKohhIIqQJTNO0msa2WRobMRNRKBBtQKrQwMpMSAQLmrWY3SrbWI1pM4FtgIJVAIQBGkSKRCHCWVNIY3NHWF/5cXU6cyyQ48ewTOtuMHFbBTCyb20usiuhrBoACFkxJZKsBcsFY0DhVdyGCSsqUihKS9IkQqEoiKwFYNW9rxyVCBNNm5GUpGGtNhJD0x81hQJREjCklp1340hob/n3XYcyUTJ6dB41izpsvUBGls+SDYCzYHSkHqtJiwxiBmERNtTAtjFoA0WYi1I1NARUW0iBhGpo7TA1gzTAgDEbg3FghmNgC0KFikxYiYJgCQYD+TdAdZiQ//jZ8/9pi4+lsj1aWZUQIb8KShhZW9O0MiDa2SWQXUCbrDKzrJYJtlWzkdlsDIBCVVCTUkWtJFMwC6sgKxKg2XTxl1tkwFBgVp5incohItjabki2kklaTa4FGswJR4iVCYQj/8Gv/ldrMQF0512FQJvGthYAI9udNcKIUIVKgcoAaRMmawwjWJU0xaAhMqoJGwNZXoVSJNXKKlDAgNru604KAsBsDItIRVVSNhNNhYIaqRHTSbbC+JgxWQfWKpOFney3k2dc3UAoaNaWJY2p7FO3gLG9x2DbfJigqlSuQGoKQhhqqjBBNrJigyYMbEg2ZwhZTRILUyREZEHpCJOoV1UYAjCMiKhSZZWcNqpSCiERilZrswSgG84WZtoni24z0KKYoqG04fBOQ3XPapBhbHkWY8aE6lSlABQaE5CmsbUBClDMaktIthGjsTE3VsVWaxeSAaXKTJlVSqHwJBvY92xsmACViqJwKbFqojRREFnbIWMGkgdzgFh262QB3WozOKIQgSTtiWVnIx9f8gAdWw4kMoXkZYBCsWVLQ5BgYoItpWhllMUUrDGsQTOhlSJRpIqgElRbVFUvZR7htq1hYKYGSiCThN0ikiwVuwuhRVOywppMqwOr2y3YO3Dv5IWrRSA7UtfC8iKiP09PCR5HlmcbBKnuigJJwsLUVqnEqFBYjTFtbVVK0YTVMARsLWuQVYVUGawIkOL0m1rUtNxggiLYlAoVRqkKmCsdEEWIikg0QLBwrqsnLi+CFFUA0aVK0HRSF+uTXAdWKsrI2m3bxgyKrkoxZWRRIShAIYW5ig0at6YgEDaApTZCNNFCUolOiiilXpXkAAooCBlBDVAhYiFI1ZkKWAxZFxXGB7DbuRs2G8ml1eahViIAtdJ0hIcG63sWgwEiYGTv3mADRRXnpZqmCbUiaVKVJQqhJkwxQISc2boBpm11IBHI2SArhVCqsKJ3o6kAgDGEaJQK0YVDtCAVBE0S0Wr7YAFWTievzSOTqw+uNg/UOhK92jiTAsNp08yHGlhHVriZAapoQpEKxARAKQCFkq2qmqjChMnYFIiGbUldhlhVUVJjIlVN00IdpYrAYDAb0FalUKop6FSoUWl2EKoKMpnVMLcDpMhsoSuX6ewNt94AiN7ZDP1KTJuXy42tQkYWthy2YZM3gmgpYEIBCrYWawJByhZYCsLcZCbSzCSlgOYUTS5SBUQDahsdG5kACGBWlYQCViuoVqR2oaAitWLXNCdzW7vvQKzp1pHVOfs+01mvBEMnKJun3dn10j5nWYDAseXmABul1IBdgKhCiHcENSkYGKAJZQIFSGxzg4rqKBAQgCIRocVgRDJVIhgliCwRRL1JpKJRJCSKSmtZCJFZTnSh1MXpy0s4XLcdUB0AlDBsrhzJRu/wnKOujGjHlmPChFqgrAQxQaCkABg1qspQYIQ5sxW1LVIWtgIKFonIHLmUUurMdnMzbo5tOBYbrUyoBGllEaEUJ5lS0kQW61ZNwtZknNgFYOHMlXuPSrfdOAJA0KTYHs7TzWE+s2oFPI4tD5vJjF1AEUOrWkBQJhWqVFvYFAVsFTGgpLYom7YSqCiNFkVSCMBmws0Y2JxWqyFmA7Uj4hRQvBURqhEVKlGoZCxltpzo4hC2J+7nH2H6iTAraANRt7McHuSz63sOOh0IoIwtNwcDWm6qwUoCEAhQpICQIAEFEAggS8q05RQpBSqkJiCatsaxDbQZm9UwqxVArVgUSFFJWbbLSKio3ij1TK0QaJwAAABS6yaJ1+uesvuprGysV6owaws75LHt06PHlgUBMLa3nCaaQ5atFICJEuCoFFRpMUkCaEVQNWWhWMJlqoNpKqUoUjAFgNnabAwZmNlkIwBmUgRGMklEoIpSBWhdJKJp7BQAACjDyYV32b9e19Zuv8WrV3ekAtq4Cqfi6S/PAesROrbEzWEhdhNpgwCYSkGtBkIaAFlCwFaZLJtsKUNsqkopBZTIwjpFpdps1JgNs6zGNCozAFgrJBUSKqkSzyJrVpTF2+ywwyJ3AABArIvHfDh/5cy+YvZnsceArSBwZ2Vx3Sfdve3jvYwyoB1bcDg3bWazGimqGACIKunVFgYGmUEABAQlGIQJhK5aWcSJQKmRUbi5bWNhRjYgVpMiImKqATmKHJZVrbRaCVHWisDk5LhUmL3YfX/+vD37/8bXy+flQlbUSHOA1cccufr0alfRk9FlPABbQQoTVUCVhIhiQ61AJJYKTNOKVLVigwggM6ZExuUy6r0Sqqe6tKqiwoqgGmMAKKx2KZGlKqsuuEpFiipdZSwTw3wBACR0unz85rH3c9mZ+KfQv3q+OEC1xHZ5dVG3dtfuf61AAIwvwxZiC0QiVqqmAoJxyyQ2TVO1YFkZIWs1spVZx6ZVWY2poulNUlG1UnqpsEspCQiMMqs0vYgyWKnKpVQqopIaopQIm1igeAAAqVx67Nn7b2uz5E1caZhSnXqZrNTz7iThcW//8Lu8oI4u8WwDG5pITdESWoEMogLFtlDCKEMTEaxnq5oag1QYpMmskEspVYLWC1AR6nT4TcmVlKUgq0kWJa8jJBeAV6qqs4QtsPEFAK2S3+6pr//x7vwW/Xk434vvNNqIU5vtWxf4uHI1e/6kOxEdXTCWMqwjr78KLWognVlB1QhqEiK1iV2FQJBiDRJggpkmqEF1qaFIEym1S45JgVrQVJUgKCsogkqvU4RlRZUwVYmBMEf5ACgcvHrL1/78IJP9TV1Pvv3cn2/6wgBNXt1cs5rcLPfulpfYAEaYB7YGHRSNFJSETJAAxlaQTEA12QgTESmzUkPGYU6GWoUqtVLrVt8CnVZlVYe0AkEAAVkg6U5BQBSkBCKrYkjCKAaa5cn5++/9fF3hN+2r1XJhx2PBWvbKuHHxoO7U3/9vFkUAAAC4cePmMOKtETfxMIx4fNaW0Q+UKEAVKGXKIBBJsUBTWWVEqxUBK2UAYDqwmpAjJCOoqqQoVdWiVEpBEJmSUxOFLkVLV5kIUEVVCoJpho3J9WPv1JmTH/5+6Yvfrj1WgOIF1oG22hPL1dmOh5/8qf9oDkjcuIEC/vvjSQCbvWEs3SC1QhCqGZIpKZKilIAArEBYgVYnYIJZDdCECYBKQbJr1UWTeEyFRWGTUKstVIpSJAQFQkDpkGQXMFM2Zp6vz/vHv/kf4f6vf/xI8/iVjVQBVC+WKqTJ+W/wO/t5bc4v/VcPr3cdAP+DY8QzEOOFaDoiogBBgQ6FoQPNEDUKmDCNSQBaYYHBioAJFAmVSvSWgkspVT0jWvWoqbWrlABAwDLRDmFZpwpJBYBNrJkzf/N3/v39F//nrz779OfPQmXDikKkydPNvm5+PxeXMj7+7ds3/vfbU394mfxnjPprit/HNcYAnNkEUEUjQUg2qWIAIK2gQiGmoYyoWK0DsKLVORSDCBWGVhYjrK48wGa12jLWylQKihSwjNWWrGROBaCIaKUKqBFSpwznf/P90r/Ng//5HvdaYmBba8ywrbJ78FTnSTtP+rJb19v7Xq80L6PFfOL3KBjx1jM0bjCQklJhLqVqJSuhJlFmSYQ0IQirsQWsMBSSlBWqFdA6iVlhdSJaWSAbmliXaCnANKjHazViohSZwhRqWgThgtaB4vRv/vm5+O//n+bqq7Lr1Ar3DjVf6rontEw237Lpfdm7t+c/zurdSvtx4I9WowfhGAtYgRARowJVJIJAaSIiUwAYYAWsABqyY7DKCIABiJaU1oFS1K2YBRRYEEARgEmByjrVakCTAF5gCRCb6uOuF12rVavOAmrYfvQJ8UQyyN/NPvxgeJ0nk+YZE8BAjBhAACPGKX4/gBziAcAAK6cSgaMJpKAYgYBMSiSQARABFojWYZliYxYDa3A0hzkqlBi9oKosWsICSAC07KZR3qmtdvcSRakMoQCIo4NTr9NXm9YPXOoxw7KspP26wCvlubjQb65klnsO91RrAQKK3y/dxCcACJ6hA8ZWZIAJgRBAjWSS1kqtwmKWIhDFqhCmCihYTYRphWUCrYyaVpNYKxCQJtVVoCwBFUoxkXrp1oGQrqVJUgC6ABfphlKkpNnmsPacRzvd5Pff5q6PrJt6+Zfjfozq0aNHj5+Lyz0hBuJxiNnJEqpcXWpUQRmkDKrEkBqJVKKBn1GBQBgxtxpsmlagaUy3TctpzEFO3tTYqFAhpCLKWy9vykNWHUlFVAORkMhcAACA1a6U4uPOnEev3Hy58Hng/fuZ+936cv7+8/MH171rfRTWgwcPoKDAABAYiAEg6BCnKwExEKdjfHUwTjBwOqVCBaVIFSkS0rhAbGWbK8CECWMak5FpNWC2TmYyc9NquprWbW6+Oh1bqzFZy2QYUS2qZy8vpZJSic4hVSMSqt5ERgtwcCGsO2vn3PSrc/tKuP5/eL7tPHjM7ir3T2b/prt/PaYEAMCDLW2J28AUl4EAALrEBYxAABAHwRN0P20FQQVNUGpQKIDQCgkgRSq2BmXbrVagxcigGyxmZaZpbB0Dp9PptLq1mTYbHF7TasUCagWrEDJIWUEJIBJRKYBbVEOVx/9hbvnhl8jqJ898uOfOm1/zsHP/By/f75wLhFjw4NHFxeUkQIwLAArEQAAEAIFbQlye4W4rALIsybBFQYHKQCEGa1NoUwYRwwCBsGaWGWxEBgQoYLIUbZEhwtjaGhgWrSZcTZNtBbXFqBAcKZKUKgsogGC0IU99uPPlM8CS7N2S71z98DyyuD7tqI5dNjOcE94NXEUI1wBAAOICVsbFPAE3m20GM8aCAaYwSRRGIZYomkQBNCgZYDIYZi3tbBgBIiAlKglsU5syjABDS0xjbMbqOmvlVaZpQrLEqaHQ6AYAoK1JfFq/zMWDwzuTi3rd+9P7ywqgAq6zbLq5RjqMQADAEpIwLhmBAAQAaCJ4iAaEISyABbQVRU2Z2ggm0AQzA0YFCAEiaQkQDAFJUElIJWWXSwVNFiNQWpk5gwnT2IzNiibMqUKTxFgAQbUlobcPf/fZPijDHfi3Z4+u6o6IC8AjzgHQQAQkACCAwCoQSLjNCCDclmewzFwTYcAyrMAmJoWhipoqgIgNGFSWAcawKdhE1tQwBOUiEdWldopSUI2A0SAwWimsjMHYMtbWaZJpTKFWNBYBgKIxaM3s4k/K30l33/Q2KqYoHgGsbMoAAQIAAQhI4BgIAEg3AAIEGRcBYIDxxTVtAoYZgUmBhIKxSlGYiiG1ZUZFWCjRWlJICjADMVtshdJSpXhKQlnVCWVZIKwsJdEIBATIdLu5aWtMaRoDgLq4aLw8fldaD5q3ETDxiAIBBQIIgRAACIAABBAHBM7pDgECBAAVPMMoqRo2AxyGFADIFGWiQi8qKFVQUEtVllSGAWbGrMyoRqkGNgO7KDWiAkLCyCIAAkUNISpQwRYGoykcDx6duJjGl554AEUDAQAAEBQQkBCjAAgQABWQuCBOSHdAMKAAJM/APW0NBjDWwMJowlJAscq2CIgqpkJkRqOWRAsAjIUItMGEaVqmlbUSFSpAEgQkEQnKXIEuVTpdiRZMsqjJQnVxYcGmJhDAv00KgAVGFAiNACBAgArEBQEgxntXAVI8gx0QJlh2IgsAHSqYapiKAq0zmzG2Ddk0ahgkc7Y2g6FqYIUuqggzQpvYXFGAYlEQIDACouIljqjlwDJXm6RMDOjBFYgRAAAAUCGAf621NAsABRACQIKABogL4jJSvFNAKCh4hm6qEQqRRBCAAiRKJRIzLMFixrIZCwG02gWDyQpUNMXAMs7osrtmtQ4kJC2oRAH6AcJtScft3e6qaLidJVMNjGLZDQIGMYRrCG6HAUAAMPB+sNkbExgmjAmA+fp2MBmiUkBUTlaBmCMAlQAyksJiFswWs1qtcLOiwU4TaAKZajVTo4QyDIWwIlFQCiJ/FJowtlYotGAqisY2MDcwJjhaABQFAIY3GRCIQ7lg4N0J9/L19QxrAgglIVoFDDSCgQChBEOIiQq1YMXGwVZYjdWtMSki1K2MlVGo2AUDjAmTzaoRMGRCmKnZi2S1MCXCiloww4aJ4FaEAMRqALMBjMt1msblGgPxDsBuHqCbASMmKkIQjAAFyFBpAJVSM1pMJYQVO8i2GgaYTreqMVwcI4AUU0FDkaLVpGg1R1AoQkQT4LY1oYBq09LJzIDHcB6Bq0aAGjUNYHg7u8PAcdzcj69vA2uVlhRqJ4FhDmpqZASRmGFJAsVEh7lAYVndYDphbpzMtGu35TjbhU5UD5VZElNDwCoBUGhgKNIkc1sTUSnqVGjMbNjtbkQAAIGAGIcBcwPEDRARwAefeoAOJh0iUNIkkCUKDUAKDAsEC4DFJphgm1ZmHGNarXCs6Gx3Z2eX7GxjmjeP6m1RUSKVElakGggTC6XAmrsSVaYNCgAYN2BhBEYAVOBKACyAMGK8gXGHAWBKn4mvz4w1SKRIFCABgUElZcPYDMACLZAKCma1AcZkjcuYrkDLSnXNJUWrq6l0RXqlogJasEgpTEQJSwGmIs5S67woU2hxWxYwnKk5iB7DORB3Gd6egEB6D4ivzgEMoVShRQoLCEBQhWFUYAENmOVp3QYrsxzTFlanW2M6jt2ZKmYwuxazmAXTagLUipSCEWqMAKQQK1JzQ7pkVZaxNvYQAI8AkBhAVOCqsQMGIBcCJsQbxwO98eVbDiwxcUlUCCZa90bNiUCsGYYCEu2H1DUoEgNMq1Qp6XKlROjaPZomWtjGm7cJYxyTMTC0UoVCVlUKUlzlqNVTMjlKtgGb5yFiOgnACKIUAAiwwdGGc+DdCTEADIZxkAfgsABFslKkqCUKCgMYRmHDNqJWC1NJxsRIAPNKuuLVm1dV52Xdt4geFUgNrCtkjJkmGCiWkXQMIDCCW0peqlVXFxTM4tgAoHIAQASAYQAw+HQg3sCEMQAwgA08QvHgsQUsVg2CSWgWSNDoKiI1QocAmQGMSS2DTaiCoFR1Ou1SagVX17JCUlStDH7NREpXU0qVkUKtlJBdXamgdAWwfeAGoNCdCAAQMGAsQAQIhAICAOQUhwkYeDe+OnhwwoCCQqwgrZWagJUISBIJiFQOaQGNMdZNK6MIK1mtLitU1bLOqlCpiurKMgyYWQC4CmkQh3TRQAl0q6oOFY2ZceYRABQQAVPBLQEBESAMCGcCEAcAgcB1gA0Agq9fPNtNoBMxREQBWRFkZTACVIZSjRIorGAwbZahuqRSVYVEV1CkRKWEAkUGgGUjAKSSgtlQQqVc47RKqpJSwQbjdpkEjCEQAoDh96iAIIyQwwCAcbgfXx8c7lYGaldSFCQUBAArGNnEICApJCxm7GyI0YCqKqF1laKAqlSXEiEiKSuzMljH/lBFCaBUoqmi1SNBKphlnBQA4pQEBPdxKAYUqIDANS6BCZjeEkR8dUYcHtoAA8mIAksorGJVQSBGIdWpUKlSi5lAmFCZ3UEpKKr7VFclJkCSGCnKYKYJBKPRQoUUKkMUY1EKSVbWxCzZ2e5dCq6Cq9xcLcAAgQAAAuIUQOA8AAwg8OXLTp4mkEZN0YTsgAomERBAg0AphoRCyFjNFhW7I1Iq4Qq7VKeiVR0DFBljBhiDCIBUE6KaIiqbIau5RREtCoMxh7sLBACRwACQmwAMUABCKEQQmkME0iUABIDAM3Tb05EBohAEQQICky0AojaEVazMyqCrglJElGSsSFYQdUwrRdQg2pQoRStQCx5jrRJASWmAaTJS4jwehGJhTB4MXa5sAAUMAAFgAxBgMxgbuJ0G7gkADQAwwPQExOH/ltW0mgZjBhNWKggLYKatDJNMoGUzTQBQ1JCjBI3hbqhKkXSREBRBjCywLMJspohypCJhKlMhkCrYVVZlZTNsd24wAAgAyvICgjNhAHoMmPBG4EgIHAPnwDPc/1uNcQMcp10o66JapOraUnNVNk3Wqm0aiAkoEIRCIYIalVKYVQqoCCEYYfAnB4IqRCZJJlRcKOW8XR0RkdW0Kw9ugrcDBEYADxggABAwAAgQAAgQACEuAMxlPAT/amMmLNMEBgAiUFRTJiZW0bIattWKKalZE1RGG7UoOqa0WoECS7JsgSogGIYMLGqoZS20UqJM1ODinFSUWlWTATxxw2cAAsBwHADDABRAkUZJKSEIARACgIsACDzE/b8fDNuZAS43UxJWJkwFShFo0mgSS2BU2QJoWqllSmpJShHUklSpiKAygkgKwSBDRCUBLQAlVAiJkgVFTQP+H+QzogACAAYEDIEhhFJCUq8CEHh34DrwFPt3PftxGeYAY6vhMFKEClBBEwSEaRgskwJAZiqlVNWk8KIoSDkk5k2EAmwNVnYcRwIiV5CoItKJdxRq3+6cughWAPMfeJMOV4oAASgAUqWC6CWgCkKAECCKABAAIgJPUfw7T9iqu6dlMmMJtUqCAQXQKDBlWk0rmgZkopqEqqpF1DFUce3XEiapDAHsotUwlpkAg8S1LFISggBh1xytW61SUgPd9s97QwlGhAEDATAADEMCgktpqAhCgBAgBACI4FkaF//x8W+7mAxmJXIhQicp0BITUxhEZItpY0SFmiYXiDaKEk60aqxKVEXcSggEwbDQ0K9QCyAZUEVF2bVLzV2SUlB7Pn8NPAATI4Vrw4B1rw0QADMQSlAklFcSUcYRAoQAMAQA4lHAxaMf37DXNa6KCxkykZAEHAQyaA0LKC6TMtJabMN4ZCKlKpVQoRQBlTAEpUNDpQAGGgALAgBSUDBXIIIRF4mozV7ePv33AguYwKCADRAMmMsywFiSUSqUUqAakRCEAAgBAAVPVDr2RT/e1ri4KFECly2RWu0GwKhFEQHTCmNs1sbYhp3V2kKDFtVlVsohkg1aqwoSpARSYPBLA7QJKUSZEAbWVKqVK3HzztvHswSMEVMbjCiwAQRkMFZIqoJeAipQBEAIUOAqABDxOICe/fj6eoGLymQqYlIC0mDAojCY4GIhtczVYkQMlgUCBaUmFMuALCEE7JSYIpqGDTOeDdDAZAZUQxcCUZRKChVn9snzxhwTMHANARwaJrzMkHlUKlICVAQFAQFQABghABB4oi6vR77g9TWyfHQEIFqLIK0IBApJE40JGAkEAWZYQVFSoFEUQkmQSIaJCBZqNWssEjBbBltFijEK8C6FgCQkrrfmw2c0yIQ3w2gwEUk9gguoQGKJEAAhAGAJAAg81dfneUsvTBNghbSTUrNSbyUQUjMpUJnMENCydtugZbwalepaoapCwSGqBKSSGKWRiGQY2DIGADpSVsEmlUohr1orUD5ab+gEY3BrIIg2RImgJ0aSEoJYGgEKXBUABJ6rS0/3+mq9tgaT0VyhkRaWBBpkZgNJaIWBtCJGE659bSxMRFU6Ui6TikiCAKJS1MCYitgYYyBjoGSwIpRK5eJKLZdK8XveZdRUcD9l5rWVKMgioRAiEQIgBK4K18CjdenP+Zq91Golq5JUEUoD08UAC4HIyARFDANsufzjH1tTokoVENAlKAwggClKhQGYtrQFMIYJByoFKkVRkCuVn+u/yYtMgoGwOQAZmpchXg2BUIEUIyEAQuCqcA08XHHrs/aS2iDMRQKJYLkgAbQ2jMsYjHYyMMwMavnaVzcrJUFSkwlAhYkkKEiGAMGEATAISweIUlFypUivkuqVf/0PxwIB5kaxWdmLrEQgC8k4PEAIgBC4KhwDD5g1f8n81ryjCEnlSsWhAHZIGJOBwbQyEy2GDEBzWMFsewZgKYYogYBkAMywohkabAYMkZlABMQw4IKUBQSiF+uHHz/t4wJMgk28FSmlQpEKBcUgJAAUOCpcAw853H9se5mcJJVKQYIILpkxATStPAbT0UuSAEaNVZS7lszy/S9CUKkoSLUADQxZlgEAA5ipx8BYhIYxEKVyB0NNL9cvP37WrtiECa+taqUqErEXQhAFYiQCAkeFY+ApMx5/fygXNClIAZUCWozCVihIrFYTJbMgTYMeyI3F2J+B/WGQJgUFZZYxBsgKTIAFZpDBYAxIlER8yl0KEq+XvX77fX333Aa2UnlNeqFSpqzXCEgAkBA4K1zj8qj9Jp6SuxREAGFdwrqkABCm1UhYDA4wa3IJICb+z8X+2CiUQqGZMQzGMoBhgAFsZqY8AB1hmFwpQsLFC3756/vFN28Prl5D8VJJiQoSSyAgAIoROCpcA8876v/O/9/6XXcRSoci0xIACTB0ZXIwy2aaNmZF68Y0YZDgD0/lKBAlssYADVo2uCoSkGwsEySdglSKSu3K8bsf+92v6lZVLxIKJcQUhABiIgSOCsfAIydM/+t3/avNH+MXtlwkQChDgqqFiVo52wppghjQMuO4HIVQ3pQlEq7KAIwogQSwoIEBMGGsDYMIB2Wh+fSb/+xvfum3f+yXqRoVRBkICGIJf9sUoHAOPHdfrz/3+gv1s74oFK2MCloSBANorZqWmGk1rbYYNZviYfEgQdR1h4qIGQuMWgAGAAMyXkZgUizgYTz5tc//uL/7Q3/5x/MCpMAUoIzwSTUC58CDT+VX8y97/7n5Y012EWFSKZllRQtWIJoAMitr2muYx0EMDySdIjQY848NFgC2AIwBGfxq3TAWa5yv53/1p3/b7/+uXz+dawYJSIHzpNCmAIwAgIFA4OFzSv9/80+8/qX7w8bD41C5WAAyC0DEUcKMeFPOzBYwYaQYhgeLMQ5vI349Z16858thWIhBLjYAFjCUopKE4iRAm/HnSR9fG39+rT1HIgQBKPw+T0Dg+ROrr/X/b/9Dr3/i9dri4fHLx3Els0xKDYw4jDUTOXvuTilWZpZi2CxgeHh4zzh8+XKY4GJcDMvFIAArUUmOSswIz0x2duomhgUWjLLA73EAGC+AASDwPSS5Dp3/7+Pvef+D+/rf3q/9Qjzz1UBqaiok4hI1ajn3urVxCcPGm8PwluGNcRjHwSDFcjG8EAMAGAjEEEOm4/vO+fX3nYKtRYimAArgv/QSADAC30cOWe657/EP8Q/c/6D3r96/un7dw44Jpla8jGISZpyaueWa8DAMm1veHJ4gamaGzQWgGEYBgTQdK9V32Cz3eFvbx9tv57c8O40mjoD/6gEEvqHe8dFzuo93j398+XvnP/T+q/En+rt8OihNBJals5g9LmueDMObk+/mS2PmkcFxFAAwbMAgFl+Q783Lxy9+7eSDX3e/ro/TzogjBXDcToGXWZ+e7vP1/qO+/oKvv7zXX9r7L7T/hL+VH7nLXRTRhRm+CBsb4/Cds7/zDaiE91wMMC5eDGu+n998/PIXf9XneHs+n/wqH3ePTy0zqASO69OZrCxmfty/e/+x1x97/Yn3H7l+d/++/Vv+xMWhIDCuADoeBmjBi3Hx+M5vfPmN7/Ktv7Zej3ny1Md55sw6SkQl8P/5FIBXJsqwwNof94/7x/2b68f9s/s3+2Nu0+bsi80SDJGsklefvH79Xzq3vg497NTBUUfrBUrkFkrgl8ElTFBDYTCWaSwfsMkI0lv0oJRCMGYYEwv8p+NghAAQhCMbAAYDBX76/6f/f/r/p///n8U=', '2025-11-30 16:07:11', 1);
INSERT INTO `items` (`item_id`, `category_id`, `name`, `description`, `price`, `station`, `status`, `image`, `created_at`, `is_customizable`) VALUES
(5, 1, 'Cappucino', NULL, 250.00, 'barista', 'available', 'data:image/jpeg;base64,/9j/4AAQSkZJRgABAQAAAQABAAD/2wCEAAoKCgoLCgwNDQwQEQ8REBgWFBQWGCQaHBocGiQ2IigiIigiNjA6LywvOjBWRDw8RFZkVE9UZHlsbHmYkZjHx/8BCgoKCgsKDA0NDBARDxEQGBYUFBYYJBocGhwaJDYiKCIiKCI2MDovLC86MFZEPDxEVmRUT1RkeWxseZiRmMfH///CABEIA+gDIAMBIgACEQEDEQH/xAA0AAACAwEBAQEAAAAAAAAAAAACAwABBAUGBwgBAQEBAQEBAQAAAAAAAAAAAAABAgMEBQb/2gAMAwEAAhADEAAAAO6TJ2kMr1mgYAqMHNY3MyiERNBKZrNiQlyqU2oahA2C7KpSqXA1eCXdfgMNn04vK+lpkugBJaWec860DDM8KooX56vTk2azQMsyutatsSRlJvUiHBmrFzFyHpggXpM2TTgxrk8H0XPxfG8z3mCPI0xcN04tNKpqxff4EPYeU646nG7d+m6869Jn3enjosWyhTwxrIvovlwHvhzU9bJnXFw9pWN8zpO09MX0czNZYtpJlo65dVllZLqXZWDCuVDTCKqWEeQ6dQVGglN1BCeAT1fP+W5sa+1dr4h9J1PWDUsvxnrPnMvh13XDfa+kfMvRds/Ub4+zediU3K21lFsIpYLYqqfSLZJYNFYNMliHCcoU2qXJYUtKaBWwoDpcuHrJzfP4u557Nj+ftzfM+S+pcqvn59/k4LRVVY3Id0uR0tTu9cu97fPn6k2yrc90qGGeagNlZuVpDYCmjSUb1mNrboWW6Ek8YxISzj1ymZU0qCxpAwYpSVmgbBF9RLYNVExMfyX6t8rxePNuPF1eo8n0euPqjPIdPU6Piuj5/l042e5it38vd1x9F73G6/fm80tU3Z3YuoqHOiuQYFZZdsSzUvPXzGz6Do+FacX7qfyr22p2MnhfIy/U9fxLRL+gG/Nff7zpu1Q2hupmdxZfH+F0YOV1+j8l1JfY3w9ddPi8nknQvH6CvMj0+ZlGBUe+9v8ANfpXt8+1iTRpKtdRofnVwRiwkqlutAKUtQmCYwQSlS+f01m8/XoLutyZ9KxmiprIidKmXJdEhCCJcg4m8HN2+C9Txc3y2V6IkvdrPZ6ytNcjm9vFy6+ZnWLpzv1c9L6uNsKpSfn1SzTbsbl1csIYgpNMrjUFmD4z9o+a5vlJc52uxymbz2/Oe88kuGSYr/pPy/1nXH1msbOuXBjyy9XkZUc9/Nkei8vy1NmOJ2d3mezuccZMXZ0eY3vjp+d6WhOLOv3E0e75/T782pcCxiSzdGjK+XTQHAKddLbayJJmNrK6lBimaya7DWeXm0N4dV606KVGMsAdCtShJUSKvOnHnbVpmaK5fRTi8TJ38MeWw+wPU8/0e2/0cucfSLN46fSFjflHd9kJ3s1aZb0zNCyXLoNLdQ5KAEZFJZlipmDN0c0cZyfOe2znhNXrMg3nJXvPER7FKef+iI9P0xqgVorm9DnY14jk9ny/DfT5oyW5ZD+rzuvueckHFkksZ6TzHqe/PvdbL0vX59WtW7ltA6pNZXvPOlPhy1CGQKWNrlGwU6xClVBBF2FBlnJlY/N36Uw6KdGLTSKD0BBZcXVu4+utaLbXKdtKzmj0ORGbB4nmYfVen8i9Xt7m1dHrjPWspUss4S8oWdnKpOxMvNIpm6yo95mPX4ZT5/zweb6Lo+Ysl+p6vlHRPovK3eJjoaPDPPft4PqdOYv0ss5+rZp7Z5PSdaHl6Gazn4+llxrkeW9tz8a+cV6rkZcyb3bwHbe+3zPK9F57lqpRS6PUcr0nfn6TeGb0cd1/MePx6/dHfKfeV2yS0ZYlFjdWAJkLZdF0dyrFqxcu9QVsqznLvP5u73pZTQW5FPVdNzvKzFk6a4x7pKODQfjPUcCX5iG3Hw6q0ImuftPf/FPovfHrxxt1ndWU5dpZ9BCGs6MlsgFuQtmghnz/ANtypfi89V5nBUuQdh2N59L436H5CuCFzlrZ6Xxzuk+yO8/3+uB2Zj1NZ4dCMyvzZ1lxdDJjfNxdhFnFfrZZU2u78+bXayct+e8h7vzHHfndCOjJ0fb4e97eG3x3rfOR8xB6vD6Wep8jo3Ps3f8AlHs+/P01+N5ms/RK8515dJKYGzOqXcNlmrEqspb85VrDWQTprG0tu5cd6alGGNSDLI0GJSyiqz6cMubE/Hz15zyfvOLh5qdbbqcb6Pl7/o5aWLZRAdhbcuuVtSY1dWJeZ2aVa5mlXmmTFnH0pME6OveeLs04umNebPilRzev008h1PY9eweiubh3ULkNI2NzrIjeE1zQ6RRzL6V7nPHdxzheRTh83VxZjzdHr/I6u3P6XXE09+XRXyceNM8d7XVnXzSet4PLWPQ5AlUvGu19G+Seo7Y+o6eRv7c9iwuXZWa8acaaUhxkhY3c/U6w1cUQEtyCHQlFCdEOqolEMJzbaXm4O5mxfN4vTrl4HV3bumcnQa/eMR7Jm53NhZAUpSEDV0Dm2KOeranOsGbrojij173nhO7ErnD1gTjZPScvOud0OQuvW7vJ9veetRtjOYUjHZG51ooq3kE6JmoaRCAZmoeP1OVjXzLn+n89w6JlRLIKPU9f5/q6Y9vzE9Jrm6+f52Poej51NT675Hou3PmUIfPu+nzG9M/Xu5570Ho4rOFKRZrzrdFXnWZerFK/ECzsWN7zLqFyiDgSJVwGVS3dHYNlAVaUwoNRrmY4gCYMFS21BpcGIsCK5YQEQqmVYheijPHEZh1hZnTsCsxPGXl/MPX/ADXju5V87Ohz5X1hPzdO529nlTxv6x6X477Prz9tOJr6Y3zMQfneB4Hnv3SvD9TOvZv8Z6IZzfQ4jzuP1pWeDX0+Py3UuJ0Ot5ns9cbPNex81z6ZK0Kjter+edfUXx/Sv3jyff7/AGumOxu5PT1l2cs028ydCY9kvMwd7nY3z90YaYIbw6xOquiKqSAFli7bVCZElSiLoTpZy4FkkppOpVMIbKhWEy3xnHcONYz0p56o1XnTYuQdDdkW1lmJPUPeeJXcX0nzr5d+gvn2b8+DpqxvBe/ps8RPr/Ky2iSadE3rL38+7PR+w+WP3ndySrluXXR1nD70vSejlkwejyr5euzl575vm/a8znvx6/W2nlfZ4H9M7vGei5eby0682NhtxWnY9J4bf1z9I6Pzv1vo49bfzuli3DLG3aczpXCqkLGypTz65plEzsCWCSxNYYwljZUuFkBgwgS2jQUEyXLllOfLj0Oy+fpsmAvL3Ytx8t5D1zOk08rFRhbygmyBu5qBDpQFliCcSLbQbw3k9KdM+F8d9uvvy/P3J+5eJ0+ct9PoTj7e2fSeDR7lXLXiZ7jNXlHdzobx5v1enp9ubuln32Ve2Y3zs/YTnXm+d63LnXlp6TJi8dzOPLo5/DzR72eF3abvLe08fkFE4TtUGp7T3Hzb6Z255pgdx6djfzh3Og7j9aIcVqEmEIg1qMqUUdMKuRCWUBhKVhCSBCKqhBFEW6XNrDJ5O23GR+H1ZntZz6KaZdeYlZdMCVlvCm3NZCygMKxcZRmMG8eoC6rFmQUJLnPb4tnXmtWkZVacY89r8t7HV7PN8tP3nmu2ORfT0bnKLfLOX09OyzJofYJGcqyO7Fr0gJFy1DH0Ajxfzj6j8o46qSSySD/VeO9XuczB7R+8+C2/RtvTnyupVS31cj5pyWZC+pxejy30F5DrYjRl1Fld7yQXYNyIUKirAi1nFG2QC7EvS53HRZAb4PWprixqoZbyk2SxZ3esjDOwCZfbmuzuwId2Kh2Lh1AUVZ1QEvnuARcumUtRS4zYGaTEv7cwpk3nAvdl8fpdp5h7ynB6NP0fJwpytfTO5gvSoeMx+V8n5/Ovona+R9iPtOj5p7rpnTd55pq6y2K+S/VPOYvzuuzj5sU0aa5/Q6HU3OT1dHR6Rug9W8H0k6EXl1v49eO7aeNZemlmpcVrqA3JrIBY6jDAQjQ0YImgExQwZFslNB6pZ/Pu8h6fm+0HSWFZX35UUPeaKz6cwspuVcKypd1UuFS4DCAKXRS2jEl2DLgIskuePrntNsqSpd6gA0JcqNyPH6sm7EPDs/5X9dP6vz/J9LBq9HLRw9HImvmXP0ZuO4YWnQ9l889v2x9ByzJqHkYjOkY9LOWuTOo7Tjv7O7tz87t9C+zz2zpsXG7a1nOT8U0DrLNOnw5wVzuW+w7k7dTXzOkreRoS1AoWRTKujsSBW2hLpcF16Tw3WM9Hy/cR0fXFwq6YIhd0xCiu3JtyakKrobuRVyVLFUr4hxYFmNF8zbjRAledb1pLUig1c9xOjBXTsb7cJM2bn06VQumBExgVPHnrAjoZvB7M3TxLzrr+Y9Bp+p4PmOP6R4rrjwPnvVeW57DTmKB7nDlel53L6+8+t9R5L2/bGJPVDGuP1Nrqxv13rK2RuaFlUqyqWGErUxFH5tuErOdi7HJ49OgWDHZ3NHzP1fXHWuoVChS3CQ1sJJrjN0tF89q5cf8AJ980U2rKp6eBSmaySNddcIfc3nPokJY3ZcFcuLevn+f0dbJxT579BnHndMddXm9fn7ZO35Jfh93qL5+Hvx7juMgDvZuBnXs8uRnfh19PKz+jh6DGezv50tVLGVR6gidQkHL47Tnfl8frHpcw+e+5E6PrfO898g/QKt4/K1fdfk8vDbvbNYepxur1z7D0+Do9+LWKbNayBfPetfjH5vqdGPWMGq1mvK38hxr2/Z+d9dfrD/nfvt5dSrS+D28XLp57516jxPPWr6B4P0/XH0oGTpmXVpUOUGh/Vwz7CDGh5Wvm+H1huB/l7kyr9nmurLWTOi78pVjqZ9NTOgwbC59OL1mI57Tk3Y+XXRydnG4dr6nC6fLtkdzdWNs4Wwsa5B6OTw6+285t83b6LjDm5dPaq81u78Wdrw3q43ei5i/o+H0TuB0fZ495czodeLIDOmBo6gBOQjH0F8O3KXpz/N9+3p+f7Hs8uwln7vJMO6J8q8J+j/NdM/Hex3U9sdTUp+o01imb5ofl/P3Lq8z0fPXc+h/Jvcds+nTzcW+fgfLdjkebtq0c1p3/AKb5n0Xo568BiSsvOxry3nPQee4bL2nnPofbHrKCumXCLSdR2vnaKTGqUebN5oo3fJ+iTxPvxYVF6uAlTLCup253WeY1M+/i8e/WHl4uPTpzi4PN6U68nb8vpZzPSeU78U8wsPg93R52O83f0uHq641c7l5/Tx99wHYfD6628tms7qzRHa92LWfZecenWO12+F0fd43dbl9H2eSaxv1+UoN2XUgIHUYMnVxeL149OM/B6++3Ds+z8s6k3m5UM3m/Wr6Y8Ynuec65blDkng+fpzeXtfe4Gmu36jwXs+ue9hmTWfLcH1uHjvn/AEJHqO+BJhdMBj348a5GPtK4deTOtvpW15duRivZi32ybi3KmdSSgOZ0uH5PRNStHi9LyFvv8lFL6YEDMhjm1KefK59OnxupxeHbTG+c83o7HK6YzfDJB+H2GkkS8F+nFy6Bp2YzKqn26EZhl34zz0yxTrD9WHRZ6Qc2HNLr4/XdeXM9BxdPfh3tSHfY+TTZOvO7UdhDcQRIZV87Vy/B7LGw8Ps6HV8/3Pd430IfQ8LKCqOLiHwO4Wny/k/SPnVvkOX6Xh41mmnVGb6DwfXamLDv8Eek6fzz3tvpNc6fXGN2u83MDWZuUd1nMftlKtklX3ozEkklklkAwM/C6/K+b7tmpDkcdF7PLUsauUwWZ59QOWPV8nrw6Zq3jPwe2rh3vgbtfPfE43X834Pf6jm9PHGLmeh8svQRz+1jfnnXVRT1HRypDNpobNzLorr89MTo0SP9T5n0v1fmq1sr1+TYebT6vNJkZDpK6Yu6HNJRTGs3L7HO8PszCYeP0zr8jpduXTW1X2flypLmSQkkC876Al+H5PrniN3hb+np6YyN6Pls3ynKk83W/U+b+gdM+r353d8OtaM3YaTzptA6WGormSMOzJXLVyrJKsizCMGRo/M97dCNW8MsZ7fLazvNFtHqRRzUTm1jz6LRtvOuN0G3jXmFdbB876POrqNxvyODvZfH6uKjX07fN7r5m8auny9ONYWTL0k1a7zQDORr05A567fZxdD0+fN7Ty2/3+LuZs+r1eQelxuzZJA9HnOiqypdS1UHGl8zTzvn+0LIfJ6Ztw6957i2B9z5AyTWJJCSQkkC4nZK356foeB2zn8Z6Xg8t+KnU1Yub6dwvS+ri3SD7Ll3jduRUuyJhnIMHPfUvjdVPVyr56klF1ISrqOJRq+R9LXqyavRxYjRXr8wvzvIaSorq95EGVLkfndx6s5PYwHld8Z8v6fMPern0nFh8unnr7mPl1wr9DiMlaedmum3JKzB6bnWYj0a65mX0zuuOF6bm4N89vqvP+l9Xl43pJq9njYQl7fJM2mSypEACyeftsDJss5+DscXw+yxE/N3rZj2az2xKfc+QFXW8SSEkhKui5VrfkvWBqfMOT7bkacHf0dnXmG826gsEc6lijG9SWUU7LrKIapcciPXyTz9JJEkkWAYRykasfyPo7XZXdMbDQ33eWXJvIsqRdy9wROoBo1VZHjy6Y2Hp574eoH+b04VacjXPVmd873YR7PHxvPlLsY3zb6gxXO9Do9XDzZdLncegO6ubeeaHSycOnX9P5P0X1PnbtPm9Hfh2j52r1ed5EPXjcqVWPZk83ZG3m7/AD9mcrscvtz5sKvk/RLZj37x2BIfvfIqrrWJJCSSpUhJIQhkZvP+r5XScUtFduaVjpzpRlGjzNVLTAiNYBUMqxibpPWyTy9pdWSSEEhjLx+5wvm+7XoztzpujG7pz1WJe3ywSoswLUExhCksBZDjocBtmaHzOPWk2fm9K4ic+j/Kby8np896TDOfXun5b0HbjjcxtnN63M0G3HgDNT0Uduat6B9fl1V0F9+D2gHr8qdvNrl168iu/nvI3N5fRm6OHqct3g6GT18OOpyfi/VZ1Od1+3DcBh9v5Ukq5kkJVyqkhVyi5KLlEvn1djj9+ScXSw46aGY9moEtVNW6kCyzZ1NHOfnWiWfTHqpU8vW7Gy5UixuicTt8zyehZp1+b0AZDGhuPV6/M0Cno4iUz51rgl0xKkKlxcdPvj0yhcx0iX4Mbx9lZy487i5deI/dz/L6VbeZXHr2sO3zPp4dLEPb8vcuTuyZ0HZw7u/Ln9rnc/F9efnO99HwcL1XI6+88zqCHbjrrBs6c1YNGP5/s09FTfb5awbuLy3mq6+T9J/d4/e+h4qGT6nz5UiSSVKuiSQkkKkhJVh+e7+Pc4K230zy+kAcur6Mu3NUescNWi3LFWpuJ6ixLyd5JIkqFyUWoyzrhaFV8j6OolF0xGY5x6dF+DR9DyaIueji2plNqozU5nREefQ06E6wa+czj23cpiOPXosVp9Pnw5HYPF7OR1cmP5/u1ai0erhnfW/py8r2N/J59OeCuv4fXzO15rZrPa2Wj6Phfu5/U9Pnw6meRxv0PJ7hJphL9fk8/wBqafL6Sqw9nlrLtTz3wij/AIn1dvSUX2/k1JPRwkkJJKlXRJISpCSoSSFms180js8f0cheDLSW9Rdw4TDpbAoDLlnpZU8Xe5UJKskowCGpVcnv8vw+pOlLOHbKsw8XqPTiUnbPnH7vJ0wSz2+ZlrrrjQOXNz3uwdOLyepn3y5eT3ccvP03o59OCHczcO1c7Yvlvbg6nC6Z63C7iM6NS37x5foa8/l9Zubv7+es3T4nXl6EvFew7clNPiydpidPo4Vh0YeHXZszaPRyGrrWCVQ43gevpfP9jF3PsfMuSJJJUkokkJJRJIVJCVdEIYX5v1HF6Z5pXO2TJMzTobmo2nIhxXWby/B8Ny1+orqcOklQupRbVuFBdSlAZLx738f5PvIDnD0AL8/PbhzLxew3naPV5n7ee72efUGR/TGjFrxrJ0Q6ZBOlu8c7Ya1zVsyc9FEDz6HqxYs6rAhnzvodZyXezyavO9JGdZevsPtxSO8O/DxfrtlY157slimumAYevI867+Z7u5QK+r8/RSV4rs6XeT0u1zJ9LxPYtnXjUgqUAiR0lTHUKhDZVSWSSFSQkkDx65Xliq/RzuVa05RjGJqG8nf4g+foleL0fqGSWSqhcqSvkTZJRS1IKu5+0+WvPO1Yfl/RvM5HDsqBOezaGeNjsZazvX5zq5119XOb7fJvbyOh6+GuDPZ5THK/OiwO4Pn9CfTYF8eva5Wo/V5rVo50u5JlR1l6Wscp+wpQh315DaU89uy58ng9elStnn787uzT7vKnl6+N5+rTXs8fpd1wxfc+Tauaz3eTt1zizdoZZLs14OjnZypm3KlFBsoGS5z1qVYqSWSSEcli+aR0+b6OchBREkkJaM0uvHl5s14/je94fHf36pXHUlRbsbHINZZrKWSSwSoV0c7W3lvzqO1y/j/SwhpTw75tGeY3pZhfrLjRLNKiqzWWcbnr7vO9H6Hk6mJx+zy8Pcuvn+08DU8umqcy+e+g/nP78mXks7XIeO8dDbxp35dZPP0IGXov574fV3zvyU1eHty283nJ+Z72WWzy9y68w/b+Uzz/AEsvv8ePLgRHoW8FkvePiNl9R0/JdzO+nMBZu28jKfFxGxZWNGgq0stFSVZZBZl4noPMdsNlM3E53hLg53T5+NYuJ0MHLrzrfztZ/RNSuG5KkWQWWMiwhsMbog2NlWAmxK351ws/qON8v38cNiPB7FWYEoIOgDTmZ7NeTQzpjqb+Lr+h4nnZd+OPmdXB8725C2O49POdbeztjn5/RX25cEu6e88V3Xnfjk0UPq4GPOx+T0dlPC5/k9XayIf4vSLj7XXlm6SOR9z5OnNhb6uGxLM1z5LQOvnt/oMfp7Fvq5ZdWUDKEL1SXDe3MsPmrOyfK06zsNDYGjAljYzynr/HdcnYX0l0aoTz+lml4vL9KnOvNV6ET6RUrydblRaICJKgdQYZJKoSGgEhSpBHvwEP43X0ebv5OvR8n5nv5l6J5+2QdWeVZEZHZKrdeI7Oj0fO6PRx9MfmtXt8nbnGPpjrFxSl7M412diuOma7Wbih5O/Sy4q8/dgMLj1FG7odOfL62vD9Pw7+fzFfS8GkF30wUJdmqJ1y42dTdkrVJnVSQu6sqSFSrJVwrndGHltfR85XpNXF6eppEhxZYkO8x6fzHTKqGdZBpsq0aaM4axsRHts9BdV8/wBUkhLqySQJbFQ+DdSrBKBgUImAIkNCawjc/lWbufo0eftwVenR4vV54Ovj8npwjqXy6ZTcAojhV2ClYEllAoxhlFClCaNe8c9vS1enz8zcHJ9/j9BzeLPd5dKIO8wpNZYxbbGZdGSXZ0cHUjRpS/NOWMsqQu6slSA3VklQkoA+VqM8x3uJv27RLZhJIP8AJ+r8t0iCk6xlqGVlrZZVkTMhCnalTweuSUXdWSVA1GEG3NpBkGqohsEGAAJjSxMAAMKCrWNbgA7T/OyPSBwS576+bM7h1pWk+W8K+pM65I9gZcA68esv18eumO+flUd+Xr8Pm778unkTNQiVesttR2MIGWXLljTUVlgws3R0+f0TRoW7GpUhVXRd1ZKglxSjQvMo0Z0oNHU8/wBWXmqvZp1Skkq5B3lfU+T65W1U6Z0KoJp5o03IgVljYnblX4PVdSgoNkkgQEMJ3c7dViQkEhsGroATAATXQAxYAMXYtbV0pbVIsDXVDFhUsB0zyNFIg1NwJqKs0Ui7G0FhWJllR6hGJhkLLmQbo7BiNaLgujzt8dN2RuNmKhhtIXWpeYE0KzrrQvKs0KyJl056EDTfcrB3JcSSEurD8Z67x3XLWAfXLEmQumyBMGoNia9mVfg9V1IS6hdSEkkZ2Ck6gGNBRCDVjVAYoAGNAtixYMXYC2LsBTVUtbAFLYsASBIBhVVdEq4S6JKKrLuWWVFZZiyrYLLLOogyiLep6Pct1Kdn56d3R5zXm9gOVS9IOeqOirABsSvUuauvtOLfoyXi79dSVLolja3KhdiZm812+H3zTbLUSxbrLohCuyRJ3Z1rG/n+u5VklWSSiXUBx7s0a3c3pi6MKCiEESGgE1oIGFLWwLFrYulratFqaulAYIsGAo1IlUVWDLhRSyFRJChEKXVnR2EYmXJVUdMSPE7HPQ9MPA7/ACMtNh0prAfd2nndncM5mvTJakiyVCSCXUhKkSSQkkW2qaeczFXp50tJZ3WpbNZZQVY6pEamonWPO75/sOSElQuVCSoWs6jF0sQHXWUpYMAAGAgCQ0AGAAMXYoGqpa2BSlsBFLaulgYINXEqXKqXYJSyFLSyoiFCqzoyyhWVV2lso7LOjsMwiO3Z9UNNdTTKVcOJZKyBFIZUXKhdSElSrqVFyVVyrCBvL047qr0cyCSVLqHOgOFcxhHYhsqtrs2j53rYQWS6hcqEkoljAcuzPD93F7QKnhSQYCLBgUsGAABhSwYuxS3LpK2giQatFCwaWLBqpdg3doJWSCVkSyKqKzKOMSoYWS4RbBKyzG7Let6OamxtJGHszsXSaGStgXKVQQoMUqqFyoXKhcqF2JjfMd/zPbJOz1uONNoaXLUDjwGItNAAdOdlZ8316yQ2juoSSEkhBuEG4ZqeiOkfL6NEtkM69C0Qty6UDAFgxdiwYFLW1dyoHBSQcAumCgQ5VQ4glZAlZEOzKOHZRSwKu7JctLISsI6ZYTKIuUJJCCas1aailaSyg6q1kqQVVKuVIuVaySFuURyeZB9XKqYSrFtSkt4Q6pVLtHEj1o+X7401H8/1P0ZdNNsSJKskkKl0SrooDqM9sXG4ubtplSqFLwMy9SrM4OXSltWigavWVg1YAmNgUYlXdlXZWUUIE7JIUMlwyqILKuSpdWkYF6y5wPS7kUIZAERAxsUDGDbApTsClKpIkkJJFl1C7E6Pj9bynTEhB2y4SuWrEoqDpUcen49z0XHYPk79bpecrc+63D5aPQp1HYkS6hYkJcqF7cMLAqAE6hIPCGuwXW0RuqAhBWYC1ODWUK0hZmF4WIFwIqHVBZRJcKoVEWUssqNJchBuWVVrsKks1k9VNCMCDlGWYktlCWpcioViykCsSlu6IqXcDCi1LsFtZ7eTgy6PVwaLlqJSZtEhK6xwZ5eP8/7fE8ne5V89U/bo6Z+xGM560MzGaLUYVgRclEkAKQQpIQbgujGABoCSIIfMkrSAwoSCwQIKAGBcrExoKOrAsrSrIqE7NBIiqiuAy0oxeJdzoBuvWV6bZVHDKOzUSK4EiJasjAjblSTrlzXphnvTBBOuVNuirtlwuzgHkOnwvTzNRZN40DiDO+kfN3IOTRzs6DLWLN8rl24vL2mvJepoOvpHfl64XL8vYLkDNJLoPMY6xMqXRUkJJCSQglQAsoULQgAYMIXqBVWwEoIFWEpKq7sCmyxZMulmVWWedJ0b4q07GPHq1nPXU03PO17XamNu5681nTOXns2yaylogm3QXbJKNkQFlAbuwYUUbuFS5Eksl1CcvV4ztghB3p5ZD01A5d4S8w2oxu8GnHlg5+zlc+nNT0NBydfS6XTmvvL3d+XuUbJ4fVyl9dUcqbUZqjEc1zM5Gi0MDksqioqFRUuLUugaOIsH0Zg2UZK0iIjqEBqhiX0COUPXtONXcs4V90rOI7sFqct/QOzC7WVZ2OIUZ2VchKuFSQkkJchLkCkhJLJJC6kWSXEkhJcKRfj+mazrZ6+JwhGjcSwOs6yZOlhzrNl0zF4mPtZsbwPazpit86PXF6x2XPqxpfg9VJTydztHwtibM7Tzc0IOejgQazPdaCzWaYgxkAoKpFkuJUuVVFLBhWLpsEx0sTHwReiCSaQomEARFYJSy7qy5IS6skuFS4VLokllXIS5CXVkkhLq4l1ayXCSURNeR3kuZmf6+TjzabHS4WaGylLqFZdmfOsqthGAOkFnLPphYOqnawGpD5r0GeL8Xp5nM14c6Pbz7s6W/j9DeOjnO4TDrFCilDJC7GDLVFeWe00lls1TPZoJBjIJly4VCsGFdVLtKu7Ku7JchdXC7qySQu6skkJLhUkJLhJIVchLkJJCXVywhsupRMyfGdM6uUp/q5WLTsApUr9GbSgyXLZBZBfU1mtgpHKOiRqUimwizjToLTfj9Gbh97zmdOXUzWbMJ6z6HRy9nXGmjHAKOC4UAo6BhQGXCpdlFUo7CxtqIcaCh55zHxZllLJchLkLksklkkhLqyXULuUXJCSQkkJJCS4SSLJJFySpdIG8fD5PrjTnS3ti2K06hsjbDjAlG6ofYHAi8VmjKyVuXUuxFvtFOCiS4EQ6BI6p4/Rm857TxOdOPM7FIhlm7ocjodcdc8ey5qikoS4g0dAwoDCgMuFQoDCsqXKopAiAhhqOGGoh9gcsKQkuEkhJIXdWS5CSQkkJLhUuFXIsksqXCS6IKPPWdjx3CT1zvtb+kNsdrKCaqzczNoSxqyjpUuh2dktCZrmOCmilsQ4qUwVsirZUr249OdCGJ3Dru8Z7TyObg28Xpceu+hPeJuwad56PT42/pjoRTZKlwGFQMKAwpAWUAspQwolQoVZQqFZRWS2cbEOilq6skkJJCXLJLhJISXCSQkkJJZUuSyVKuL51nQ5PlvLbnb4VM3maFXpq149es7GJfZYulKIzFx4CY+oty7V0gS1RhAnR1ZHaVdYpWaB043ekCjm6c5ctbfO97DXgNWM/L6O1p4+7fPUa26mrZy39M9kavWdDvmXexr2Mw7NYKFYEKipcKlwG7JKl2VCtRIjQGnc1CkiXISSEksq5ZJLJJCXIskhJLJJCSCFWfk2drm+M8/qep8zjLQY3NWpubRrJsDRqR4FYzpZd9lsqxg3nlMasOwIOAYZBJYNsVLgdZdiGUcTs7Wd1FgJCmUfOnk3Kr5WUHy+jRpxlZ1dXI6Vzs0Zn7m/VzNvTHB+YfaflvLsv1Xz8uevtXU+B9vePtJfNvS7x6Wc/ZrDZCsGyNFE45UmyKJFIlyEksqXCrllXLKuQlyLJISVC5QIyZcNddfkfNH0PgfPcWnpeVhfqaCHRZVmVZkdE7IbWUlsOqW5tmvRn1BjY2EjQMARkuXTTYFkJUR8jPbgq48oTGHjRMGg01mmntUSRTT52yl7nncfqCzfnuP6Zyee/JblzF6JYnaO349Oo75/7nwmdecJ7OPbGO/Eqjk1j1npPAfSbvqdmtvXy20LuWReat05bU3zGcabzkPibVsVEbaaHzMBsnPSdacHFXqR8FyV+m4/lXOPqnnvnt2ek5vO0UDblULSpTKdYGwNVWymBMFuoYkzWcms6TU3OJqfh1DKll3It3ICa2wVia3IyFPJkoqFmNQ6uop2U0AJBEi4I6mKw87tTJeMI6j+c0dyOuZ5kPXtxrxx+sx15Lyvuevjfl/d7K1PNeL7XK4fa83i9QnHv8nt9TzL5vd+s+b+y38XulVdeESdbx8xR9E+d899+vQVrPmWaudNO5h+KPZD4SV7gPHWepz+fs6+PKMXJKBwuqyK7nO0mUlzSsESlMgtsplPJppmo0mMqjuByn2IBt3IWy6E4ZWpOmW6uy7oiiJ0qWOLNhjJSlhKAMsuioSnSssgGXAPRPlp647WVU4NZ87Wa+XXW3AdnT2cN1nf187VLqZkpNhYW1oXk5ud+X4eTT5f1G1ePQK2hut+jOBvq/KMGlXJQR3m/Jeq8mvpX59KLx9Ck8387+x/Nc78dDLG5Zwg3KlkYEZdgsTpsEiZcg2XRHA0O6cgOjqUbKsu7Kx2jO6wTpinYsAes0MCGowWE14tUpsc6M7WSWrlS3dWQhsJTQiioQywql0FkbK1Y3LLItTaYzAhAdZ8hnrFw69O8TV1OwtPQu8/3rNDeeleiWHTYfL186b8ryM7/AC/pWaKxHcVl9fvj7M89+v8AN2ws6MiW9Mc7yno/J89+13crqazqGyB8f7TkHxStA8+t2RiafdmZzTRRmFURs1kDu6i9EsQbXCmaLoGG6k1sUgM0HqIa/WmRPURNZL3CZS6Lo57HulqOBc8Ok0NSwO1GVchJIFa6CSzDnVoJudY9HRbc436a1M7LwGhqkWawcPHcp1bx88w7ed5+2tuB8bjwMN2vlsr0wcbo1sPFuA4XU5c6ebz8+ef7+vbgU1u7Xm/ba4+2VkP2fndjcJo5im9Mcbx30X5/y6et3+Y9HrPSNeoqUyPlHmvrPy3QLJmdLjDE28LEk9lZXldlPq7JDbQ7FvI6aBWmjCIjF3pgrWhwanLMltGCeYKpkMKpaLkFSJWmxZ1aQwsJRgYaazHTIL9xk0vVrJGs7LqoWQSDzOUNNbOHRlZ9HXHg/P8ArvKcOitWN+dPtNppPC41aOc6ul2fMtPScoiXyHK6aOP3MzMyJrq6OV07j6TzQb6fhdh4O1kmJLpjZ5f0cjwHex5sdPXdPzvbuNTKkX8++hZ9T47W9OrnmszNWoKVNJWZreQiatKc7brKksYxaNjYUG5ag2NiiHSiUbMxBMQaWdarW6UTowSEUtN0rGgVgqMJY6mWAdWWwLCGSKGXWZprANLpXWtiVkbmXbT8/m6W0b7c/M+O9r4zlvPrS7Gxq4laEEEQw02ojVp5Wg6Hme4E7+TZq5nP7RvRul9vXK6Pf8/6pRY94ds5ujpz6enl77E8D1vOXzfp/N7+W/U2EsZBlnnfCfXvC9M8QDfWYtAqJk6zPGPBa4hcbYEs6twORpkedIFwFNAkPNrtU0yJlBgUb8rBpVUEJRcytg0uPIkGJcuEkhLqy5Vkq6SpcpNsqWiGCs2/KdBJ5vL1fMjOuMHifUeb57yvVqxc9MAS5LQhODKsCNzPNQwTn+e9J5PPr1sA+f1/U9XwPrt/O9mXH6nX5ymiG879HOPeexaL1jkc7q8bj19uzmdQpiprLedsvU+fXuz9IAvGwGMAM8umVkG6YIQbAYONLYea2SyrgSWEJYVlUQiF6RMZPlkMHShTJZVXcowqskkJJZVSElWSqAaaCGSWVclFUuKlytmRqvN0y5to7z5/iej4WdYHk3nc+fWiXE9gFlZEXoWZyUw1VdGfzfovIzs12ZmPd0Dxux9H2XofHeq7/ntUK7zmgJ0ye3KHXmHN3cvlvvdnzffzph5T3h557s4vI9H57rKWwaUTCTNps6o5ZVyQUqwzSRpbmbK+xkpXKLlWKTsECrpJIRh3gUpQaoxDKm6ktLGSql0JJgStgywYxctUdBMErLlXZLqy5LWkSefYlJucriySLfJnSEyS5wkzWlJmkqQQcgwpDJ5yTPozNknfp4pOf1/V+nk7fE6qpNeR2eSsoSdMBlkzroenkzRXJ0w45NZy+ck6ZhSaFci2UiVJAZIS5EhyBOkzdFySy5FhyERIi7kEuko1SSxcga5AdkllyQkkJJAWSFjIDclHJJJJKupEu5F//8QAIxAAAgICAgIDAQEBAAAAAAAAAQIDEQAQBBITIAUwQBRQFf/aAAgBAQABAgGsGqqsGWSDf332v1u8ogCrB1VDKGXd5VdetYWZpY5IJISNBvMTWcblShlAi4kPEjiyuvUp4wlUcbCFChAMqq9qHoPcfRLJNz1+Tg5at6VgOHBltijdYPSqqq0QwbGwgxS8dl0FKHccrGNYipGDZCr1rr1KtH4xGEoYDu70MPqMu72ZH5n/AEI+Wrb58zNkEnFnB0fRdVVAehA1WX7EEMrRlACvJ47LgPkJ0pVY4kjRVAUKF69a0RXUrVV160RhxcvdYDVg6Gnbm8t5cgn4nIDWzfImsizjyRS9u16GV9NVqqrQO6IkMnIEwY5Jx34bw+sUnHwRiNVA3VV6V1rB6NhxcrVY2hhUACtcg8w6iHHkjmMrTctrxWSTjsDse17aX+sckPhlblnnpzVeq9HbnctpElinEncvLIVMJGlzhOuDVg+l5VDdeivnUC7Bxm7YNDZNznl51xG8vHkZmk5B3AnHTBtfQYcsHJX53N8y8uD5CPk8/knldo5uJz45cJ1fKbkNgxMRy0s5KGM8hN8Ax6vQ9r1ft1UnATgwDCOpI3eNheQ8pO2+LjMxkw4BFxoOMowHKA9DlDL5R5PpByZvRG4PIDX28nfk5yF1G/ck6hxWl3XBiXVg2CrXsbsG70cYgg0cHqQMGqxy7d5w66SGKMqyNG0SQ8eNVrqFUAepywblHM41aRVjnj38fiaYlmmabkx+l6iMjRyGH+SDhRRjVaGAepN1RFbYUmVgXZ9iWx16MskP8qcZY1Xr0MXhWJFC1lYPS7s527F5Fm4b8QwRIkkytHkcXE4402SHlTDkHkHcaOMJy1yHECYvpQUAbu8oLl5W7qtD0OXqyxbTKV8SxCMRePoI/F41jVOvWtA7ODDhOHGYv5CaZGCnxfywQoMsl85UZGhhyHHBGxkGIqqoArrXocOh6Vl6s4H7XfYMTZZSAQwrrVSTf0rKudaqgK6harGJK4BqWWX5D/qf9JeaOWJSJCZ1lA6tEIEi8XWPCDhwh45+MRuBWyRdxrAI1AMg5Ak0PavejphWDBhAyiDgIkDZVFeRJyOR2Sfjc2KXrVeg2QVCrv5GUnQIaDkrJyp7SSGeNvH4woBRVw42HGL5JCeN/OvGjiZJEOgIxxlXJZeRzhyuPz4JwR7DVfQMOKKo4CMI6FGVcGrvnkKVxDxuRFL27aGru8rLs58jERsEYmSg6jeCaFzgKm8OHGw42HSjx+IRFZEmTIzGvHjGc9tI3H5HHmGru9X61q2y1JwNdYN9eujl8tXVm0snEexlhgcqq0cGWWmXk8Rk1UHHVOVDtW4ZqqwE4QQy9SnjCAUMdnl5JyHjwcdcB5sbppH4vJHMf5AfKRcsMDoMNHBo5ZJHULRXd3usZi7HkRMuo4uLHQ2MX0u2y2YuXZnh/kPDEAPlYywHj+GDiQR6vQyiCpXr4+nU5yOW/L8mCPikN27luRx5IdBvP2zjcjj8gMGzqDeicOFvWtV6nGwhsfHj/mTiQwqo3QUD1Jw4cYHQwYylOjYpRUgWKvSgKqq61RzkGckYGEkUsb9mYyJKYZuC3GTjSQ6TONJERl3djCSwY433nCCrKymJI1RYwnQL1AHuQQRTL08fjCdOhQxCBYlUCuvXrQ9RlVhzkCfL2pj5KynHwOvL/rjmVPkI9xPxGJsaB04XCW+26qipQx+MRrGFAoCvoOEV1K9QvTr169JHbmjnx81OQpwuHOL6VWMezGU8iEx+qSpKByVxijcaflhhpM4YoLWA32Y9mb6K96quvXrVet39NdetEank5PJ3HyOJy+Xzm+Qi+Rg5at6M83Of5QfILy+7K0bQNxgjDSvxpuadwSK3Ki1xIIRd9sG2xsAA97u7v2GVVVl76hfWqqqqqqq+Rb1WVmwZE0HLXlCcSFudzGcYuduO7ZQDLyI/Thx8uNAVIVhOGHEj4Sxoww6AoLRVkEdfVVbrCK0NH1HpXTx+LxeLxeLxeLpWuchHp4hj6D+Ty/0wc/8Ar5TasDiRMrK2K0iyQeOkWDJsbGa8GRmJ426qo11VQNHVEZY+6/at0I/HXby+XyeTt27eTyeTy968M3B5fwz8Mcf+ePjtjjdbWQnUUEHESPq0bReIqy9TH4gCzoYOuAhlmi5UXKWQEZ2Vr7WSBh11r7h7WMEQTyeVmAC9etVVVVV161liQiT4+f4qVCz6VYoHhaLrlBfHHDCiYMrr42RkaPxdOoWRVxcMPKgyqDJLxJhnk7x4SDVbH5gvi8jS4o61W6qvpI61gdhP8PP8X/MsCx+No/D/ADNAIVgWFIgiqF0QUaPxtGcm5DcnyeePlvKwBDHBnBFsEVcZlKnV/QPor0VQrSduvXqB6VlepbVau9UcD9peHLwqzp4gpQRLCIwvXVVqurpyckb0WRePJxPF4o+JxYHePKxsBVrumP1V7hViZ76qtV9zxgVle1MuBg03DfjhArIq9VFVu8rZznRkevFn86FYghzxqva2ZQoxcGMMAr3v2WPGboEqq96qq+utXlU2Wr5Jx+vXrQGpeRJ8qPlofkElO77TjlR+qqgjWNu8eAUy50jAFVh1d5WVuqqtJEz4FH0VX21QFYcr0IK4rBpIn5KzKdTNzp8GRmHkwyk9iSWeeJ+L4PEvHTjiJYliWLxKldhhAAW7GWx0NXl5Q9Rioz4BsbqvuHrVVXrRU5aycriNDC4N8t3J0G8/x89nC5kZjrp4RCIliESxheoU4VUdepYMDhx8OydjLvYCK7AVqsH7K9aYaR5oV45Jl5LSr6fHDs0/Zk69QnjVFQRiMxqvUDDoEYcky1xWsr6DdYcvAqq7KPUfjsaZpB3DCQH6CK1HKyzQsXadSMvOJNyObHJxG6+MosSoECgZVXqmYFTkihVBVdDYFelUMRHfBqtDfb6WdW06eQ47JMzgoWRVmYaQySj2IopSPkvE5HAlRtE7jXg4NUFCgYMrXXLwoF0xZlebmH5Th8jVbHpUUbtgA2dU6Rri+z8hTgjAUjCGlSSWdMjnlbkTRcyKag4bJOOq+9k2jDCOTwOb8VVDGjhVs4ka6AAwY2D0Y8jnH5SDnpJtg4mlnmjz4+X6KWIIxZlA9KA97tnBdk5omeQ8lp4pp5oGDeaMnl+IwjkqP6PFEuM2KvqQdKwOmTmfEcnhRJJgbj5CMGWpkll+Ui+Sjk1fP5cksS1w+Qp7dy7j5FxhHx+HV+iqsepGUDK2PRmw51XGQqylJ1SODky8uKYiXLgkklWeWYDjZJL54D445lYivchhqJh6Swcz4lohxoIUwbm5HL5wxE4vIjk7M3ycmJI03BxHLE9vL8i2duCuV6JEq6kYYPpvXRcbGDGdYxLizI/aN5uQI54BjI2dhEJ3dV4ztGWjkV1mJHuQygWrehHJ4DcYKmrZvkJsXIsbOJIzvJzNpHweORWMWblpkXF48PoBHEBuUqBg9B6yLfYSf0Ozz8ZWyV58jm87SQqg5XKj5U6ugIaaSF64z/0TPwnLedWC+7rWRMD6vE/Gq+0j8lsGRNI3EYsx5i5DBxuIF02NleNOGkIXLtVSPZx2JA9RtpO2SPKQvHlnl7wYUZBIpvqHqZY0hJTx0FXExHjklzjHktDEqfQcYaRh7ETQthMry7jkaTi4SxkUcTjRK15TgIYwiKBtI1T1mZFX2ZgckAy5ZEhYkGSnm8ryeNQ0awtB2duxlwkAJHkTTSPKsKSgxaZfcljqIjV36cnjPkmTpuFI1IY+RBEnjCdc69DH4woBW441X0OHGwAD3SPOoBiKhFYpLKIXjlmlWOPqWVupjtlLBTir2PIkbjRSwPAiRofpbO2gVJ+jlcSVZAyrGONBDGORJLyFfitHg1WAZVbiiVfU45XFAwepFk2ueKPGk8qYk8rLjJGsnHjiGPKcWVz26ODiYVSN8UqVxoYn+mzushJ+nmcOSLwrAsSxFuVNrhMmA329Bo4Aq+8uKBg9hpsGNE0uNnjWYZzIkyNWZ2PJjfuWDGQYMLd8UiWuOv8AEsHXqhyVo/amDekB+rl8TxKq6576VeDAMG1xsG7y/onKjB6FsGgrgSdGVghn46yRqEjPQo8QUhY6ZvIxV2Ku2Whkk4b9SfHG/wBLY2AYMixfr5HG6Uzc864ixKMHoDls4k7hvomIwYPStjO3U4cVhksoIgkSaKWEuTI1dSDgAikw4GVekL/zSlniZpF329SWY+iYMP18iFi5mU8dOJx+MuAD0GXjB1XF+nkYuDBpip9QMSW6ad5ZY4nRTJjJCHBjZ2jGCCNSjIuKjLBw4nBiEmKmxFq+1kMG9EwYfrI5MLqyrGqIoUaJVsbFOiOg+nkYuLljCqjGxdDLxFZcZWjuYFf5nfwrEoE0qrjTRoqOHVMlmgV5JXcwBlA92xTjA+iYuN9jrLCYhEqKNX1oYwX1Zvo5GLgwYNXhHoVBy5FETRmPxvLI0cE0Izp5maKDvMf5hB0mMKqghWZACMd1Zm9HwYMIlXQyPBh+2aPr1qji7Ygg5ZKk4R9HICnBg+i9V0dRE2dJIiPE8SFY2YR9YI/G6oyxQIEmNPNxMaQw9FSKL0OPgxdTnQyLB98yav0Oxur+mULg0MB9BqsOjijRUrPGJUfFPIiWMgCnKt4TxzDMpkBOMkatGWDNKraOPgxNTDDi5CPvIYYV7K2+tdu5kB+pguHAbB970WYK2EtKnIMSLNxUyQHltEmPDHHEWYyuyoZRq0Z48OMkD47BnxQNPsZEPvGTJpsXRwG86sPGFH1ybGlOqH0SooJkWOOU8cRseK6/yMqkyxkZa53mEGHAIypZ1Ixwq6OOYtu2hig/hkGMoVTlUNV9vIEfoCDtlHszDGXpFG0SxW7RLymVqieaR3jjhBzkLxEq2lPIjEkuKspiktzSrRx9xgfhGTpogYNnL+0Y6ob1Yb1JxsbRVY2C4ityWxMChZMhWfh/xiOSPzRxspEEsYaWOORArhZJpo8GHP50TLxxlQj8cg0NjOtffMARq7BvLzqpxsVsfJp4Fml6REmeWMzK+cUeW/IYpmaVIzF0SBXjmp1fEHfDi+rYwXEB/EM5C6HoMPpX1DJVXBomwQQctsBLZYyWKXjorxzNLkckkXEimIRYhKWdRO8N8cSxRNDoKzUctdSSRN6NjCNfyOK1eXeVQDvyPk/cekqgY+DBjZ2aQMDjZ2SMYWjfUjorFz/M8EEYwrViHztxOSsRIAknj+RslOPHHhLBF3ZOKCfxjJV1WXg1WfKcz6Bh0MYHOzDXaxl2zDLOUy9QvWSNIqZMoYWbIDyIxKMZxIHZYo5Im4ao8nbCWZSPQ4Sik1+MZyBewKAy+XPI/uPaRMtcGNliRSDfalYsIxhGurIwjyOebj5MICmJx41eJeGIkjpBleNuP2diRrt2MheNc7Ll3djdVX1OD6Xd3fyw+hcY7GpYxgJFaUhkm7qS9hvIrAXi6YxYsuNEoaKnS2WN+jAoBZYuWJUxoxdu64iDJJFN3d2vvXX3GSgbGrLd5c5PF9xh9VbJYxlnZPRctmiIOJit2BdAVlnMQnwSqpfoqsePBgGrxmZu2JFHCS7WMjVRLKG7du3a1+sr6jOSNjCxYszNM0kvF9R9AOSRYxO/J3By+0Ld0kWQHJc8WHOnfswZYl8DYVQ2W7O5KRiAJhZ5ewCIoeRmZkk8nk794Dl372R6DOSNnDjYSzSZYl9Rh+gG5ISCKIKuqgGxgw4qRjyKTjqELHSoHJLLP5O/lMyyCMQrHos0rS1kUWPJjjkupB0FjCt38nbtd3gw5ZHpODi4dHGDCQYylfUfVYMkbocII1fYHV0jo2MoxixAwQjDnSvH4Bx0j1fYytJoZHCS8vYZKXxFRIuKsfoR4+l9+/YMTg9WHqysroY+nj/BYJDxHVHLy77DA2CVJA1NG0Qj8PhEPj6dQuyzS+Uu3JUjERImkeTsMGS4VUQKo+lo2UOHDA4fQYRg0TbYV8Zi8f4bDAvE8OV1qtDO3btYeOS/a87FzKZmlJwDxBVgt5u2HFy88A4kUX2SQnEdSPUY2w+EdetV1/HYYM0DQ5VHZGXYPcSpKJvN5RN5hMZjKXvVDFRYMedpL2MGAIo++WM5G6n0GSbWOt0Fr8vYMGaJuORlVqtDLvXa7wbAGliWDu/JL3satcUDB+CaNDGfRclIOAnVaH1nB9l9g4kswHjGLqFquoFaGjuqVRCnGAfktyS2X6Da4uDB91lqmWFh6DJcGV1OD1P1HF+677iQTCXDF/OeP4DF4vF4vH4vEIBxxD1MzcxuWXrL9RshcXBg+u+xYta5yRBgGxkuDBlkjKy7+o4n4r7+TzDkDkf0/wBP9P8AT/T/AFHlnm/3f2HkdqrLv6iExcA+i+3bsSWLdo25DcaP1Y3ddQbwD/Cvt27dryuvULfbtd+o9xhxcXFyq1d9u3a77dixYskkUHqcv1Grv6zin9V3d3+AYMIXFKntd327X2LdixftRCQRwe0pxdX6Vg+o4ciP+eMGhnZZO/bt27di5fv2wYIV4iw+4zkEhRVjdaH1nFP+eMG5JEfv5O/fv2vqvHHEXjgfUM5ZwYdDY1X1nGxD/mjBgwZIbhW8oRDjLxRDX3LnJZQTa/jORt+M/pGxgyZfGsa8deMI/wAjE4cUAZeDDljAfqOHEb/KHoMsDqF/NMcB1dHQOx9hCEf6CgZd3+Nc5L7AK0QMGVWD7DhEbf5ygZd3Y/GMkYehy7wG9DB9h1GxP+WMG7vB+IZK2g19tLhGWMGDB9pxWB1X+OBg9h+Jcnk1ROUDWHBgw4DYP2UrA7r/ABBoD9Dte6GwTjyN8lH8qsuDBg+5WB9K/JX2DQHrX4lzkvgyqGHBlATzcrmDFHD5Whg+06BDetV+8D6a+92JywdjAZJOXylXGctoYPqXCPVX96qv0XgH119q5yZRlVWru/lp8GHXj0PxEBg37+yqB+iqnkwE5emPd2EvPfcSmfQ/HVB7/LXpZkAVQPwVVVVVVYTLJRwSswk742M5kmOlx3hg1d37XlfTVdg3317FzLioFqsqqqqqq69aqqqvo5MoDHCtjBjFiS2TDcKwj1u/xV1ztf21WF2n8gjWMKFqgvTp169aqqr7+RNZ0B1aPrZLYxkJzoIU4sUMedfzVuq69cu7yqqs7+c8kz4IhEIxGIxGIxH1r9EsjsN1jYcOW+NkmBfGqqqqq0U6V6Xf3VVVuq69PF4fD4PB/N/N/OIBAIREI+vWq/W7zSjQ9WyzjBhXQKFVVA3VFCvpd/dVVVVlVVVVVVVVVVftZp+R61ohhhDKU6hEQKABlliwayK2CGu/vqqqqqqqqqq/wGbkcgC/c4cIor06BVUDBos7s/ZWvK3d3d3f+yz8nkjA2A+5yuvUKV6KNLotM5NqbRsr3u7u7u7/ANF3n5NV1BHreVWXYwqdDKGV15A0rB0IP2Xd6u7/AM2SWfkD0oAet5RFYMuqoauuQt6GR4pB/Jd3/jkzciWcAlTgzrRwHBsHK2PUYG7Sn0GKy5f5r/xWeflSMqgUoAoarqMram8ArCdUBayTm9UGUq1/pu/3kyTTc7KAqlyvWsu7HsdDABhAWnwHVqQwYfrH7mefmS8hcDDAMIpWvZYHVVgOXeDRxSFLCQGfAym9Kysp/wBYtLyZ+flDAFwbbFGDLygPYZQFY2KFUZ0AUc8AoRtWXFKn/TLScifnvJQ0MXLBGioWq67B9b0Tigavqpz5EYrKdDEZMUs6vf4qr9RZ+RP8g8x0NDBg0oXYy7waGhhwYcGBa0FoDOymlzlx4CrBrsGPEM0Z5cHyCzBvuqv020knLm+QeWsOWuUBXXIwBWE7vK1eVgN2o9KvAeThGAghgRkZQq3yUDCLmQ/KR8tZQfoqqr89l35E3yEvyJfBlUTSr1GVXVcGzoCgd1VDKyhg2TogHHx8GXalcGApKuSZy10rR/IxfKx81Zw26qvz2ZW5MvyEvyUnI0MVqwYVWOgCbAEYUelar2AA1QwnKAzxnAMPDPBliAXFINrintzh6huPNHPHOrD819jK3Jfmy/KP8i0+iKwYMXQGAVgCpgzt9wWji6PrRyhlYM6ycFosDDExcvklgsTRXVcaWAxx9OtY0g5Hl8vk79+3bt27d/J5fOeSeW3Of5RvlW+QbknYysGHBlABaoZWDKB7dhgbt616Bazv6EgkasZ20pU28f8AEeH4gAZGZOF8YsHLik4ngPH6cfkRctGvTLzuJx5Rnl/r/sbnf9j/ALP/AGf+x/1j8p/0jzzyzLoHK2uWSMoLQxcqsGqPqND6AoGzg2crOzt3LDLxyrq3e7sDxNxpODxODrn8tIv6JF8LQRcbjbvOTHFGEaJoGi6zR6qsqqojqBrr161VaAApcGAUFoZdEddKuq11C16n0OVZF1VnDjN2JRldWUA3eXhPKnt5kFrykxBo6OSKmAFSjxctMrVelDKqsHrQHUAaU9uwNkgeq7rrXvY9C9ndBcogm7JDKyN3BXCWOcqWbkmXjEZJNxuKMGHL7Y57BgTlFflIqA9qqhqtnAcAHqMqtVQ9OtIAPqOraTy9csaGhufA3a7uGQYW7JhxXbGyGN2kkiWKRCAcLXnIbjsrKdHPlIqrKyqAqqqt1QAGq0FoAitheoQJVYPqOE+YyAKtKvj6vitd9mPJkDBgwNqwdRZbCeXyQJcgePJH+Pixjhy75mRFSuDKrmRMMA3VZYGqqqA8fTp1Vf5xGFEYi6FBF1UUrbIGD6L7W7DFQIF3E7wx7GMJ8sGwQQVkdlxctm5WNnHhfORMh+OfACbBB5uWjLi5eV8jxKyq61WVgyqoYBQwAKE6gdeoAymB0BnX0OD3OFOtZGlD1uzlBtckYrZfawyv2BtzNIxYRiESTcAF2IZcbAZlYceRGVt/JQHVVsCqrLvqoACAYGsDrWA2dA6HpRxdX6XfUII8OD2qico5zz6Xdggh/JnSTjqs8TDjrw51YMCFU2DyYchlBU1hHP4vWq6heoFVVdeir1AquvUAaArRzsMByt3gGWZFkyqq73XYkYN9i2A5z4tL6kg2rLKV5ijGenPDDyDBlkK6tKjw5G0ZwalSWMZ166ArrQAWqoYBVVsBtnaj0vQOiip9RAytNiDQY5z2wnLs6oZdqQ+S8eRhkWI8eR4uFY2ZRgySOSNGiwavOdAABVUNUFqqysGhlFbwYc6UR1oHQ0dWMr66rCBl4wjYiyK5ykaI0Dpcq7ti0TktEsMyBMOF45YpA2SJKvFe71XLgGV1wDqABWqrABgGutDL9CcDetfhqtdGYS9u/LasGEhWNjKBJGDTZLikB246tkbNi6pcDHJRGwYG9clOtV1C5QGq2Pc4NVhBGru7+4fRVENGNcvCuAUdnFA12vDjYT3jKZBJBK+MAFJIy5MbOKburyVay8IBVt0NDQP1kdQ26+u/r6sDnXkgisI60BQC4wxdWccJhyQRKMja8IGKxyXGHFbCFJPblLo7oD3Gh7nA+VlR8f07el2cXdbB9y7HsRPhAFU2gudQKOHbliMXAJDwcU9Rl52WSVu0BwNl5yhuqrK9hgIPv17du17u7B9a9qH0dg2DJxVdSCOuUFphirhw4ANPijgzRhdnBl3cGiq51GTe1fSMGDd5WH0BssGOAME+gew9b1//xAA8EAABAwIEBAQFAwMDAgcAAAABAAIRAyEQEjFBICIwURNAYXEEMkKBkSNQUmChsTNiwRTRJENTguHw8f/aAAgBAQADPwHzgQ/Y2lBdkRiRun90XHEjlcg9qLSiVmQGyDR1T+w5Ag2boE6oOQcOpPlipUjRFpg424eVNKEocR/Yg1Nbum90HboHgygouJJwczdSNeM+dBCmUWmCMCEVPBOBHno6MBFsqo/U4PYdbLMNVbCxUg8GUqR+wNam900lAoFNdsuye3iugQh+znKj4nBkKkYzKEYQuYK3Xa3dMnVMKad8GtTBumymuQdxwFllPcZlOG+EooJpTXFWUHG6keXnoHo8q/UVsMpQlW1xkcBc9QOnfHK1OBytVX+Sqt3XdAt1Tm/KVVI1TjuqjDYqdSg8cUNKLqp4bI6BE7oqWqDPAZVvKx5KQrq3AYR4CVmQbsoHW5Sj4zuBzTllGoODKZWYaqRwy0qKhQjCEJXIrnC6ylBzSoxIAUDy11brWRBwlEHEk3UDhMojyGZqMkgIjALnClqyuPA5W4AE1w1QdKjgOTGDhaCsyd3QB0QaP2ecQcANlG3F6eSa9A7IjRPRaUA2EHyi3B1QrIBwWTmlPCJV8ZKhqup6Z8pHmR5YHZNwcE5ZghOiAVuCVKjhuuVQeC608zHAeiU6eBrU1NKafJBgTWnVN7pp3TTum9012AahKBQOE7cEcBwzYEcBlWQvwSVeFbBrd0zumnyhPSjjyApz3GDZO7lVG7qdSg7yJa0qTiU7unNcASuRHMQEU5p1wDuKOIFAo7J6O6DcLK+ElQFdWWQIyQ1VQdU6boOHlBgOtylSowui0wSg4deyLgVHDzBHw1+oeCCBKDhwDjOIPBZZTgAVnPooGBDSpwgotWYa+TPADxxw5gVkcVOJBRIxjqh4VzCLTcYyiTJQDIRmRwOBRyjyATAmIEYOeZWUKMM4KLDBxgqCAmxqgN02dUH7+TPUkKUWnFzyLWWVvkWuTXJp2Teya1Nbg1yBTlU7JxcC5ZR1wAg1VHJ53TjurpoQjEHVNcCnMOLhoVU7o7nAs3QcP2AFSVdAeSKKOJRTgnKdk3smjZR14ai6oeHmRy4FEKU16/iqo2VV2ydT1xusphZm/sB82DhHGEOlLVleVPBlMoRqgVOGVAFN3VJ6pwrGOC6lo/e2sTW7pndMO6aVKCaN0Duij0pCzFOHE5p1UrMsoxLXCCpAlBzCoJGJzBco6AQH7iGNRe4gHgqMOqa5mqDNCqpNk7dNfugRwhqa3dDDNus2Hop2UBQUMQGqTCtwhzYUOkYlzszgg1o4yijgPOnyRDDxOpixTnmScctwUALlM7pndNKgItkBOeZccGwg3dZhgEECEQeEl8rlQhQVCylEIVNU1yaEGCw4L/tJ7JycnIo90UU5O7J3ZHtjmaVlJCHA6FdDAhP7qoPqKrfyVRphyDqeqzVJxKc4wEQ3EhFZgr2TuyPZZnJrAg5qyOUo4CEAggpHSv59y7lMCYNkOyKcnJycnJyKODSqZ2CplZxZy+I1DZVdh5mkKonoBNyqHHgPA9oibInXEv1TRsg3htgEDso2RCKzKoNk4bHgIRlNI1QKGEKeA+cJRTBumjRFOhEjgCHAOIo4U3jmaCvhX6DL7Ks2TThwVakYe0hHEuwBFk5uyPbA9kcDOijoHgCamyqRVJyABjEohOB1RcYXKoU4BDEeZJTRqU1uiKOA8qcKdQQ9oK+HqXZyFVqWrZHogoQwCYdk3svRGdMPTqQsqc5O7p/dOm6FRihxUIJpQRNSdlyKSjgUZ80XaJrdUBoi7AdcA9MjTGjV2gqpT2kd1GE4QgVdBAIIdLI0ouceFzfZNqslVGmyqfxVT+JVRx0QphbKUMY8xKGrkAIC2WYIAQr+QzKB1DjTqXbYp9MwR0x0JaVBPFlamuVMqmmDCVGAwlFHypcmsRJUhDzRxviMDg1wghRdvQbT3TQdUCmu3TXb4HgzNKLKh4nIo4FTiU7gHlN3IbLNfhPlDiEOOVC7IjXAPHLYo0qmSoIKa7fgysKc+oWzbEJ1M3KD2ocLXo7J6f2Tio4oxB4b+SJMBBgndSifMTt5EhAqj8XTyPF9juF8T8DWyVLt+lyzNxhhTS90q+BCsiQpwOJw9F6YHjHBGIwsj1i4wgwKVPmY8mDYplVhZUEgp3w5yky3YqMMzCiHnE4CAg0XTO6DtOAcAQ4jPG7CesSYQYMCXenmp3whEtsYWRsuKzNzNRa2XqR1cwyuQcMpT2zCIMFWTXKMMow8Obpxs0qo7dE8BnyE4Dr7LKPXCT0TmiPv0msEkoOxDk2jAcdSpFisjJN1TIsiPlEqRmcml5OaU1wgoMEBaX3VsHmcwTmvi3SIU6oFU6g0VRkltwnCZC5jhPBDVfrDCTxtpjVSbI1R0yVFyoWY9AuESQi1sEzg6TPFBgCVInC/ogNE+TKduU6DzLKcroIB1QdcOCdOUNkLI2XwB6ppecoMDdGGlvyoyC0cipuaLo1c1rbL9UhzvsjFmoHfCnU+YLKI6UFTgCqVYFV6DiWiWozcYEpzQpMrZQOpATae6vZZjdNcOCygrI1OqOPbC1ukSgFCzOjinptaJJTXXBBTqWZ5PL2XifTIXxDqsBsNXhs1uqjaeYtB9FWeMwHsnHU7IkPaQJnVPYIbAJTKTTbnhPq/6jQ4TsnNeco5Y0QByP5R6KnVY1zFSFfnbDVTYyGiBMSmtaHzn9VNPMGlZW5wTJ1Tmi7pwDQs7d0GiOjlPA1wuFSq3bYqvQdcW7oaqQi1F7lDeFrAqbDqqb90144BTYbp1V0k4QE7NEq2AQUqAQrqAsp6BKAUYa90ek4OHbCRYqpldJPoviGkNmyzEE7J4MZhlOyNmuNiUGAZZjsFUc4tc8ZCnsZDGgEbpz5Dm6Kg8w9ua+yY4PGWKYGqpVWtFN0taqua4gItbcT2UVOeZKpmm4MGZOpEnKq8AktEjZBwNrz3TqNLM6S3Zuqpvc7NoAmvaGiNUIDdZ3Cq0a4cX8p2TagsMJHV24adUQ4Is5qacHQQg7ZBpVuAUmlOqkhpspODmEAlBzUEMpWapGGVSnF8q0IIzjLvvgUTfjlAYgLMZQ6O2MSRqjF0Y5VUIF47oMAkSjVbyuEL/p2XcSpcahPsnVp+mE5zCHaRqFQpEuDT2VNkvc0AOFlTaTTot13Ca9op1HHPqgwDLJVVzoyoUKZ5jJ0TiSc101og3sjmsqlM5A4pzmHsnOMCEWQxuvdF9TMDEICqJOWdu6rZ3gi2yLW82qI+cboxbpkFSOEFU6twLp1IwQrq2Nii5+WcLqyhSwYcpX6k4ueYasgvgeAlHRVHkSLLI3hni2UDpkjVPYLhANk2TSbFfqFuWB3U0zzKuQYzABPeCTPsqjane1gstOMgBlQxrLAxNlVpgtBTXMh4vKzfUUQc+UmDr2TnPc+bAqAIspqNkwqVZudjpyjRQLEaJrXITntbumZj6ha5nE9gi0lxFk5rtCmU2EBpsszwXDmGycXEuMyuVznNsNFRgWlZmgqpmu63RjCDxteLhZSox5SpqnC+PLjvg6qU1g0UcQcmzKa3bhLigOGyzOt0g0gFHMIFsHMJIujUp8v3Cd4B1BGhXiaQYPZPZXLxcCwCq/EQLNaeyayzjpoVM3N0WvLXVJtuuV7JJ7JmUwLoaASgbzCc0QDZPywHi6eHQ5vsj2RbTLbDMiSUBqUHHdMi5lQmNo2N/VVSS1rdU6m1zXJr2z/dOY6Mn3T8oyb6qW87brKdbdWRxgrcKMOUr9Q45VmK5cLLMroN2QhDEqegXINHFYqOMMaXGVIwdNsB3TCS1NN1PIwo0jLWSqdSrGU+soeIcs5e0JzjlJgA9lXILGudbeEfCd4gl02Ty7QpoDg9ACQVmbE5fXuiNLqTdB1iJTN1ScywIKuLq8bqeYppkk+yo5d59VLsppQ0BZeWcvsi7luWqaQuRdeF81S0WCblD510VtZTp9Fm36N8YMdCVmEtTmmCrK88GZ4UNwATZUq3DPQLigOKyBfjbjgkkycKviTNk0jWU5lTMGZgn+GY/CrtdZxkaqo4S5xEbRqnNcSxoiFVNVt9tFTrE8xBn8pzXht8oT3WLLJ1MCAVmcczo9U2nTcYm9k/KBaU6d/VHVEb7qIQkGYTb3KnU+y17oEXtCDSA0bqo5ozNEhFwuLJj6rcoJTIaqFQ6yQNE/8A0yDCDBATrQcTPHM2xurdEVBI1TmEh2F1mR7rIrJtMFOcbI5tUHBR1MxQA47KT0JGqywLlQEXsNvZVmS1zmoyHZ9v8pzRzlNaUA4uA5SUDTMEwnGoQBprKpsh8bpxc5zSJBlNrMzGZi6OZwY4x+USwvDiSq1R3LsntfzgGNpT3TATu8K/oi/TSVJQj/UTWkhBpubp30xPddxKdPymFTa0ZWiVTDgXBNe4N+T2Qe0hxBHdUqYLgLxqmlo6jhM4WVkcuqt0RVbI1TmOLXBTgVC8NqNR5vbC6dmVuCehA6HKrHpTZfENfrug+CdUG2hWQcYEINm0goUpkyFSqc4G2qqvPKABCyOjJLu4XigyYB5SqNGoYJCbSomHy4ojl9dUZuCmsaA9w9uyaSQE4tiNChEEWR2srITBKtACqv2hX5gPdMBgVLKqGzl9pRialMZTunv+V/JPusrMs7I7xCaNkXDBzWy0J2UZtepYhW6TaokC6ymCFGMMOMlBoQ6QQ6FsOVX4Y98DGATo5SEHnLcK5KqOPYItccwkE7KdBZVM5IuOyp0KOWHXRrmXvAGwCp0A/lMyncziSAi9+uvqrndO3Trlva6aW21QtcfdMDXAWMITCMaI76IDRMddtrIh3dqGpsFQabCVVquOQuiU5jAH3B9NFV8U6kbjsp/7LsuU3WjWj79K2DoucYd1A64V1GBLcS6ooaOGOC6HTv0tVZTsv4p0iDZFZp0RuttPVfS+LHt3TDzUgNd0QIBgKm85WTKb8PFiRus0BoTagysJEBM+kGY1Kc7Zyc0BsFCBrmTo0TtdQVN3bJgAyBPP0x6ponln1WckEmN0Gn5to1TfDFNupTXNaXvMp9GmMjwftqq3hNd22T3gucW67JtMeyrGoCLN3GLZiR0O6tjzjq/UMQ9GbFTqms6UohHpXCtwRiOCBCiSs5MIIDRFtXw4TqtQyyQ022Q8IxHqJQojmfDY2CbWcXTZUqRbAzeqqVXPdBhPF4IVTMSDDtuy1zC5ToloMJoAZCY1ktM+i5btRdJBhVMxBMWRa75FUi9vZOpieUSn1JgFCeUE7Kq466DROazLW+yNOtLS5w23T/DOYzIsqzY7eiaYdwNzZuOForq+HMFfqSEWmQijjbjKOIOEdIxwSiMDFkYvwiXRa6JIwaX/AC31lHxpLj3TG1CIk7oAG2osmZMrTlf2CfUqky4NlCjyMkrM080HsnMzeJvuqAYc4h0e6LBlp37ppbm+r8p2icaeWyquJM2VvnHZEOhwEHSE2mAQXGVSLcuWHhPa2Gt+6a4Rm5junfD1S8OzApz3NLpCdTAa0ctlyCdUHWIUDp2Wy9ceYYX6ge1ZSRwDhI6EdCy0VuG+B78IIhelsAnOtoFLpshJdCFVzXEkBp0TQc0TCOaAyPVUhTc9gDiqb4Idf6gg2W29I9UBUDcxMtv6JtOSQSO6a1jmyfT0TnX+0pt5LScqcy1kzw2ANIndakVLDdV628hGjU5mz6ymkjLf0iEQwuEg/wDC8QG3NOqqz8midytgeyyhA6EYBgkymuEgqNukVfDmHXDhwlHpz0eVDrGFzSnObDXQe6yxdGLJxcA4S1Zhykhc2XxJtcL57baqsxxDQ2DssjMzxBzWKDneK5puNE7xXCIYmSbu9BKeGcrSfdNvMz6DRXJbBACZ4AzG8WVOpQI2I7J1Njoe2DoE57+c6JlKqT3Ti4c4E6hNomQSXFF02JKz/PaNk0CIspbyHLKezYmBAVVwOc6jRCm2J4rcADblHHm8hBnG6nyvKepOB2wJFllGsq11a6OxXy3Ij+6qWNOPWU3w+ZUny6x7SFTe0hgAjYpuXLmEzaETVLc6qtcDkkSq7ngZmgQmNvO2oVIfUAYROcFg9FUpsAdzOOjVUqvL5GuidlaJFkA3mdpoqbaYdl5kaUwJndPdHIL7qnTaI1KzU4Nrap9r8qJq/wCprtKywFfS0aprLtgg6lZmzxWwBbcYHC5VuvmCynEtKnGeESp6dioepKtp0r4nYIalSJxP1j0CNQjJBA1VQuPNI7I5spAcBuvFdMmFkqZG67bqpMgX3PZVKU8oc4qpOfOcx2XhO52m/qmOc10GwQq3Y8iCbKoHEPLSBv2VTNna4BodtunupZc4nuviG5Wh19wn1HhzzEGyGYkMnsPZTTFwOwTRSMui8SV4jQA6f7SgbdkS4ObY7n0Qdqg9sDTdU6VJxIkKBAYYJ98AxsmVmEoKTjZa428jIngHDOJTh1Mr8DxndRxhzct4PZFpMnU2Cqbeuqa9hEAlANhNpsgv1tJKLATMtA17rxAHQmNJc0QU+rAIICe053d7RsqrGvcb8vsvh/DzPGiL2jKOU7pok+muyl0yI7JnOLlV/EkGAs82yu7rKQ91z2TXPJcDdAtAIcI0KdUu0yNQmNystmTw8yRHZXLY2lVX1NBlcRP2QEo1oLHb3UDqQB5GQsrsJCLTxhX6tpVujmETvxtbqhsjLrG+yiYGqNMG83lU60tc3Q9kyk2yJHJHqp5PEvug3M7NZODRkdqqzmnxCMsKnSYIMSg5znE8iZQYN14gAY2DN0c2qEaptOWxqUIzRJCzN+RZdBKZSdpY6oivAbb/AITi5nNATXHNF41TaLsrWeyzNv2QaICeG8mqe5pzC4KtgXFRi7MbffGXDycifMS0hRbiJOvDbTB0cuqc17XOcQOylAplOYtJRixWt5QY2Bog+oabRfuneGY1Ri4hDM45fujJkQE4iDtoCj4TNfbuvEfdxjQeiAjLqmvytP8AhMpAHLKpZuS5WQCPdNLnOzDt9wv0ic2vdNYHMzl0prbjfum5rgWQB5RAWZ2hHZycGkZr7JzeYNBehDZME7I0xyi6+JdVl2YDF3il2YoNGJ4NSreSkKHEeYLTIxsr4XxGBzl2a3ZWwtpKEwAbYNNnLLYSBGq/Tac0nWRunUyRBdOgTnNzBmU+iqZYeL91ATmtbt3RcTzF9tU4czpBC+IjlJIIVT69u6AfzAyXQFTqOOYGBb/9TCQD+EJJAaBunMf8to1VONNSmVG8rp9FUpvk8vtdPrkCfumtGklPawgHM4FOLRmEq8oOaR6aKv4lrAb9pTi0Z40TbxcjUDG/FBwgAeU+rzEtMIjXHXjaRDtDgBrjlbC8ZwnbZOeRp/lZGhvZZk6RTbM91U5Hj73Qq05YSPsnvMPqQNPdUmnMx8jvsVSLeeDeExhz5jlGwQaXPnVMLtT6d0wSTKa8eKwmfwoAzRJFhO6aWySYCp3BBdB3Xw4z5S78qq4Sx3JqngOaBz7EqqGnxCnCtZrRJQv2QBAnVZXam6CGyBEjAMaSUHNDhx3UDymZp6jWCSqTJA6hBniqE8tkU1okqcZGseqdmiLRqnteZdIwAWZxvbASqdMDOVTJPNO8dkW+yYW6jSyp5YjZNDMs/coNFvzsvEa5sEXhPY4Bo0OsSmvGmmyp5gxzRfZU3PJy6JkZZk7W1TajriFkYG02T3KzEZCW2Fii14yi26sQdEaVTJA017J/ic2iDwMHB7iDZ2qawQMW1LG4QaIAtxElWjy0O6UIl2Rp6siEWnCcYwDjcfdBfhSOU73wEmDfsr7oBACX8xQcyw00CeC0yUcxOZeIwhyYBl3I17q0aqm85SE1sAHlmLK5BTWgwnO0OWysqkvY7QHWU8Oe5piTe+yDAyX3jTumue2202TRbcpjHmm650CyOe/I4/xRqOa5puBp2TmTJTajgYCq+NPh2WUDt2TX1mskgi4TRYmOAh9+OPcqB5a09IUqRvss73O7nrZh6r8qFmm26ImSIQWqd/GPVCFbESSNUSOYCVA0lO8QunZBGdUbr1QmVmcDJsrGE6NU1zizcarxDMkJrcocPZH5A+OUwFXBvMAflMqCo0yHHuhLTIIhVcxzWbsFVswfLuUQ7xCcx/ihlLZ3TWuMSoTBOXc398WTJATXVc5/CARUolwCtiFOim6hSeKUMB1ZYek4st1zCmXDXAApo91eUJWYG6I3QPuuct7LYG+yjXXuqmcRZqdsoCATXaHCTut0dyjF1laXmTHZDODk3n19012mFN7nPkuI2BTRypkg5QogNC+QZ8t1LoBFtUY5bJ+Z8kRKreIebl7LaYUnUqPbgKJ/5WYnL3UKMCiVmPooHQtxjpQ89FtRpBRpEkadaMN2rVXwCC9EJmTor6fdcx5VUc8xMp2WHa4arKIgoYFOc4HMQOy1HZBxcJ0VSnUY8kuamlxdkid1AETqmHKJ1FkB9W6aIuEHVs7XaaotcXGoY7LNYELwgRmJugmjZGdbdsQJwhXRtZFMp/KMLKb4ZjA0QaFA479Ptx83Rug4QUDdh8h9TVmCiMCjmzE2CbGabI/burK4vgcqcQcxm6BmCheDPAbXNuyg5mmD3QI7qWwmD2HqgYP4QdOaOyBaWm7dm6L9PI10IsGUuJCZnDu2iJFjBVR1U6AfyVQOgxljgMWRcVVcb2Td03tgBgXThOiDRgXGVlC34cx8lYcZVkUQj5GeZuqvpjtCBELMALqBC17o3/sraqDhcncptMH+6tyiVbAFdkAYm8xhtCDAQmkkTdGER9ii8dsAJwsV4kFpsnHdDdNG2IQG6Ll3wzX2QaFONw3Aopyf2KqtPylO7HAdLfhmn0DhKPkmv9+6LDBGEGytwQjCuoOBIjuoflkooEK6soJsPRAn1Rm52RlEVM0oAd0DsraYFFaglNY0NxCGGqJx3d+EGjCMIYVLjhmNkz6rpjdGjhB2TU7Ypw16k0z058mHC63YZC1U7RjZHGyuVayAdP5XLohogUEJKfNk44eq0QQQQAsOALVGCimtMaqRpg52iDPdAcMtOMlQOkDpZOb0uUrmPn2v905m33R4RphGAxvqgRKbqghxhBBXKJU4WTZmF2BK/l+E1owlBW4GuPZPnZBg6vZFp4LcFiuY4Qg7zzXaWTmnTC/CcJCtgRojKKKujCtgdwjsjCKPCT6qfmTGBDZE+YDgixynj5zhIQHnwqb9k4aXRBMoHE498DrhY4HAhbIlt0d0ZUr1xe5NGpTGBdk52/HfygcCsro4/wBQ+Vt5BrlTdpZO2KcNQpw2hFevEMSpwnRO7Qg3UqkzQBNCcdE52p6PMfKcqyunj5z5W3kwqbtgqZQ2cnbEKp2T+xTuxTuxR7FVP4lPj5Sqn8U/0CPcJo1KpN7Km1NTjonu1PU5vKcqthA4LKXngHkb+TKKKOITU1MTU1NwcqhVQ7o90Otp5SWrZEDMeGxXMffGcIxHVv531QQQQ8lbgGIQ6hCc92d/44uQq5xtifISP3K3kCjuQE3aSnvTWep44pny+37lbCOmUVTy/IS7uqh2Xcqm3bo8nl4d+5Ww24yinHZVDsu7lTG0oDQdTQeYkfuUSiSmuPM7KvXAp52Tim7lUxsgNvITUwhW47daDH7lIRCcdk8po1TG6DykAqXE4OKPld1I/cZTTsgNvLxTOIwjCPJ5T/RVwFPAEVPlJt/REBZnnjMqPJkGUC3+h8rOjbE+RLSp/oaXRwk4X8uWn0/oXIwlSSeAK/C1olxXw7d5VBxhNeOU+SLVP9BycvSZQYXOKqfEE7N7YBlMkhFhkmBPky1A/s0+byNRJJVsRjfBtNhc7ZO+IqE/TspUO1TjYlS0CNOs1wg6qCeGF3/Y4RPnJdlCnoXUMFPvwvjTyxCB/YOy7+cyMKMyeiQi74g+3BlGYpvmCNUD5wbJzvOholeI89sIxtjGOaq8+uIa2d1sFUrOho+/miNUD5YIBdk52vn55QowPAI4LK+bg8SoAmsbAHnCu6HkAmjdDZVHInU8RR8yGNU3wPDHBbF57Jx1MJtP5RgfPuXogh34fVN7hUxuqY3Q2CqHQKo7dHfhOAQ80GNKNR0lRwmDCtfhJ4ZUYlR58dkEF6lHuV6leqCCCCCCCHnw0I1HenSnG+M4RxBH+icqzuLW6dc9AL1xH9D5VmJa0+/lbIL0Qui0o6hcq9oU/wBChqJlrfzgOGDwDhPHZN7rYFGUZC1EoaA7I7qf6DDVm5WniPAesfwrCUM1sbq2i7Rr/QYaDdOqGG6dG/BPQHA4kQUZN0MsxwxEf0E1gN0ap9MI4gu3SPBfFsxe+621Q8I8R3RJup/fQEG23TqhlxwOFuGVHUjhm8mVGoR8ExwwidUBIv8AvobusxLWflTw38uJiyd7psELK8jtwzZRIJURf96ATWb/AGVSr6DsoQKnGemOMooIC6JRVpEaI2RRbVcPXhMqLSiNSIn94ATWA3TnGGflEmSeqetdSL4uGgkIFQoqAxtwnuosSjfQhXgQrfugCa3dbNuU+oZceA42xngHBHSOytwEEbJrlC5GmN0eGEewQ7YZTdA/uACa3dDQGVUqfMbduAcFsLeTk8WUwVey7oOokSjPAMYd2lHfVCrTI/BVf4Z2V4mCqVTR0HsUCgf2to3TWjVfxuqlX5jbtjZRgeADpFHhkKMZMKOEKfmgKNFsj4L47JwPHzabK/2Wo0K8RuYawoddV6WjpHqmfXLU1wsQU0ofsoCaN01u6e75R+U5/wAxngGEnH04LdC/EUcbdBt7gWVhqgpaR6J2Y+6K9OEyu6BJg7aFHKbLK84uYZa4hV2fNDlTOpLU1w1TTugfPBNG6aN0xv1BE/KCfdVn6u+wt0JTRwBE9K/Gcx7YBTwEp064iSh62QQgymOJMwjsU9kW+yPBrhc3+65Duv1DhPA5mhIVUsEmU/cFA7qfMBNG6aN01u6pj6p9lUd8rfyqr9Xnijoz5WOjO+61RwjdappmQmuuCnU3EEHGUIN47L9TsY+ysbaomo6cKhFmlObrbE6rw3X0KaRsma5QmdggvXDKOayadwggmoIIIIIIIIJqb3TE1NG4VIfWP8obBx/sqp0ACru1eftZE79YjA4whiE3qwrxw3RRx0hGNFmWyujsL9lrg14gpuzlUDjaye0XBVjZRPbssjLH2Tnm26LofUVNojKFSDY8O7vRNpCYATXEnN9lUiYsnGTBsnUXdwqbg0ZrlSFri17S1wkFGg7O02J+6e62ZyrwLlVx+FVGwT/4pwnk/ugLeG78ofwd+UP4OX+w/lO/9M/lVP4f3Vbs1fEHcL4k/wDmFVXavd+fLDAo8VuqO3BClHB0py15UTtGJkibIj2QLba9ioGhPthrhIVM7IHQwqzpAiEKN3GSoVpVUvNFgMg6hNcBUr1hm7HVVH8tPl2AMf5TaZOdxc83ja6eWB1QNpt/7qi53LmOxssoGqdphqvXbBtWnDlk+IHum2QOwQkhQvRZHde/QPGcZ6h8g3smod1M2whpK/yh2X5WW9x6IH6zKMDdCMxas25BWwIUYTI9cIdoYVBtepUHi+Id9AFV+IqDOXPA1Pomhvh/DF5adWOAKZ8OMz87ascoy2VSq+ahLQfqiyFEltKNfmG/5QcwW2QExsrThrYrZWK/8SPRRCkBSswjDK/Xfynohxd0EUUfNhDD0TkTqUNkESCoPAQEZi4KBPzIi2YSjlkxMJxJloTphmX7qDqEQJAn/wCU9lGo5r4ytH5KqVH/AKjp2lNpU8tGo6+tlRBzuquYRsBKq/FVefO5vcDRGG0aDnkdjumNe3xCA+f9N41WW1lCOaxUHU3lC8rMFykrNX9lAmd4QRlTvgGvB79M9GR5MrZDrBFXurYTg5OtfbCcIqnhhcvsszrhp9UC7LksLIN73TCc2UovycgO5nZNdlbcX/wm1adRjqk8u+yd8NTLW16T73ESqdR/NVayO6qVKmXNnCFNoZRqvjf3XwrWsfWc9pPZOd8TRzPLgHWJ7K2soB0x6Sj80mw27yuZv95ULULLTuv1k1f4wjAuoyBpr5eeGeH0Tk7spTeuQFbREpx1UJykYgDUBAharRGYhbI+IR24iN0AydyspLr/AJWaTcQjnaIJ+8KJF+yh0ZjaNfVeHTLsjXNJyo1qgazK2VUpDwnhljqF4NIuZXGc/TCpveTUq5PtMqvWdlJdUA0gL4drv0qziY5gRCkgQdPZHM0NIhGd0e+pKMeqKsgKo/soC10jH1Rf8NUaL2WV3kzgUeyPiF87YFF3AIV9MLLbqhDuh3QQQKzFBAYQiqzqj2uZABse6ZUjMJjRZSWo3AjVO3CnQqBqv1DxXRkLkAjUIBrphNc31V5E3dspbsTK8T4d4MCLheFRyvoMJ2qArxaky2BqHbptSrllrObXZPjwy9r2jcBBjM7fiiH/AMRZVDXc4h57lR3lbkCSDCMzmNyBC0vKvuJ/4TSrBZamuhQc1GP+EYutcJC8J0j5T5AIQh0IVsSMDhfEYCJwPGSoUb4DcIdAZtFcwSu4QVtERVdpr0CswLQVlabqINkYB/8AoTWMdLA9pAkLM7kGugTWgWcH+qcxjnOpscDuUXP5XMbGmZOe7my/+0INpvitmAgwEKmcOY5HxWNDoaD+VzDn+pSIkQbjZWmSg6f7qWLX3UWKjZCAgcTUoS3VqOJ6YOB4Zw9eIdG2J4pKJ2RlNGNuPmRAN90JIsvXCKg9lbTZQdcBxiB7Kya8FrtHBMoNObK4z7FOrVMs3PdGjUyFuVBlMAimZ+oG6dDnxTcI0ci2v82QEQiwNlxdcrK57oPue6J58wggCCr8wBEbKNjCyutJUjVZXTsspU6r8YRiGuzNbY6nqSj5meAN1TXaKcAhxEccvWsoXjsnKVPODhrdWw3ndX1R24DK2V7FVDVm8HRNpMMnnI7KpVcHPJMb6qSmxAAtuN0PFbzMv+U5zxlLlzNbn1glN/lutRAi6Bk3mUNL2agszIRGiLDKzCQs2qKtgHtLSjTe5vY8EeSlW6s8OZBo6kHhuVaCjMgqde+B8Me6Inl/C9V6r/OA7qBqu6upxG0oOVQumQQrZRomNpf7z/ZNDpdPpCca7XAXm2y+qD91NQm3eFIlS4SNAVldo7T3Vg6XKZM/Y4bhXkI03K9u3C1zC8N5vKzgcD1BiPJWWZSsg+6BtdQpaCrowL3lWUKV6qd91OkIBygba4X1GJIWR2f6exWZ0gQhAAEd/VU20/EcTM2Cz0bHX8rKAZ1VgjfVOuWu0ABTi03GwCeTeNYK9MBBwMwjspxsgx0gRKhA8AR4iMD1L8J4B5bKS4L+yDolOvCM3UUjdTvhbVeiv7LYEKLEiVAuQiTsVdWsoEqexGLnMLQsqLiSi+FTaRTnnOq5hCDt1YLm+bsocCCIlWHLJubLkiDphIIXLpusjmn1urC6/wAo9t8c9M+l1fEcYQ8kOuesR7KbN2RZKzIWEohXV1G8IAoi7oTr3EQiTaEATAARDbxKupJvuhMSFZWwvoi1uVpsdUACSPZOLuUwUCYLpLRdDNdfUuUn0QLYtYWWsbWUEzm1hSNTZWvKEHZDbuv0gvVDD1UiFDjxQj5WUE3NlkT28gOp+ECCdypFwERobKcP8qwwN/dEnQFbQPVAfTC1kBHUxCJQAOq3zKxuEdEJ1VJpde6GYSQEC6BAum04yuk7kaIAhziWhQBG6zMurmdFlaPdWEDeSnERcSU9o1m6kbqYMod1Et+69VeZw9UDuub38gOjOiKKKKp03ufcuO54RxlHrmLI2vEIbmUEFqubRWwOxX5Q3ARJ+W0LsLSuwEINBMQidHBEWkKwXoo/BUlRurzIRqPiRfuvpiPQGU7KWuQc8Bu2MNj0Qa6J0UtgG8KDllR790HEwF+pqtbqN5X+FrbZQdlyjzICv0b9I9keofl2HdEj3Ua2RJ9EJX5V5wt7qBZGNiEZAAH5XYD1QbtBUfSEYOoKgcxE2V5IHuibowULi6FMk2KzHVSYsPVNY0M/Td/uC+pzZb7pxzgknRFsjWUct+2Ehbbyt7aK1jqi4FFczfdHup/CvZa23RKimfMngCHCbwnQJ18t/8QAIxABAQEBAQEAAwEAAwEBAQAAAQARIRAxIEFRMGFxgUCRof/aAAgBAQABPxBG8CBJKWaQAkSI0kQA8AsMMp4eCMAlhljAweZj5tlmsfpSA9PcklAgkCMSYgwShUJQa2kAhITobQ+EbpLIGTmdyCyHz0wA2wEuEgsCI2q4SRwJRUSqI2WpOCKDMVluFVtppCjou2GkyHuk8E0lABkwtj6IJoQFhIEiFgrwswlhLigzZliWmaRGYEBJM4tEBAFx8WDZxI08zTwMTdPMY21B+A5bpJppAis4GEBR5phH6esjaYEgy3SGyywkOiUYEDzCQ2oyGTCVgWWXDCgTEyxfBEYpFnLIrcyMg8M02FCSnQtAXWHEf42AGRghCLglrNQ8CwLKQJBxgDBywyA4W+5aWyCyhEkkeNmnrhjV9J8BSB2CzxECYBhGAsyL1Z5AS7mZsMMCI2WJbgrbIZCFVYmDFlhbAQbSUSRC2jcSfjIJY2UwWAs0stY6QJDIJm54EWAITcsGQ8BtY3UkWYGwbBZCEBLFFg3x2MMSReMmgW4WRBCyOTEPhjBZbBKgRgPDpZLsBoECMEa4QG0QgJBmSKSiZsgRj5eGBZWaWhZWzSxGSwhA6sqBlFW1+6xHUwA2AhJERgyzFkcZCBOJtgw21AYYTeQGAeGWafhmwQBPgYRjIZZCJGVGSHTzJ1CwiqQFAWQGM0YniQjgbFUJLqml8cT8BR0gAMBWAAi8AgIIsNiQWhLsI2aTvwQAkFokgkoikslrJWNEGWKxhgICIQI7JTIGUZJhhKsBBKwvoLMItg9lIkTbNOgnqs7J9iZCvlpDDEWDCElh3zGw7ZvhKoksYv3RC6CUzRnMUi0BDxpNBpFCJYYMAGeZKROrKgOssTmzpmQFbBsQM6jbQJMOHWF2SMJFmMsLCERBYARhaLVhGLSWZm+FENJAsP5ag8Fi0wWcEwRgBJgYZAhoxJA4WlgYSWQWCEaiGmShAkxS7DIBGdGwQYnQbQksLCNoOEhwJJY0hk7HQyCzYIySURnzQZCnZZ1c8bH0HashipIhihVLC1bYEEESUCwYdlkEuJ+Dbi6DYnUliRUEkANhE25hdVLBdHcYCbEECsmYwojIo0QwCUYlHSR2x80IDINwkLAMBMnmhC8iw0kXGaElXSQBhtIAaSDbWCRDS1sOyAhGBy2SWxDfVfOkgLJLrqyUQgi5IAEeFFlBIRGEpBoLCJDUbOALCHxDIWAWCUy/jJKvoo6MUSRilLEUSLJxCiM4DBBGbkJEl1l/3CR0C0smOEaBYyAxKZb5AUOQOLhsAiRSNqwlANdnZI4Dayhlc2B6mEt2WYNiTKHxWRthfEQJIagRGHYKQBxgE08RTzSKEkuJMVJFSC2iLAVCZRmQK4Gx5EBMiJKrIy64TBxhDSMBC1KZdJMBgI82bZMsYZ1ah5qKERGEYFmsiR+kYjf6SuDBfB8aRdxZuRlkJAdZV1lAi3AEikWzwUTFgu9+SqsifSKCW0gJEhEBQBUsYwCAEEhsBgYKngaW74A3AhBjchIJDCIJktHkovrEsZtg8STdIEPAkFosIQ2uSpAz2GKFiTJFEI0x4sBAQMkLJX5MzvqRiZDAwkCAQa8IAQgng9cRuUuPhy2YTikI6FpuJ9g3pDFIEm4Q3Zpw08GAIRQQAEpJxZBJYAXzhUZ6m21lBYlAhCEjCFOjKb6MZOESGhAAwLaQQITruEJcNSUhhZLhItbKspWYtwiINicLRsGNONlNI0hEsJEgikmOluEwGIixpZCHMLRQl0kFgZ2U9yURSPAggBBYUnBZAw8QgIASIJKEOskOxO54Bj0kHxJEwZ1ZIbIEgrKZB0S36h+hOqbOcTSwDmwmgWOoRAALUsEUwJbFkSJ09RuJIOBNYqwmQSMurIgSQR0hIJAYBOeObGwQ1IAgIAIYaQYWGwTZvCMWzi1WxCEMRuQHFgKi20whIQwJDJPBlyDIHxPIvNh5KJIa2iKQr9PLAiJGDIQ4xqEPyS6ICwEAiYSBLJUgSzGJAqGEkE2Ll1UEwyHogMEtSAYONPDJ0t5iQHGFvCACDmltaFpAuOhB1xjhmYQidmFQxlUR8yRmJBhmEZgr4pGDrLrs5LcwJQLGY30BOcREmJCJDl0+BcJbBLbAjCeZYpIybEGEQOlsdYH6bFgYWzsUlJOGsFZ3CQrKJIWJo6EEhBCBOlKmJI0EBhsCAMiDIRgIUbCQBMSSisw2AC0SXBsRZGVVXwICIpBNGT0kWFLv0nJSiqqxDFbYLAA2U0IAwEsLI9CVyALIkQlnRPPKupFAJ/YZEk4oYjxACAlJ0LAAEbs1hW2xcAgjUYEEtQwy2EoSGQSIHjLbCSjAWMRjjCFDSAgRQkkMCSGFFkIpiw4LabOCCjNKRvBASIQIoyIoibbLww4zkjcMiUIhqRoXwdGidPwElrB3SaKvwmGbOiQo6QCC5axBMwm2DNWEgElhK61JpJYxGNTQgxgSPoSE4dLVYTqpBaRmBBQ2QpAxnUvpV7ZIUgCuQBsQhaQJEansORBJbVlfFBOkOsgIJdsfDRGONgsDsOSWeDLshgCIJEg8ExPQKOjAk/SRuEthtTS0gE9BQSaZPCQkgISUTKCSDeiWAsXDxIiCxHGCyEAv0kwpYIwghTzQyKyIngtCF2xOPCUjX0gDXLWFGwIJNECGDIwsTQJAAIfFLQfWIWFhgARBOiRmnGiFBGBINlyVboGwPA2cCTcWGwpJsGQmSDBAQmASEgGAJkEqEgM3QiYYizAR4xcJqEBJAGA9PCaaWIyZJK+anhQS3WEWImzWLEIyzwlHQwPgu5hGmZFJxzZNQirl0ylhAZlgW5Gj1LOjxBvphbbr9Rk+QSKmJTSYccJdq4RB0WQXoMMEoZlgkkOmJUAkwinmEiKSpmrcRH/tXxsFRGABIksEgEABMHWECHZBJhER4Z4mkTEJGUQQWWZxLiQiTawel2Inm/ARgUWzRCACSQiD4Jk0UsvDzMZmGWKkFWaEYhJSR1C3KEmQWQg7FnYjNhJghDCFWByxIWGsp4YzKwAsDJgE74sGK4MhDkhASgCULeYwldZzjZcWDVN0j6hGTyqOoAiB0nhP4nFMgd3CKQwssItMsmCQdZEtoxTxth08E9XLdiGQyXJKSLaDNiys0JmwM8uBMSMMJAsDwJt2S02QkRlzJKXWdCyhntyYQ4eYQ7kUyiwILJIgMsoRAPE0kYMDJxOhLYlhqlKwsLCURFAiDNbIUSKbZtYwLLnRJZydoB0iMh4MKIkwXfiTwALtwkjDsBCJIJIDPPrGEhjWbY9NYZBgyEJclM6kWUtIk8cMejhAZpAeDqCBhYwJDCQkwSEBtLtkMOM0bLBHpIkMnHfGaRBL/WUCugJGRGUCqXExfGiTpKEhZIYFgQH1ICpsBuQoWwhNomyI4ifiANJMTWMzJCiLOgay4nEj0JUD6SuGYp4dJghepOU6MLGcFqMixggTBtClvGpaWjYwysGsBITbGyxLHI8zYjESGDAPhGIgZYJYDclCTGmFzYXxEtZJJLCyyLFgJNgYAnE8IBbVdXwUdGEOsGMrB1hQiCgGNNESSEPFyEY/VJd0yVBjXi2bIgqTsCsI6RGcYFGI883G7hxyM1ukjcU0J1DxAJWkbSKwYFcBYyiEP2ERAM7cnUEiEqcIEaWAkPpZl8gCWZDtjEWtogMiQTpwjsBZkMmyIthsJAiCkibKnCRWElIIEicsGfB8QT4OpL5fym5rZRowpZM8tjoIgBIQxLOiBMSJ1jEaswQsBYgDk5ExlkMQlFZLpktAJEkqtn4mlCH6WgJLWBIEhMEsOWUgRoh1BkIeQYSEXVGMmQNurMGhbLUt8ICzLWTZEgVtRAgSASxuwEDGLM8VpktgYkgkZaNgyQnxMJ8GF/RCfUv+Yv8AiT/Ys/iTSJyJcVJPVKFpPFkDotuPQXAkQ4w0CQGd3SFIbCA+Ih2lgujhKRsEZE+gGCxIFiUqSmpBZEKKSCYjoRP6pwEc2IMDcJqivhxbnCUMfGiKLKGJYhZmAkiDGGBZsOADSCAJCwDIM6J3ZYiEgttElg2yA+p4XGAtxt8FiQQC2B4wAPAhLwZvcyM9C+9YZgJD5FFiegWzZD5AECwkQJqEh7D86kLF6U//AFkApL/RG2MmKQKAFtoEqvqBqML64CY6qhPEhDkSKCIAkpA2ylsYRCRiwi6QXxASkGwjmJM0IhRJKMQkTiMhoSDuxZiQAKxMRNiJICxIoYC0EJlLsyVdSDIGSCeDBbLCpHWAkPMbrFrIw6wMsJS1hhWFCUQwAWSaoEFrqRoCUVNyTrYEq2DYQwsxhiWhbIgN1PBK2RkNlIYZrCHCCg3FkQB86Qq6v7DkSWN5gnSKu2JLADCIpNwEsgkkfqsYTgp6KclOAMoKss5hEAIqCQm2nST9CEEm1wlPSESxiKHQgjqWJ3IBjkhokvCAW1YSGiwJEXQoIGd8WywGaQCQ4ZAZMAJCV2W+KsiwQAWYRrOkEmQPhpKZCaWCWJFhBBkiAQDaRICWKEbIFYAdIKYnIDukiLyLNvrRgDrabM8xjTwULfAN1IFyxqhaLRIOMoApmJBKsLL/AMjEn5A9w42AnAyFEL5GDGgjNwStMJDSMzFII4ziThjAAzgZYJCwsO6EjMCIOkAqkZcSYQ3IJ2B4EIBWgE1JyJzVJYp6S7GdIHHYYBIAIsyREXbQQjzkQ2UZWEthmsIEotpLGsCSjAkPNLSPMWFAkoQw3wktq1hEEgQWMoi6QzrGjNYTCADILCyehgPGWMm2eBBcWzZNtCsGWmcLWhEETxCxcYpgwUxxI9Qf3CbV/hBLWZAoFmCHwi6BH9BZBZTxAHCDLVhMoJGDZLAthnoJUXmv4sfVSabGsDpKgKSX1wnyi2oISoQgAiIUggjCAkaMYkGzYWAlkIXw2G7kJBjAJZbluwDIsRhy3fBBlJNmQA7AxJQwbtr6VSUoxpOoQRKwNgswAILMTYBdSxhIyxGCLLJCDD+xhAtWbpASRODCbCLsOMNhOrppAOiyiCwJjjDIFsEEowBCmhMOJB3csMJ1CICAsECEZBcCUGGA3/ehkInRfw26wGbLHQmehPBAhOBaXCFhSz7AONy3SHoSOESl2SopJzJ0kXh4oBkx3wUbVk2EmRk6tiQsLczSGyF4WhgdCTBpYIT/ALRhBADCzLwyB+ZAiWFkCpkCQP4hkGWe54ssijYsIDkL9RIYIBdcg6s6WyIQUKBIoSS76E0EA6EFICAlA2MdEmCfsrLGECCWloZxnFhYhSgHF/HFQIweMCIsoSSEAiwBKSD0gXHYabAOIQJOkMgwmFmQAurFuoIjy3GES0sQmLLFQCMD/wACEJFUJdWA1gjZrBjZq4rllg2LCesCAkg/LLJHxFJRlShjBO2iYsBHYMRSFgkh4ZNBIp1E5DTRlCiXzCjzBAhBZkKP4MMEDxgkREcYoaEYdIBAgSEYkRYlcIirZFcLFxhurCzSDDkGnI0LLGAvyyBcEgYBGdD4wJkI6E4MITESCM3WUlGA2gMCEYAZOsqGeKwywECtuGMcImQZAObAQEECEHHfA00ImCAiCD/NpVRilhYSCWEhkT5ZANllmzAgkJ0YjF7JcWFHiRpV3/tnBJXjJCaTAjdkKSybEYSBgQssD/SSKkLSZldxmuDIrAfogryMEpFFl/kAmkACExzITZGsAYxrKAElLBUmNIWUwqQdQSkHIMTYcPAYW2RPgIzCjGAay5UWdc+EjFWMhhYsaaBCDV8CnYNMSA8wsI/xE1MfwUCraIJ+WEh4TLHzLEM2RtkaWAZmiyA6WYkfcU/RtAhgHBgN/wAMTpmrYeAvgyI4kKHMQWhAQJiOpD1MbOayGMAhOYowuabIIUB8IQCAMBIBBQEDYhkJEkGstdJRQBIAyFdbdkBlC+ukIMIBuJkwhjWAA1iY/W1UHm5LFWBiQoQaXByHCGgsAQQQZA+Iog5GhZ+ah1SEfj4k3dmh0IsAGEDBPrYJVKNCgahCILppIBDGAE6JZ6nqWWm6TwkmOjy1iAJAGk90QnQI2qtxkaRrgSBMNnV2UagJBZV2aLLQuRZ8Qg6lQElLENIAggNgNsQviAjHCZBCQlWUMAmyQhNSAZqSCSWdkVgywQkNrNhswVAOrFsmq/UphA7LhDHhBCgyx36Q1xgzqxGjXMHTaeD6Gfg5AAwgm56Sa9HSRNqQSeYOaNpA9A4S1XBBjRB5objAYBhBrZzDfBAUMAwIDAQQMxCOmEqCk+gAUM+oQEJMOrIQRPMsduKyaWhI2QNFZSJGQ4bBxNmGiKAwqGEmukOIyIXzU4LYqBYS6XcRLplpY8HIB8UCwwGzLrMML+iSicYNIggC0IAVj1BszqTzRAo4ssASGJAIW6k6Mth9G4EW+zCEHLFkeEwQiLCQDCGfAnPjkLQjxsSYPMPNyPUNalLH0JRHWDQgl0N11hcGSQGYuNgqAocPgziZ1wVqshEQTH4TOnnUZigtV+lgJB9iQh+k3CPmAnSe8ajuttXIUUMAI91HWuDfCEImkhujEZXAwtC0SSwHSzSRZCQKMG4FoEhIktITEISwFlCUghBHETElEEAFbQMO6AgH6zkpBIBuwJAEGSgnSaQ7MAdI2VtYCTL0tnCiSJDa2sip9mZ0ccbVFhDVhyRctGDYCJBIIIS4EwLAgFjcyZNcIAAIQEHjhkIYQR+G5toyAVTCAmiZIAAQwAnkkHIwcMcxUIkUOMBbRM3gZsgF0KAJO4O/QvxJKHLQzUgp/wBAWqKWIFIQWIRSC9D5LXCFdSnBAEE0Yj/yCsjSYESqwuJsZqrgQkDHP2VYCIcMU8NLtoCIEgA3D+u2eZpIzoTXRJMGfHjEgkPjoBEjUCXQ6XkEaJGUqoQOpGZGJaImgbLlTZSRUCBESDLZxEpEiolFLBM4OChkkaY3wDBVIYaD+sOY9m4vgUYxLoxMWOEYKQAlAVYQA9MoXDVioRiC3CAh7hE4CuMJNQwbQU6IDiRFJ+nSFY4EwUFbUkJNCJGwQhiKQHgEMN0Y1cnDdWbrQFvUIjAf2b4h0D/ZPnManWROp0GwYzLiFvIbU+EIlWVJRCMGyIUcJWQzdGy4nWNYXLhQDRGw3FgYLZQKcL8BjNx7PgEBQtmmcC8UdIkAFBTWBBXICAkAcPGzxkJVbFJUUbrIGmWw+cZyF0kn/wBSbKEejEaw0AQQQYIAnjTQlgEDsqs4iKT8EWAMhGSQAxPDAGwWJwqwLCWLkoBWQDY2PxQIbLYK4RAhgsEkGRZqZMhYUAPF1hDIjqwwGI1INHG4EAweYSBE4vmjppAegQHWJAxbNINsGCi8zENDUgQIurbrtsAqQVe4Egh3nqcWBwG3DsLCwwf2NARhdMWMEP3BiYCEAIVsUtZwSMwO4kFhUEJANwPcGaAI6NsjwbQgFxHqtgjEIw+xUbCyLIqpYjMmHCBAQh2JQMsoUVA/rJGgLFDFV/HGRiSQVk1F2AEiJGHTfwARCOQEcIyYGEUwwAwAhE/gz0YPHggMehH4zgXeE4uMyGxVwLImCwGC0RIAyQCxG1UG1UGNcDtsQRwE83WCQnQBAYpAGB4uCy4Osq46ubAGO81gBsBgyADAkNyGEe4LsCxCOw4g6zsAMIIAqLG1IHBM5Aqiic0J+SCJm7PIVTG4MUK4ciKDMCdSh0tCa9UR+Bd1WWRI0s4AQHAYk+QxsO6xKqLOhCVnUIPuStuJf6WEuBDIFVXDUh5m0JrRtsOIPD4wagEBDVYyAWmYpaEQc0C1AodMWMIEHDLBAUP5CqF9iKCQHDqLEYJoOJ0W2EV5gEfg2Eg8ZN+uMorKLkmC+A/iwAY2Q0kVyyAgI2/iwMaAWGLKG3XWcGRfB8BCGrAOBhA7IXM10JSyTEsfBGACAluHI1YgORJpAHD1a5AQFVZABBpAkCZp+TSgWWBFfvNDw5E8M3RdzAmAsQ+sJED4OpFhCoKoVJkjRBSgAuq1aFYIZq2xBIMR4EBga1WKsAw6GHgBKFUPVcSw0K1DXQ1kropM0SOrgwzCHnVJ9s5ihOCFc68SLBgBfihZVoJmK5z+WAf2jiW8DgehzEhJHp0WAFCb3Zup0iR4NabLjocVdVlgPBMxurPNMQ1EkRiwGbgx8ULmhOqNwASgap4Omn47ATGAGxdYUxIiZb+G2wKJOaElomY2IyoazXxyRYzAD9SSFf5KM7F2J9IkKMAZAAtmMZSPkxKjALz1sQYAYDNsFcmCMAfhuC+AgYrAM5qWl4cg2CDUfNYUGGcDUiJBNDjxPFB0hxLAAYSeiLJjgHyEA87mMjRCYJhkfAEBxhBw1cNJUBs5rADAAnCmNH4EqmFu8CP6GYR5XBijCOFpwDVINhRfh0SJmDSzkDriNiWfNzFXQgBkAAHLoDBipmMC7P2iBamiTBGVWFiZ0EEe4Cs2+Ybg0VhmGkjodJFAsiuNzIFRUGssBVEoSBBMcGZb1JR1JeUoBLsUb9mH6BDAKMT59QgwD8E21lgC1CEhup3MtN42wmRbnhmsrbIBEtAMYIBEZKrXA/BhBwScyS2NSFwJsJEyGaWUigBiSKEgTY/gszhCWhCiCkKAfkYJ34Twh8ImQcgHGsGGLBp5m8SAeJJzCR0RZkAgpZAnQTV1goP6LCFYpoIQidQnIMVToKAgUe5zFWAFoYUYMCgo3XBQkdBwXNCJyAWQf6Q1HW2HG9ihbhFLYAC/e4ydCkdwyoLEVmnUJjBjQCGPWQMZ691Ygn7SpU3imPADh/RpBha6wMUgKsE9cWZBUMcshoYstBAbFA0BfjgrGVzg77PE4vHMEhZYEVwGOseZ2EzPC2ZySin02EUoRZcNhBAkAjgJaB8bbb+GiYzEQEZWNqOTicSdY7L+LIUQIG6AbOhIQQqhAsQERICQk8YEGwsQWTGRwUhAkBSBAfl0hYJUku/1ZLBhAPB1SVhkYETkmihsDLnCchhRNdEYmCV0XVQkwIRBhgseXVkSq7DErlU1GQyOscxJoIJXwsQmkCqzCtCBWB4CHqXuE6qDCEo8GaIRz8Qg7ZSvQW7yBdkhXo8HqyIEUcdwHLtBUNB0LQohgwxRCpiB8WUC8cGwccOoTSp6O6tDfqxZgatsWA1VS2xiu93/AKyCy57uAUkADgFjMGwZ1u7EIAR+G24OQjLkh0IOIwYB0XP2IwuImu2DByHAazDunWGj8xhEmwYZwAi2HZdC1BIBSFFhrSXw4JhCKDZsMhhBkEJCBlumlqEmAesg4SpBkH57qs0Wv0gEObEgsGEWeCQ8AlJiIDF4aMOLok2DASAhzNzoa2iEN21SaG90QYCDI5gYM4ULUwwA/wD6y0QBoH1IsKRquDMIbMVFRLSAQCDhjA6Az0LNEeosEYRUoJL0PxF0EhGC7meBhYP+GZdMhU0YHwRvDBWA6D7cZKsU4ujrIaV3P6YWlJAQGUUCg3cxQsMIzBxwDmwv/wAITZWHA6iajPCioYwIQoiSGQsT+DQjQAgAQ/Q4dMMLYIRPtDssWkAL4wyP0YFkEALAXdwtRRk6dYBQRhf2BjqP8BhExnIAS3wJAOkDThYZmExB+DDbOQv1zCBKNoBYJxLEdGTBZpAMoMQ063DD/Dc1aCBIAhcFpcIIfAOGP6C4u2OKGuXJoDhtmw1Q1VsJAj9TSZ4wZaxEQ4nAIEDmiY2phWI6WTMCGK6rKYMV6wBiqTSAjL/gKusoCEbvVH4EgI/3HV1kgA4eusCXIXLmjoJFeX+GOjDUAYQsewiMQ1BLOnI6kwasFBgBauu44ZLJCneso4xhic0ZwEOfBNNLIARpzqZHEUBHZJ2cMzcIFByGaTMAiS0auGOP6EdxYYomIAF0ExmGA3uafDLQKsVdOorGqCHGHgeZ4kTIFJdRiJJd45nCR/XSAaa9J6gX7EmKf4DkImMSljLEJ8YJ1gB/DAgxwSAhJEtobKwbCwHm2E4GQn9ElOMh/hjhmPSQGn1ZmAF1irYDzQt2wop0j6GeYKNf0MjCfIQXWShFBr1TWLyAav8AVggAIAtWKckxIGk4GjbjosQVZiiTImophVCwAOuCrECSTAMHY8uWATRYWmB1V0WHsVX+KRl/SkQdHGQGaDn3FGWAniA6hBQW1zUkNATA1JIoGBJgFwFzCOg71BkIoPdRqzI2gMwwiBirJ2TYYLCmYzqzskmYcBs9jUwCwRNAGgxbICUY1AJKLuDDdWJEbuhjHg6DJ9B1LfNL6XRgDbkozVHg1HGAcasrwYDRJps+R1/xG4iNloWBnxn1iEZSgcCYEQIZgeACwSB3ScZYxqUYYUpswmrIQ/N+NoETSZhmqYeAWTQxILtkKNEh+mWgGp1wkER/ZCQXAwgWCpi5ADDkAA8VgiDO7HQHvVY5wNyMEYSipoFlSjrGGUkq70ND6QUSBE9BJWClcEUI/BNjIOCsyAI0ZXZ5a/sVVJHLAePFWSM2AoNLIlxwCKDQTcAFBNwYAro4zkhCnBMicf1NUlkjDVDDGRh1NaLKBIEq0kiAKAerBUkRJgAjgD0GkCDgl0AR7GuEAAWeBQHV1uks4jDBS0FGNafMxtulxWVBnQN3YRQIxoxBcmIyGL/kMDCbOg4zNQZjBopYohbiyIAwBYwJIrMGkwhd2HuwOOSQ4QXh4fi/GEwl0FmNZuEsBgBrIQSIxqJzYXWQSBf0MkEGyD+hYIAuyA12XCOoW4XMJKEMjHS3jwHjppION3G4JPwhAs1dZ+ArAzMWCUYGpiyaFD/1jVlerAQBQdOoti2qX74B8SAgyGIxQ7oFJmLEEa9U1CEmcPQfuIE+QsBDNRJwIEeVDiDN0ZUI3Yxz9rOCDuLE2ANB6MfxmGjiraEXZIVUvQZWBcRHoLBIWEPjqbqyaaQQBoiACQUUPxeySSaESJQm6NkVfSBFXRv8zPMxIynRbCk/zHJQJukqhCuhZIJCQCEkE0tMpNlElkRkjiQabIhAyoWFfz+jOwawATFIOEixDfoxtVxHM2Q8xGkihinSd5gWC5rpaIWCAuAGcSN0E36knheTo9X+QhpYYs7I3A3OgM6HY6AUu40TJSCGbUA/6kMoeaQiK9QYDJKpg6MfxWf21/xpOaI6hYxc6rOCYIZghhxUnrUaZIJPAwNQt6A/CiJKRBzVKzmsQoEYJo5PCQpxReCxFOahIaTwFiilwmyxtAdw8TnYBN5n1YRUy11z4IjCAXc4RoSamkhMSQqb4MmsXVxkDgzExgRjRXLEyIBlrj3IL4Vr/oOSNkiiSBi8cGI+LBGMQmWLhIFrxsB0jBBinihgGJ+J73ELQMgAh+H0yTgYLIId83wUhEiQOEoGrZxAlEayTARmuiTUDhEB8Dq2D0bL4fX5xSQDF1EIUJISkMALUYgMWywFEMbNdiapMtDkCMZOuqYR001UAirb5lveUD95HHuuIhEIhBDVUXuwUE6AdJyGoNRJzjXVBG3qgwVZwC4eMBgW4KoBbxw/mh/dyFBs5uuozA4Azf4X+7bp/EYze6d3CHiAJB3VsV8AARIJ8E8BJS1SV0DjPSTSDIGtgTTDJRxGWomQEp+i4Fl1/wBBhEy1CWSgLDGJ8bggxkEhYQiRgyUks7jYPA/4H1IGmqj+mGIrhAcbA6BaQlsFuud4WAw8dBHMYNgDUap9LQwbT1inNJEFLVNTeu5Cox1XgbAuAWNenU/QbCqdxcHDjMZmre7AtBUTeaLbwgrhBhCE+gALEScoQwZQ7c1EdYngBin2BBZcXqNjFI4UEkYCS+v0mAOPYjisfpsUJMj6FfpJgBEa5ixxBciDEZAlQ/GA3lCIUHM5FoBJpEQG0WE91NUj0DQxfCMk0OiIiT5WGAGEj3K7IocAIkxVmDYF0iADiedCUtMGSIObkEFqGSHBB211QljgbBuxHF/sMSjOolxIkUl0YcjJGkGvCiAEAiAIRIrAn+DxgR66QWHuKEAAeZM9IyErkw4w7Y5ABCKm9y+GhDK6AWMG9ywc02ESACiajxGadMBkFGbqajaJMAYi6wh1BSDBt5sRJHypmswZBIKaZABZ4CiJbXQ3iToIJ0BduKP4skRgIhoTkifvSGwCFGOYDsuUCdXDCLS2oG9bRguPiIy+Gi0VjiPRDNbJdQwRlYpEMpgUzHNJsKlTpiL9Ic1ahiirDGUIA6MOtsAzU6AaAGqHcsAAaZoOpDMa3MOR4jVR/wCZDDYjqAWWUEgzcFcYAG4gmmOMp2U7mQAMJzFbCsLAFZruwwdst/1ngH+6xjwEj4AVZJ4xmYssJBgSAwyACyrhKJGwUsP8GTQRgCGdYRFOMAOsHVAzIQNW1cxs1GBuFS0VAd/q2mlTM+rgRjYBhcLAV1hGRRGQsDAiRCRFTADgBAxACJ+8YABDJEDpiYYwkAdMqzCDibVggIHc14jBKVEc2NAiCCI/3YORU0FoCVhyAeJlNiv4qtxMIBHAf6TYC6xDixgOw2PwBIuiiP3AGZYlbIDwBg1GbUaYDNQ+jMskadMBgEXKLjr/AC0dCugGQbawaBESmaIxIXUMwRxZerIAddiPAGfcMI1EwgTmb0gIDOq5DOIkwZFUBCCupCZhLg2QkrnUg03/AKOkXAwskS/3GwYZUGW0C0OubaBPYCyoIxgG2moQBqETMJCzw/J6R0lyJaBZAhB0l3WQSBCG3BVhEYxKAGhiIfplh5o7pCIIxh4Z0Fqqh22IgQQYr82GwKZ0iNWlGMgRMw492eIceuwYEBwJgZ/IDpJVxxN7jiSqF6EDAZbAURMZIMM1lmgI6ogEUFTiLmK8AioDe8TjG/olL8D9lpI1TMeGEwhwGf3FkyI3OqrrEA/haiEQjgB6wimH4G6gQoDGQAiLCkJzoK4sISCrnMnOyCDgoNdMC6pAgHFGg/Fs8oS9GjGcFGGBGgomm42Q4bhmDHQOZkZC41IGMwSgR+pGwM+rIDDjrAJdV/3JZDkOlgMYxMEYaQAwEgdI0EYHio2qQL4fkyxyLI2BKERf1ilpDPpkO6sIGusgXIowIgzocWETLSE1LWQSJ/4HFi2Yg/pNCaQLiDRVkAY8gTQcdIrMCrr9WQgB/qbIwa6WOBnTmq6sgw1zIyQbcZu4wBwTnIZSa6bHWIoIvDVGKyFb0qm8RnkmAxePXNZdtDgPMSUYAEgxXVRyuuEmM0RQ1JAIdtAEkBsEVrprLp+I6qxkzGA3DNwF3eeucikQjBIoaC8C4sw00zFgEGmAAkUgoxJoJYKWG9QZCEPBp1YwIv8AooTGBN/RiMUDbkY7i1bNCrDKCVEqOFjqQVGcEHrhLkP/AIBkEGVgtThGwEgkV0YM68AnGAk3pJluEP8AhuOz0GMgSIKivGWn1kEOa7IEG8/vA1sf+jODAhgYQlgmp1wiCY1YCcBJAaqq/c01t0kDVYPgashAADUQYV3cYFoHTNZilq7sMZxAZ0WEECAKGBBA1NBYqyAjB1ILE2CuOEimNVb0AJqMmjQDPbAIcEBiQG4wmmAOejUkgSgHn9NIaCcB01HNEKgHvTqrHQAzi1Ygg06IaYEwqzV0zSw4gMAjjKuoVEEPndOBwT+A2xQIRyuyL0J6VKGhCUF+BjIQEUP6IxAUP34VRmGuFFVskhaHQkTASC9EmJkA2OukAEVEkBAxUgpgasJhLXD/AOEljfMEMJIkJGNOkuYyPBMzzTIkfieHi/TKb6DSApG70uBhEOjDOtgzoBhYuq4eepCYgxDkBQMfisKa8ByF1c0OEImka0UllrUcDdUJ0pBjh/8A62DIDAU4CMR3GakRwczJ6R/YGDMiHQMGgvo0pqjp94xvB6AwBbSgJrgf0j4gVojAzgCVIqIxrZF0cNGgGwcRE3P0fuEChxFxo8WU+I8PpRjRVMd7mI2AJtvysd9RNGYxKDCi6S2kulMi4cBz9o71IyHFJhmAEqMOwgGqbfpwlpRBIY1CHVkZBEET4jKCk0E3GiWF0fDEtTCB3EmQpwIVGOq//EMIpYo/pYHUiCykIlDpCrCteCpAIVAv+A2eLDngkAiMygGQAusAzN4S3BDjY6v71SRRY4qMCgAkqY5nB6iwjRbVnE6CafTQyCwJpwApY7hScTR+lDMSQvM3b6KLAgL8Y6IsZKgIrinNBJwAVAchMOU0AcNgJuEEz4NtlNT0OjDZAFH/ACDIQPvdFFiIF1dJiSAliTURc/ZZwAlTSEBOhBoMHe5ZFAF5EgIDGCjgH7dkWuIPgJl6gD4WTXRw45I4c0LT/wAkQVcIdRfosiAdYZCTibMOxGQJUYVaJxLggQ8BHtVRmQ5rrcBhBjsxNiYAEPm7CFGJLBB+3IQA4WjhBhD/APCMtEtv+MkkYdJUIm5ZYMgSgVl9Pr+ZDC+nxQsjiQeWV5/EgYbzG6GD8YFHlhhByTDQNBEAHQAgK59Z0cWQjEAIFZZqojmRmAgF10kgQWoOdAYQ4YvVlBIKmGtgKG1DFFkw/wBwzT/pINLRdyQQCKia4RcKlFfYIKdBmpxgCtANDBkTIAIFRP7k7AEcfmOlhU7q9XVgQ0vCyBui5n8FZ5a6BYW2xSUacERIrIzNEUQgMAEFbNDh4B1G+TSfsMlcSCANE/hgoQowXXwMi9NZQLg6IKzEAtDgZkZBwAERm3weIMNNDcNgDpEBBwT6wEyCFhCXHCFzbZA6ZcU4sxHGAyI1kiOP/wAaxLciVasdZGBdbOAQHnBPCDVO5+y38zrOBLvhxhEy6hwSo5zCcXJSMSX2wiLW04+J0SDdTcxMJZ193cmoOQK60EsBUXNXM1IcMIISQSyM+7qMYQYODraCL+A+rDCUeBVxgAMBf5wVlBEZsLQoGAJuk4CuMtSDoJ9cxtSAT8UmSWOMix/rFOqylR5KHI8JOCpo81mIYqaYs2NGOBqgzIfqDwo/+JNAFjE1EnOHJATGUb8o6YtpWaqmNs4tMcTWdcNf/O/yyFVfr1j0THcO6vAKstomOMubikAbkdADHbCaDFQbnRyHMMgQkgMSQYJMowPloNZSMsNfOZJZlqAFhKSWWfEZE/xGA1gU/jCJDlowDpG7ib1PXSWf4CwMIdH1Y4wJJYAZApqamkANC0kBXHDrIFp6HNMJVhdfp/UsDATpKGr6jKIIgjSIgJeoBTYqFhokEglXeqEsCN1NVSxt3DJAqODnCFUHIBUIGGaAemEBuh0EkhQdeJIvkuPwQkECFAZgzJzqkKA1nOSohIPRjYcDkCLA4gKPUGCB01CUQxPmjhGuwC4GCvYbKGAJqxMswi/oTdZIhAxC1ZK03GJAgkAOjCThhkjAeB5nVkEISiur9+oStNPmkgA/tZlEoLoykXNyyLEHUtRBWYiLkyGYHsAFDAwLRwg02CAD5fISwwLD+Skr6SJxPyGwif0sX+thkhLdWZIICQQwB0YqF/Du+bCywlqw9T8EQyiqHJASgAnPiuyML/IbxCQJrqCEYcBBR45qMQCrqGnUW02TETNBkHmpOgjNIqRDmC2x1ADfx34feosqg1lhoDTrsQACA6D0CRumdwjQQJhzWbE3UGpxgkNaIOpdYFEDuMqlkYobcgaophmYZEaF20IpIoP9s3Vl0kIovzjn2WW7gGqSwq3EgAxHZETd10kYIptSmjnE3pKqAXDhBinwxxAAAaavXXWQXVB1dersILpOhkKH4yJQjHJGr8VjEw1VgCISshutIaiE6cB9YQYARMDIqqsHQIyEN8FegjPzI65JpiCSBq/EZ4liXOJHirJGAI4XQZQVYRDY4Edk0B5vg+KXDwURn8QdJkQ/ukJ0HH+iLMgC9Dh8WC4iDmP9BlAG73RxwkKAfAekA1jA6kEaI4euYkqdRQMd0sRBc1wB0ZKidSQChmg5HTa0fBCUhJC8CxKg7Ahu8ZNHGCF1QgsVsFpDFSiEAnVkMlAT44ysUUBOo+IcNSbjJxoJ1/SAExAAxjIpGQNHoEL/AIUugxj1FiBm8fKyhYiA7p/YyzyDBUT9rJgLCKZ9YocLDBMkhkCZEVEJEFgEJ1IkQZQm2cJ3g4fWHgYFyQcAZCtz4EKqzqp+sCB/SAwBIMBIQU0biA2n4DLiMMgQCB6fjwkKjOBCNh4TJNIi5dxJKjNAOa+6ebdMvBt38fgNjgprwk2gfuEghwnHYFUSUKQIJY2rbnCfUGfocLACuGakygXCmn3D9QC39ORGFDIAHdUdeuS1MB583MSHU4WSAp/VCAglDrhIhwHdQ1NYCO5AAmg6azICQA6WgaSBmukt03sqgECopARUXesDi4FN1G0snFx2Nggg1IQmYwVKvFgCKOIO7hGIOBrqyAhRokACrqZ8EQB8C0IQ9jlxYQfNSE6wMHCTC0gEPgSLCUxGIBAlQMoASoX0WNGayeCf9CxhP/xbAKFz9EhP2QWAkF8GGUSWhLGEMSYPHwZFSTHSADZsGS5ukC6iMYYav4Dayl18IfHx8B+zcgeML/MYQIj9YhDdP4zcDq22CVcFZAXZGKiOyGftVCQBxQF4gyOFQN1G5or+g7qloR10V/8AGVACJMhYaGHTTYjrYowR/T0YDQjABmTsVMMB1ZQLmEIgAfp5iyYon7LElIQoH5hupBNVukAwLDYaiiYQmIMMirx0hTgMaFQM1VWEIU+uywwQgrkApKuVRlDQYE4g2kkcDD9TFYcJlQYwcdZKQKkobkLKALEKYEAIhffqBlOgkh0GW4EjLAbDELAojsIksMZMU9Gyv8GQVCOFuvWQWwbSQYGYeFoscJ+A+Dbr4EfgyW5H6PTxSAElM0B8DUJGJGNJqW/FuXd5mQVRX4xoI5pKAE1PqwkFIHBx1z5o2kIPEIAxxXVkND4rjYbAPdWiTDZhPQbDTLSUgqp81dCwVYAmPRlMDMW0nUtYgtgHDmEDB65DnAiQABmBlhKEuuwDVIXBsqH1l8R7/HRnul6iEhAgTYIKnzMCdwLFauwlBnRbSz2eRRn3JJQCdUISD0/EsERIZekl0ZRxhfYG6x9ICbMAPxZVgsmWEsbtkSQ9SCM/4Hg/4CHj4CxWpn9EJqk14ZAK81kIowRcU/4W0CKbkIUOFmcH1gQMDubvNZOBVcICoaxgMBAwzRl6I5if8qE2Axh1jyU1xEhFwbmWqAcMtPpjGLsJCH1MkBCEh9YH1IaGguygD9bQFQW1Kutq8HqbK64G5v0RgWCu/ZlBB4GaxJq/5wyUAAW+gylqypNBgKsYRixVnl/phhBwKIGDr+B+J6giIZAihl3DkanYXGV0XpJwIgH8W0ZQq28DOLadJWziMOSGCmh5vg/gebj+L4yWpDLpowJjbT0Zs6T+lpwWCp1+Zko5hjsAdQcjhqWiQATPvANSUFQBy4FXchGFlFzYYKYKTriBLEVnAwRGCWykArLHgZPUwzcx0ZQKHST/AAjKTVWcNlREgXHUH6ME6EBckUBW5mbIRWH8I4AAyNopPqngdIYNElhklQ8CHUhB4+Ef4qEIZmAFskoAeEXy3A/8wOsgg90tnJAW5wtW6zUWGfgP4FpLiMOh+D4+PmowiUOMq3HA/wBJfcGPtH80xCdAQ4yF3CUagZAEEzu4yKuhI6hcV1kmY4/S1dfRta4loRVhAA2XBp8RgcTS+pRP1hLFD8bUHW6YKSQYzCUgDn7VwIXXM0ZQzjN+shBESAyCcMF+phYDtOIYEZyPK4JBwhYdYhHCcIjqQIRwD8hH+TAE6K1t1H0vhmB/5kyHGCQwDpYyAHSxYBLon4D6x6Wh/B9Tx3zULRCLGCyYgn8TYjNQhpOMma3bVzGU3dE/q42lUvgjJrq/Q58wZYOOd5jLOCSIKDHALAgGO2IwczSQAgwCafN3CxovzPgZslY7DBF+FoAKy3eDnWQV3VgeCHcdZ1BIakAdCIWYQOxcWk/COhHkIevh/goSSR0jSU/bZILRJqL6XyxB4EaYQ6NsYKWQQQEs/AfwHxT3Hj4+OepPiSsoYYwziyn7ZCUWsKkM5pKGRjSGCqX+I3OfN+hIGh2SBOKokgKL/AIHR15mYgy6o/jistNGkHStbRIUuJ/q7DIIRNCTQS3QgfVWEDCBCsLFuEHhYdkA59CMfAz8SPXxBOJJI2yExIZOgfXhYB/D0vowVn6bRIGQMhgJcMoRpywHm/mPgcliPHx9TxmfEkkWRJW2LAMA7AQPqywSPPP7zWP7I5AkSxwb4+y3qlvqYK0DCxaXLVghj5jBZAbsIQsEXUPOiJZh6vh5pIJATFfghy7CcbgsxdTA/Ahxpl/6pGsoLhYHdkQQUlGB0kGNHw9H0hmHC30J8fGZtkZkmSWSSSTTCZUlFol28CUzttX9tp7qUHVk4KOFgZIgfCWymHfCIPARLgkLDENhw+2ACUJBIXEhZJjGNSTGYeKMWgKMAHDdIAAB+BPF/gy1n9rEAgJIAgZHMJBhWIKVeEMej4Z4MzR0gFs8fXxkmZcmZlmZ3WRnSfFbMbg2jctf20eOgtyG3YYYYggII+sEBLDCQjdOWCASFesheM1rUTGoPF8IbKOA2zoP/LAwbb1TCaEEP62Mv5RA5/Yzuy0zLYThB4lwYGWo/gfDx8OsI7cVNnj6vjMkzMpMjKMkk9mQnx4S+aYEOW+hsBEEERhBBBAYS5dWIVgRk1yzIA1YGD5alZEkgh2WykOusUjb3E4BZuIIN3/zLJQr/X/AQGbroyDInDJSzw0bkaHWWMPg/kNxIshLDoMnj+DMyzMszOEzMzJnqNknhrwsI8LFggIGASIIIMlw8CBhqQg1EuFgoZorjg206y5TMaRyCf8AoWw3ibj/AOQX0Uv6sPgHj/iNSxrVcItgFWMWwEEmSJBPOARvh+YwgkZyfgz4zJJsjjJMzqzJJMyWP8/BIPMyIg2AsdIMgg2DYIwifiQQQ2CI+RYVLCtkBAgqWBQ1KrCOAz/FHGoQeoxPCwDAH4v+JCZggDWHZbVNdEgjEtg0tRhGKukPg+Pr4MkdJFTfSSfH1mZZmZmWSVGUzPnH3kRg2KQMDmQMEEGwQQQbEwQgCIEsn2IR0SRATdxMsBURwjDgR7v+xaKYnP2sEBIpgQRGEVuDtn4Nok0IZ0hJB3bSHw/PdIQxBEDJJ4lkkzMzJMzPVZJxkkxwZ5rP5BBjBZkEDBEGQQQQW4QQMIAgglk4MLbBARF8B5sMMP8ApufgR2xh9SRGT4yxR0JKyNArEXWJnTJVMgByAkQx/gMmzM+K8WQkkmHmTMkyzMmySTITJMhMnhGJ+AeBEEC2bAwQbBsmsDBkEQQ5GrZBLPD4DDDDb/sQ18jwWIzqZ4IdSAcHkMAGOQJCyGxHJQx/htukN8lGnpApwkZJJkkmZySZCRkkkSZkGRs8NfQxgICCBYIIGD4QYkEDMGwZBkR4eCjB4YaZbDDD5v8AqSEW0D/UljYIZ4HMmgoQm0wECIIO2iazKQw/nqGng5JtkQbRC3AmhAqhJIySThMkzMpIyKyBZoySSWWWQEHgQeAQQQQEGwQWAWarBEER4F8Dlsq1DsoYYdh823/IgqFsA9ScG0lHNnTCMLRNWSBowMAJx0tAkGjKRDtpHo/gxIMC0R0hAjbshKJGSSZJJkkmSSQv6khJYeYQMEBYwQQEEEEEBBhJBBkEMeIxhgQwtyW3Y2DJQwww/wCpfSsGJ4T1YiAAMCaNrNm4SBniRtMTCIGhYEeAdyP8G3ZNJn9hAQR9QZRJJJITMhIyM7MyFh6EEBmwQWbBAECwQQQHn1bMwiIiCpHOFhBLMEDBEMJDDD/mQRKSkO6rHmEJDMSBYGpAmPhMAJdAwRpIcgkOSlLSH8j0d08SQZDN0gAj5syCTEckZFmTxk2fEmzHwI3SCCCDwCwQQQPjEc8PArD+iyCD0NgPANiQwxDDD+T+AQ11lIPCxCGshMYIfZEJbLUsTGPpakv6IFQL4ACKiUljEGEeH5EiOJnjjCTSU06ROj4vjIMxUkhJJJITpJsngL4QQQbAQQMBkBBsHj59PQhcB8iI5D4BAQEEAEgyiFhhhi3zI9PAg1wiVWcj9bSCIE7KuDCS6WiAyPABZsKBQQMFywwNY2voIQ8GvAhfEJ4MPmH4HnAWA/i2Z4khArRhcOG0fNnxCQkSpiSZJJZllljBkGMEEGQQZEEQToWC2Z5qsgasCxBkEPhBkQQemyE0iGFiP8CB9ZdjhBGsgIGZGIBnBvjSwubCMCzBrr18SILwkv0CBUAYfQ8g1ghkEfjr4L4KMqvj4gyWlxXUgdHxZZZZZmZNkJPHPQggiCCCAggvgZarZLKZqzvQbIowDMgIggggiCDzPc2xIiPMg9xhQlICCbdJNVuxAQxkTqQYQg4wPi2Jp4j4vDwECoEIALssQAghBJEJ6Pgfh9IM4fjlkgk6lDotiAYJoyyy7LLKykzM+Zj4DBsAQQQJBEAPMWUJAdYGmlkNXkIQEEDAwQEEEEEHoWWQQoUKHDihgQCwkCcnxLhQsBYWjAOLGIjDhgpwZ6z1oyMQM6D9Vi+DYBSYSp+jIwjN6iyFIhiBCPg/gjc8AK6/g+ZJ4mmTFDopHzNPEUZkllkkksw8x2AggghQQEEFisoiFUI3QrA2rCEBiIwxiCIQmoTChQocKIUNmBAsQWQQWQHnAWcKQCxLUasmqbC+MjTZQ4KEmKzIzBMOx+3voojKoGRgRJ6LDCIDCMbqrb+GP4vmSHm5YMhkNwoKwj4YY0SXfH1ksIIIIGBSEwrg6wvQXWaZRgYXRRgA0sbCKOV8GKGQYMAgwSBEJlhBZ6Fh+ZOi21PXVgpImEQSSmxqpDHGNMWJJiYSriwiJKpd/HL4kZMhY3/oxFBkHEkT3UhYYUhI/EdUj8c8SYj5gwNbDIZQaLINEGUcVf3UtPgsH4njb9yKE6i4+wh6Z+KA4tomBL9lKRSxj8jL+BIh4FgQXwgFlhZZ+AQeEfkH4HqQoYS74fAguCQSAKt0voOhBw/UdBkG6SBn3SwANqmkaDSMcJ9IwaR4CVGvBJBlizPBSGMQIR8QTHwPc8z1FIHCRNWWix90yGSyz0Sj8lPi3ZyNPkbTsYeqiw0YcGHA/UD9QX6gEEgEAWH+RHh/qgVLMChYSacyT8SBSXLVlTSCyjVl9BMjpMCBOsJBgMGNCWUEDAtkjFckMh0MhbpZjKmYkOQwhjUI+n+GeZdSJPnR4yBYWBAyxAsMGDBgQIgogICD/I9I/I/wMOpuSoFDiwKGkC4kBYjCpaiTWBMSU0gRiS6umwMBgSMow4IdsA0gQwuEjJT1yDHj78CFUTv61wZSGZKVGUOWMaWgQII2ikGAwn4Yf45ZI9XzH5HFHFKGDACAgI9P9j8iPx3IwqmzomfFAEYwI1ci0hM0h0k1sghpBVIUjDAhZRSctk7kGCeKRQQA4PNIEz45jvFkYRFEV+gRAHdlEBVX9qkKkUVh6I6fFZDnTclCiSKIJvmoQvBNQ4MCEbSPD3CwXwLLPMssgIIIPAgg8Ij/AOE/M/DciFU2UR/wxAD4NV0gTFgMs0gcI1IFBJQcZYO4zqCkgICoQpqYw7DNhLCUqJBRf11AsAiw2NSCNK8IENwS2G4TY2ejCKYWT4d00ZA9PpOF8zLC21C1hYhBEKHBYHoJYQQfgEEHoQQQQR+RH+x+B+WhCPTZm6DcW6xgpaFRsJQhMeQoTjChhEIsoLoVgxxhE6DCIk2aEEQtSA4SAEsfQllVUH/WsIQ4qrA2nUJeS83dyUSKob8xSBCkPmsDuEOs34MmCBpo9+AyjJZJ5h5j7rCwoUQYYQxAMI+BBB6EEFkHh/gOn57n/wAChJGMCUNnev7YpxhYBgGcD4N3GHSTNNj9LQMhRgly5pAbAJg6W51DGMAcIGQHQkQApqHwJX+Fwzgyh9DBSXCI7kKaLmn6ZKAmGQEOkdXYMXMc3rx1mDENkxfxzHzPwyyIYWGHYYWFEA2n4BB4f4n+x+R6Aas5IAkmqfqQOIl8ATa7CmMOkaFIAClgbCgqTQZGYya2JIQabs4GVGBYJr9xgWO7sKTJutoaTr+EhCjD/WII267F1csWZo/vgYpAQBmIa/QkIAHwYAePGRLPzxYMgsPACN3wchSGGEYWFCQjGRHgRB4fgR4P/wAahAqpEId/QG2Af4WJuwhxlcVgxkDFGCTJObD5JqAwPpIINhLiy7jKSQTSB4lgIBcgwEGkGwmcIJAB0xmOL9DckJhFB0hQjCNxnbAIiyggRmQQKJaMFeP6JNdHm2GeZ5nme5AeZ+RCww7DkMINjUOx4H/2AGrBKggUL9G9Sqr/AFdY0WBCyQWeHIJZpKhkvMbDdId4wLACxqSC6ljbpZnWGVjNXYC4EKGSVxgCQoCSUsc0QRhOKHC2YGJBSTUhl8EYRMy5kA4HYErRHBiaDwNTQy6SnRk4Dlj5nufjln5BngQZELDGsQYIP8T/AOJQI11I9HrHB1ZlF68DctSIgcL8bDCBIRYDDZEBZAQjfRIcIB3bUWFTGwG2NkCoWKkhCNgtJGmEAvW0oOyuJhAeLD1MWYNgCuZrko0HEio3FJZWhcYtujhsaD0h2t6YKfF4zgIILgOiBhnUtHU/LPwNV0DzBTQfwDwIIPAg2CCDIj/E/wDg0IRVJ4QBOv8Ap3YpCr1XVuHSREujB18BBqtiBZclOG1ENkCASAyQkRQLJ1giQd1hIADaBm2ngnyEJaIQJIZHI6KTjjo2bcMYYEySkb0sTCQRJrQ5FTNJNJlzTYADpmkI+Z+ee5Z4EBAPmQMEEEGQeH5H/wAOkAqkAgNIxZtsmDAsYBxdgjAwdgBiXYMEBMJAyDJTIBZD4ELahIiETZMc1sUfBxIDx8NYAckauriWxDgkJgYCnZ4EBBMywJEiHFrCJBA/YwsP8WQcF5ACqo5pAUMEV7wC+QDQVDjrEmmo5zqjKZoF4sIQGDfMLLPzzwPQYI1AgCCP8A/3UIRVIxwQVU/4SqYfWNCOIkDk1sRASAMkQgFMm4NwINBgIOSDbs0LVYa2EhMZNlATSQQSCuWHWE3STgEQwBcIA+SgWBMd1tATBwU6TzQIr0ZLgGZgARlKAcGTHzPgsJGCbUANLW4OCCKgftnKEAfp4m7suROaHESbtKGrjPAHw+NlCwAiRj5mWfgFngEEEEQgEEEQfkH+6CB1EwQW+mndZT6xOIZaBJhKCmR9DJISQkGEHWFFCwAA8C2BjaqkDJgJGDCBdLRhQ6Wg7DLMxgQi7QG5ZYCEGxiSEqGEouJAPDsFAGzeGshpSnHmhCqgMiy+mMTWFMw0gnMIpEMwgu4ypB4tTTFJuQ024w6ilii6AxGGmKwFxsY/4OvwCxZF/owpiSujCPuWeZAsJhRQQZB6H5h/ogh9UtfA2uJH/wDWSRD/AJi+r/wYPAk1IboRBjCPCAwScLFMHEYZSZBc1jgBktums3QEisiZKCCHwYMRs0yUslxLY0YFFZCECIEphDCBEoQDCLpG4NoWhRi6kAGoSXCjnz+CZEW3rmCNxQuIkkIuRhRGQBeOyKIN0AqSCIkTh1Ih0ODkzNBQwADrI/6tYwTWBVAyfITujZgB/wDxswQ/5giBP6MeYIbRIRgYFhsUgBB4HgQfgAf6KEl9SB6LeCbAhJp/yCyXRQfvBC6xiiyTMgUEjWJA51IC4MORJHQlCZ4AIjDGA2pxk0VkDBkACeH6zzFuEWTSEcMjIAsEguCyUU4gTGAFmtNgieAAQ2UFHIZLELXcGQfQ0DGHYY4NHSAbo8E1xs4gaRUQiispDJ4/elS6FMByCkYdCB6sNwR46oDsQCXRMSjRQBiQqEjuOQgxGx4YSOayH0mNZ/o5OSpY5ocnQzv8ZwOkxIywsP8ADCP8dCQSX1gOi1iGKgP6sogl/I48D+wt4P2HCB3WEk1S6IC0VSWu4zU12xYCBSSwyuYSpGIVgwxsBYEAOsC2ORb0tfAAbTd3YXQjW6nuLwJmUmGSyS2OuEECFXGSzOsJITS0ERuDrABd67zEglUOKWEeuBnXSE04CA6SHIHn1JFQR2GPGEA4GWHDZoc/oQRAG/pjuxUCCJ/qD9yxwDgf45/L9wNyx5m6cw+pO1Xc6JIINTpwLR1sDWz4dOR5RPBFlgtg+JqQY4UDmDa7kx4DbSg7mrhNYNH9iFj+xD/shf2W1/zF/dJ/p5J/skfiSP7JHdEL9kKPVD/ttQ//AC2O0/8AwY+4n9VYkxH8xEuqXfqrZAmZdgQBkTMIKwQcI6jAWFzGIDCFuEbQYJgQnotoPkh4lmZqwxgSlAkOKxgIZxgH4mWPgBYJAHNjhkQ7BrkiQB2+FC27CSDxIAMC5ozKcSmQCLAdFhRdZXAAXdQYDe1XY6AJKBiUGBj3H6KQl0NfTgv9gXB03R+LAzWSCI6DaGJBnRB0ZIY5k9Z+/rkBIKB3pQYVEVdSdAgYFVhKAAMQkASBEa4JMJXm4pspCVeAtBYEiRCH0VU0Z7MQ/wDGbR/4xWNIxAw1MG7iuaSpg/pIxA0Rs3T/AKsQxsf8rMYM4yVVHEglxa9mKh/6YdCQ3cixX/hdTf8A8pr8t/n/AN6sc/8AWKOH/wBq/wAr5Q/9EZiH/QFsCt+ioRNtRgeBAqhaT+iQooMPIwR6QLALIshMtKEAr/CMcbAgknMIT0hDsagpDLVACAQzlmtWAEIfukCkDdZNSKAW3It3geAxoYsCpgsgwBpcIJGKERasU2FTGWkWStGABhKBFiFBCGwNYgB0AYmkEH4HQdG0OBqYQIZmLMwDGJuJsQAqHD+hGFYjNWGaf8gKawwF3fmJGkAbwBMMIDnNYi0ePRM1lqpX+xzlplUSeAP+GYzhz50MD6rK6D3UF51YzI4UIZ96oghSqcBP/SzDEhB0P9MOyUxRBIW1k8ODJUBjoqTQLXAgwBPpLpj7hnNNJwHGIlREFlYfOjMBHExAYY9EHRGHzFVJBHrgTpMcFlgjwkyjmpYmBAKEEtWYlqNTt2Dtg6ZGjWEIAY+4QGEBGTksekYYE+ECo2jR8kYOEEQIL8CxVSwmieAQqQAl6PoMRANI0QZxJgerAEHdyf2Lh9Qs34bhCAwgLADhBsoEWOSq9YAjB+8zSEHLgpARGAdLRIu6QjjMjQJBUAL8bqBaP0XGADmLu4yWAHHjqAQr+3p3cTJ0X9ANOJKinUfMxyFYS0FOkpgCXmaNjB2LHSRAw3dW1CCL9LOujiPM1GQEcUIV1UwA4qwuA7ghV+himDuyAPUA7o2FdsMEA8cqBqQwN2kaqlLB60F2deWaGtP6Fgyw6yn/AGINIOmNQMWYSho5g2imnMRXiJJEIBhYatHRXFHThDUf0Z16hDsYK3/hiAOp/E+DEhTRYf8AgoLh9RtRDuKOZoszuC9wtxS6gITUiBuMG2A+w/psYBIMJwWB0PGIECBhBVgHGQAWCwDEQkCAEoZBgA62uccZTDVpgWmhBRWP2BI8XIBYDBkEtDCA3mwqYMgcYxNITchIAMbDSCcyELTOvgpbrA8CVlEN1gzRg2UzWMYyGSBtM0Y+iTpAijj3RYFhh6wXXdwIwDiJixMGwngnEtKMfzchQIsrAVgzrWIACOKcWcO5O64YQsncGPG1OLN3W0UAJFzBBHdxVkEvk1HqqeY8gmrCE36f8BbTjbsEZcfEhjrP7m5BNL0MAVSe74wkKDBTY4ATQX7/AGSAnw3CUQlvhNMG+gJiEiAGu9RxzZQ2dBx4kA0BAkCpGBWgReuwIREycVF9ThG6q8bRhycncPMelmbZjIyKGEOcSwYiAgIGEFjMBgQxhGGUogkZGBBHQlVxIgIIarASSIRgEWHBlHBy0HmDBoWrZtum+LDYAcfAy0kAhHwGxGENZEJhkkFWAKLCYAJaUrbAw/CeHCCNbQAGWs+mzpav2c4E3BAXrApX+DJ1XOHMM1mFNkyASlEO7AXGGMFiNqpyCTTRUN1qJB9HbBwIAIN0B1AImRIPXRZIzUKrCCIHpz5wRRiUicdHFiANRiRAgECo3X+ASJMFBAAFzQJLgC9oMaTSAESLENoV0xoVYxF5qsgQOIX3GSFECANdRAhEFxoS6dMEAR0bHUdlQ/YRgWL1JgiqoLhoSOComIQtQuKQMMFM2MkdrNakIRgumx3AtMJP02GCMCBZSARBB4WaYEiMJ3dh5AfQgFSAs00YA0gBAgG2gDjFNQc6ZOGEOQoKNqh1JcBgB0RI3YR8JA4SIERCWgng+DzGHiWw3cjcNRujjJEyULVs/gYZAohJEAMMDBWRc+MZMjvUbzXIoibkpUAAZxjIzVLT4MzZFBOEmq+6vgAbdDMjTMgcDrakBxLRDg7vCywO4UR3RnCOn3CRPsASMgjWUESuDxBNlQoT+FugNwXCQkOwOvf+bFK4L2n/AEt8sOO6aWHazF8Tf4WZEtERkjsYB0cGEgSSavVwgWk7f4AA24qUBiZkpsEGnDTSURcTB/jpIAOIk1OaqIYkTX4TFejhDLKZuwgRN1sogjcikUrJUEdHG+gG+GgZAMAcgNiEF0ZQ4bkjA7iSGOGw8FMjHRG6iGoY2N3SYGEMQt2IaTuAkO5AckOhIAmTsex6OskKSTiE8Qkay0VQO5YIBJkqKbIBJCYQuawq6Q6OTljDpKMW5aiAzAkoKpDUGccBMAhmbvkGKCEgcGFFxQ9p0TSBLUkBQ6NpEJdc64QNDQzecgN5KGndAhQVthXnVhEiQ9wdwhCwRGX9tIIDwMNtwaUtokhmi4rAShg+7iAzhppB1uARoI8/bW23CxVhK3zEoo5C1BVoMBGCL4aDvWCav+lt3KKN86GCCLpiSBhkI6iQNzDgaCllQg9GIRijD64xhB3AOmIwUXOiX0AwlAyIRYRBxEGgk0DG4yjW8AY3BFdkYf3SHPxIZA/EtwzW1bGESJDjSwmP2EIbsaDAt5pAXHJSQQcIIhYBhQkBszpK3TIEC0kOkg9cIU45KcUE2MjvLdJPQwbAYJ2RazgwWAWGThGBMcgyFYVs2CmJOGMhGsaIJJQTiytYAeGQx1Zcc8ATV7CGFkSc2hTrI6sHRwTEnAdEc1YEGGn/AOIMiofg5hEj9c5cMObjYIKOgQ4aQQQT4QAxYRqJNah35ZMA3XUFkArBDrIJGkXTgxcQqqKboZncBJM3BoLuR0n/AFwEAU8E1ICuEQsGIZKAYAYXHcgeZKCTFEc0CEAdXPoTpKAtzTp+iQyURBEmwFAV04CDA9ODgz4kLObi3ZqGroZkB0ZUYvmN2BmcdZAxgQ4aGfWBGxUtgKJ8Ug3NIgDhAjYti6MaY2A0u4zBsYcSFzRjoQ2UZTIGkQYyAL54DYPSUgkEm6SIiQJjzCwH2QsibBy4mhK4ksUbMRIckMG0jrFASRzLNGAcb7rHZQtJGKS0wk6KloxzYQWQDCGCkl6SZQNYdNGyRxgM41sm6+cBjSAZju7aXTjN44KXWCRG/qYenH9I7i2iuHhC5o/DG1HQ+E5cGTACxFuejLuK5oygHQwuyHai4jLKdAo/GUgnjVCPY6nVMVID6rOjdIpjmloUxJEBT/oNdAlAVL5nMkwBBANRRoCwRosgRIwVmJK3D4IHVq66QggdHI0AwEEckAJ0TSzNE6zhrAgdwMYIU6MI4hAiJpk/xlv8Gc6WyHabQtCqchbUBOET6UhcBEqGLAsGMZpkMTE6yE11wvoYjEIK9GExE+MqaEsdWR679YVFZIakAESQKxJgyd0jpWTQwvnUhEdnFjFNYUAWcfCKFG31ELpITBQDoETUqvW0QZF0hOi5DSRZAZJQfrbsoNhQdwkA6QDOwhSFSQEx/piwhPm4zABoBYIOCAqkoC06r0+BJR1UP5iy6rzNPp8WdxA7rpsabzgrgaoQrFDkxgC71yQA1hBCCL86LGgg3pE7/Z2XreGpjYgQdZ/0kYHIaIIs3/lBcgDZGYJDAqvg6iBQH6A4LNFId5xVGCDdGXE4Y2tRUgRxwYFDA6DmgS8SVmSpiZuiYDbyBySQbiwkG6fTNWQGDQWzaO5k4HDeQ0IEYgYN8WEZIbqEdMYG7ETGCWaz4IbbUEhhG0hsv1AMMgJhGIDwLYgWUZQukBugwASCFXjZBIGA/dsFwyzOQURIEdhXQsiYV4s7jibKpCzG0hgxJbgjEbFsIBaHCERRsfusb4J5pprKeATEGAwIjcGT0GIZ+7YJQNHqSAAcMhWlUxoSAw3pFxQFFoZCAmrVmFF5odNxIcEQZloVVzj+iWuKP3eGiDIYKHVhwUKiikhxB1DR4jBQoYCb9cGAVE4yRzcYA3dzhGBSclPH6FuWx/0gwAxx3cNbFRVnopgk41hqQIxukBAE0gFBVFgJbcACkGuDPgcUwHgjIUMXo4iydOi48CxCEcSaSz80OETNz+DjohE8FRscHGAj0W2hwilVgqLjcMQ/SQFUu47b3DCMCJaFIKKwSADaMhOkimBBDGEcSBBnEkJBi4RSBEg5qQWTFAcgaCA4Flo4kBE7ZOjGTcIUdnBrbARmAGQ8WHfAOJo5LmaNsgbBByEuqwA1y1h2B0YbmtoX9WdM8xxbr6tousS6SwBIyxiYSKRgDj0UZQYA7hhaFNxYhzBm3giPWEEB+soIabGBB1HpYQdaa5YoRXsAEXjhndWwDiOACOaraqogB0TS0ucC0SUQaBiiPQcbqwBEOuDtrFNKkKPTr9NwI08Q1hGAQj+ulgE/QxIAQ6gsLBDFKIAQvUK6GAo6QgJqRFUNtgBfXmIwFkQAu6EYpoaITccNoQMswwm+ZN1McYlEeWib3HPpPwBSdBO4ogdFgBLpDAZHCNAHu2iCbavExwkKF+k/WEwUeTIWfTC0XRyUEICKMqwbA+hYoMaIQoLBvDYXUgrAFwSzR02AOilsbRATqW267IYkqY6+A4F8RIRG2apt9MLNHSCdAgC0t65kCutgB5omLDAOaj5paTCh7guEhHCxY2DKMbv0kEdel0jAXq5oM6Ib0dyEWngPCNQggcIe69SEVNRTIqgGoZvUJjcQ5g5xWRGZ1jkmgTudN2SQBZ0MOsnVQqCEaSE46O5kSwTA4YsADRveG4MBEnRmIVQDtqqsBFF3QYshrI1TFJGIh11lAgYAAYBHs5KDTUFmoIQAiFEIzEtz6wEGsVInDGBDLTOFDgy8TWKBCjTuqjCYImgTGB6JMMdcYHUkcMHOmZQHzSBAXHgQhFz4yu2igJsIcWHMm6EjWwAwyFhLKwGjAEBQnVDNsAbBdwbDVeQjoxj0gAJvS3umLCoaJuLYSGwMBkWDECw6JMomX7QIce7t9GQAgpaOZsJf45HMWwFy3HBvrsAS5bsCsl10h1a5mdxt4M4yU2MT/gLd1sHw8SJoeMACKl3GTYOpcWAN/Wce6NotF1MzMJYfo1YEFFdlUqmYHRkFicbCAWM49FYBRRzNOmsfsP0GBKVA5mukAGoJxhBA064YSEI4JASiYPRgIGYuJIYB9HTBWQNBnSCpHqzEENXSDSANeboQ7wugRFkFOmQiRDork0JoKAFOIwVMGACMCHACGMySjHjBVmFDEOR3FYSBIwkhhwAYn0LKNJA58HWY0HaSRgTFxnVe5pAA0fN3JQ0eLrIHQA1NWAh0YMgyPokagRVEgBpACs5QjENfBFAcMlViBVxlJFPjGruMshyRCH+Y2qOHgASbAbjkASioMyEEOhGAdNkoMTXWoQAYmSLjYJiWzowGalwjWETSAsDEZbVzF23XcbVtZhRXIUdGFHS67Fmrr5sBAlo42DEAwvTIcICnRDSCARdNCXqkICmoWoAGZmfwJGaiaAsBH+oaSoKAA2Ak5h73A5hGA9wAvQWBMdtxsAV0BzXWTUIWWsOQEAKKI9G1ZeFMTYhqCAKZwSDcE4iDiQAp1AP4y0FfUjATpAimAEeikyASBTQYcBmKVjBHmOIJdJCgzB+MgidwnAgWkr1mCDC0QHWnxYpYpOwxWwbgyUTWgjEKBOsJEAYdetoJemJQxBxGNAwK6Q4Gc1gAX6IAJAE5wCMCaMGQ21wJ+DCUQyY7sBEAdIGcLY6qbJHIQ7JhPAbTLWNRSCG2/A8WN9CceY4wDNy0EXFPodNtQ/fa0TQtOjaFpmkaYsI8GDXwXEnF0QXSSBWCxnCsFqmpCHEmOZpY4I2eDrB4CRsafhr+1kYURu5gweO36IaMgH9arrhiySAMvCBhqliMQI/HmMIWHxd/YtjQRPinUZYeCugjaqiAHLUKgQ0dWDEhK6spA1CkTMIM1w0lQWM4MxHWqgi5MA691SQQQc65yRUFftdsXFETE2R1AV+BksYBU7JCARME3WAAHXVhYoTgzQFIkBMXBEScAwZKBdNuXHe62tCo434GwACwCarCIIFLsOAEGsBC4pKfJXWNyI4mBCojgN6bDodIBBBXK65AMI4M7uowqKjE0gU/YsjqlkuPBI70hOqECDA9G4LCfAs1iFMJOitpdDM6kFqRj4BCNmwPQycTWoEEzSEja67sLajwsDjIDjs6ijh0YRhehZ3UuMAaEhRzsCMGdJRmJdNkwmW4bDqIaSIYQ2sRhHxC0iAUGk8i4HXWC/CQC/EwiDURhuYsTWM4DR66hbcs4AwDUM0VzdVYVC50vFGABcwDmgDDJXKuojAmUFQcOnBtAHeOhwWQXCJ9dOsEC6gpiqyEVLpoJwkWErH8BYFqip+ywbY+mSwjv0xjtECIb8QJAL/AHo2sUCq6uE4P7QA0CRTX9j0jEQCiGEsLvUO6hIEugEGM49PdbATjnSRAMO4RU+Phr3SSqEYhMzUnZWBfo2WCKiuphjBKoc5gYYyRs3BwL60GhjGdFEv0AvAdMk7gIoOu4WgEN1+mz2Ccf7pjPVSPuuwCsZijBjAwYQhJANWHUE/pCOkILa7i+CJxZfxljshGU/acIO6PLSYMCxxq38BmnN0hdZFnCxSBYujCmMhYmAJG45phIsTRji4QMGHhGuaeIJJ1GyxCQQhDAsVVgegsKHgSG//EADIRAAICAQMDAwMDAwQDAQAAAAECABEDEBIhBDFBIDBREyJhMkBxFEKBBRVQkSNTodH/2gAIAQIBAT8Ar0X7Vj0H1g6GVqTpWguUYDX8Q8zGglUNDpcM2mKKEubtL0Oty5cuHIIpsaGXcXgaEaV679NQiAyrhEvRe8SqhMuH1HS9L0v0tolVLAjNcAiEkgQDQ63rvWeLhZRN4ncXCdWPOnIhMAsQitF/SNKhla36RDpXoJl6KrGEGVzFFmLSwuJuhOp0ayNEu44OmI+JQhEJh5g4l3opG0Qpu7QYWJ5MAoVqfQwMG6ot6VcEGhOpMMqKvMXiECUJWhl+gmWZegNQG+J9KIABoYdfGlmYmniE8y5fskkSydLMJMBl3KlQmKZep0Ila7pc7+gCBjpcJhFzYfEGJzCtcQjTEsuNkUGoCCLHtH0VCsC1KhnN6KbEqV660VSTGQ1BFM2wLK0I0AlxzCQYilmEVQBDKIiGjAOJUr0g6VKlSvQYdApMVAo1PoOqy5umwNFxqDcrUiVANCYzWdEoES4XhCvDjaVkA0xMbo+kH2ahWbYoqbpcv0kTbAs2yoVEBAl3Llyz6LjGVoODPqEwiBiDBlhO4VpjNMIfQSIG9u5fuOSNASDDkm9oras1QMSYRKgEI0U7uK8RxWlwJuF3Bj2c9zoZUIhWAV7la2IcqDuYeoxjzP6pJ/VrP6pYOqT5g6hD5EGRTGG7tNp+JsMMAlmb2+TBkNcw8mKpY8QY9vmEQwwARaHaPzKOiPUDAiWITUv3ywHcx+pRfMbq2PCifUysO8Kt3Jm0SvxAol/icfE+yBTfBm7IOx4gzsvcRcyNKB7GBRcIWUJsgQRPthaEzvGWFagMuboYAJZHYwD7RKJMPAgMv2ywEy9SF7R8zuaHaBL7wIIBAsCgTaJtm2BX3EEfb4MKSiogyfmBgYcfxBmyoaPImPqFbRQNAYT6SLjCtUmwE9oMSjmNZg4HMYioJZnj2XyKsfOXPHabQeTAgn06M2wYyYMc2CbRNsqERiR4lMxqoOn+Wm2jQNxCT3m0fEyY2BsTH1DKQGiZVeE1BoWqAkmHV9ApMCVFEIM7CMblQcTv7OTKFEdmyn8RRUC8QLxAom32KlTaIcQmytCJkxUCYmRsZ4mLKHX8Sq0I50RyeDDDDFEUUJYm6bpZlDQnmKYRfry5Qou+I7nK1+LigyogucD0lgBZgYEWISQOBcXIDY/uHcQuu4BmANXU3g2AeZy251IuqHPEyMyKHJ5A7eNGyqqhjdE1pUZbEyY6MRsmE3XHmYswYCu079odASIhJMIuFLiqFl+kA3Kj0DAwgFj1M/EzZfqvtHYTGlVAKgBJ/EKKVo9oqhQAPEUbRVky4SAOTC7Y7dn3IfgdhB1eDIFIDGzQ4mTLjQgFiKFmoOrxO2ym57GYeqKZSP1D58iNnCuGZrcjhfAg6gfSpyQSTN2fpnL7lK5CP4hyLkVBvDMpsn8T6xAG37xVnxxNoyIN6/4MBUfaO4HbV1mUntMWQ43/AAYrWLm4EUwuFPINibZj+JUMPoc1FZu/iAwmMLlQNXHoLAQmdRlIGxe5mNAIqgcjRRQ0ANnmMpYi7HB7domP6QZbdpmUbDQth2W51DqMS/ZTHut8ATBlp12M23n+DEys2QFnTzfHiZMYzMQhF+T/AGxsL4nrbyKmd3bKjNSso8eISXJYsY+cnGqAGgPPNzCwXMu5vxELdO5rjGW4BmPOrLyCKu7FdomRXHGpEy4QwjqQaqdLl/tPjQEgwEN34m2u2uU0aEUWYvPHmUI5tjAWNATbQGjHREPc6ltGIAJhbfkJiLAOIo503pdXyDUz0hD2R/EbqmGTaEtdm7dG6thi3MbDGv4uYE3ZlLOxUeW4nWI2PtdOaviO/wBwZCR9o/xCObJMTJtK96HMZt6l2bmM4d7uvmULB3HjzCRya5JhCqUINnvM+dsyAbiNvipgyEdJZu1uxXcmYPrcMwWmHgURFAXizqZnw92EVirAjxMbhlB1Rysu4WoRuWMQ0Yp5hM2kmIoWXDGiCXUuE3r1T7UoeZjXtUReJUF+JbAqKv5Mc/TO4KzbjOqOUooUCieT3mRhhCKMRG4fcRHxl1Upxju9pEFtuTG3dux4mR9ocMzWBtAPIgvseDOQOTCT/cbmwVwxiqPAPMAB4BhJuuTHyA/apPfvMOAvjfJ3C8czG+VCUrcD+nzzMYIxrY5A7CUAb1Mz5WHGnRv3X40rQGoxvmFb7TY0TjiMYh0s+km/R1VtkUfAuY4o4hg5nIBn3ZhuAcOvHPERcYc7DyO4mZM2RvtcBQeDUv6wx7cu11/UJ1FjJt5AB44q5kUH6eQ0ATRPkxkVXUVf2/dRlEMV7DvO68rBwO0CG4brtGZqquIqu2QeP5E6RM9Nuxij/wDYMZRwyBVFURFNgGBwXKUbA0JhJM6he2nTGso/Ig7egGoB5HaUIyiE2ZiUk3KlRhXrMym8xmIWYI1+IBzowLEFTx5EbGpscjnn8zHjCmwTRjJjTKxxNRN3fIFwYXVNxA3D+/vcGJwC3cA0a5ETdZ7X4EG5u9CMWv8AV8wKpHNcfmb0YUJtNfJlDb+ozGhONvpMSSPus8CdLkGBGxtuYqLMZsbrubha4nTFihsHg0LFcfiWBrYAnUZATQ0xkh1P5i9vSCQYDYuMbgxMYibRodKhBEU36cprO8wmdxxFuuYG5qudCBFOTZZ5NzKHpdjbeYmMt9Xf5NWZs2sMZIKpzR8zIzsPvFYxdARd4AJAA+YAAQS3FXxzG7nkHtAQDam/wYAQt0Bc5DVYscxMalwiMfzfAm9cXIv6gJBB7ETpUrKym+x/jmYemGN2JO5TVXzVaFVNWAahmV2TmYn+qs6jHtP4OifqH8iJ29QNTbFHEJlwwiDSvQZmFZ2iMAYjWNAKJOlDzBHBZGBH/RiIAptKipYZ/pAtf8EmN9U+AbvkgcT7dpBxbWH6mjoQqkjgniVfF2AIylkQ+TcGMO5BYA7AahxkbAAd5+SKn0gm52P3WeBCMYADXuHxOnybVLu34FxeoyjlsXHHINxHys4O2kI897lG++mcXjM6VvuInUgfTJPgaYxbqPyIvb1ofEuXft9WP/Ih+YKExZBcBvQak9yO4EWiI748XeM24l8O43wfiBszJwgPgjsZlf6uJbU2hriJt2/bub5HaI+9SVxqNtWD4mPG29XsgOKVuCIjdOu8MrFj+e8fMrWqYqJFc+JhTdurISB4h2kEFRynCiDAn0RVtTX3lsL5/gRMjrkpyBY7DwYSALMzMCk6ROS3jxMwtGH4jTplvMsHb2FNiPFNjVrEXffPq6tf/Hu+DcUb1Bm3aBMGTcK86GwOBfo2r9Tg8jxGDHcpFiubjBhhVVUByKozDjbEiqT4NqOYRjZtipSH9XMfHixu+NA3C2DfETIw2pwLAsiZGVCuO1YqL2wqzMBWw81UyMXUkm2U8zApXCDxTXEcYTY5YtREw5xkJVCeG8zplCfUUMWa+bir9MNkYW1c1FcOoIvn5nUPbbAL5mBCmMAzqnKpx5hnQpyzf49lDRrxGAIiKVb8egeplDKRASjFD3EviLmKtMOZSJuhJFULsz9S+REUIzC7DGMFH3ULgzK+UonJUczNkYkY8R/T+sV4i81ksgbexmV1GQIoJP8A+xG+llcsrNa1UCdOyB2QjceL8TEEAaioYmlaOhxkvl5A7UKiIMrsMYBtTMeTIhClLYdh5FxVZGDZq55FTAcbkut2f8TPlPTMCFLBo+Nsjq75GC3YWMaWdN0+JCXA5uGZFBU3CKYidPj2Y1HtKbAPudVi5GQeODFBAuNe8iDKcYsAn8CL1Irk1FyKwA+ZZA/MORrWkJF0fxHRMiU5+z4mHFiBbIoNtM+MFWO/ZfcxEZd7ljtYci7n0AMoZQHI5snmZBlfOobGl1YI+Zn3Y/plEpb/AJ5mZd+0EqFPY15MDBkIzstchSfMXHkw7nYJtHbjkxMSk/VUkDsfP/Uz7cWPGWZtqt3PJmHqceVSMfBHgzI7IQqIWBPjxMYbaC4ANTqHO0hCN0xArjQN3oXo7DYZgxfUzbvAgFD2sR8ep8gXgd/UQCCDMyvhav7T2m0E/kx12iweZu5FzHliZx57xM+/huPipko7Qqbuf8C/MOEcHmxXbiHGpBHO094MewcKPiMgD9uW8gQtaF8IDkEiHMyKzEbm4Heb/qYUSjdkgkxPrEoGWwSKrnt8mZf6jLkFY62mrPb8xOmdQEblSbPggz6S7RjIG38m5h6PHhLEEkn5gx5se4jazM3P8TNmVFPMLl3B578RnCgXGyoOS0bKczbEmHEMagDW5cv1KaYek9oTZJ9eTGuRSDGRsLUR/mZKJ7ATzz2jBlrbzFLfT/V5iZmelplAMx5GHIMw9QWYWR/EDDioCS5taA7H5mfKoQMLYXRPx+TMQbp8JYEFbsiqMcJloEKw8/gzJt2qoRW5AA44EItDuXnwtxAXS3FMfFwYTtUMzGmvgwqpuxGyKgmXqmv4ijJlahZnTdKcQDZK3TrMvNCKrOwAskzpenGNfye8A4laH2V5A1ubhGxhja+g+jLjXItGZsL4zTD+DoLF1FJujLlHcpvsJb7wROmzNs+//qMNyRSUZlVeDMua+6ixB1OW/keYmYHca7ip9bACqEduVmTLjy1bEc88/EXq8aLW4mHPkyH7EJE/p+oyG2IUTF0WNB933n8x8mLEPAmbrWfhIiO7ADljOm6UYxZ5aBYTzL0IMr2MfK6tDFNey6K4IYWJn6Vk5TlfjzCOSJUuXP4gshSrVXeYeoThS1gwILLJRudSmY91NXE6fKw4UzH0mVOyxuhdzZIi/wCn+C0XosA8XPtUccCZOsxqaHMfrmrtUZy/JMwdPkyngUvzMHTJiHAgGp49NQSvRi86mbYF9vN0uPLz2b5Ey9NlxckWPkQVDxAYLlmYeoOMxOtxngif1WH5g6zFcXq8J8xutxjtG69yftEbqcreZyTzMeF8v6VuYOgAIL8xVAFAQCHQ8ewDCNcXcw/scnSYchsrR+RMnQZOdjAj4MfDlT9SGUfRetzGhc8KTMfQ5370omLocS9/u/mKigcCAanQ+yvIh0x9zpz7I9mo2HE3dAY3RYD4I/gw/wCn4vDsJ/ty/wDsM/21f/YYP9Ox+XaDoMA72f8AMTpsC9sYgUDx+xMXtri8/tqlSpUoe4da9nH2P/G36UH2j016x+5Oty/Z7ACd/wDhq9pBbD3h+5r28Q7n/kgKFeksB3gIPb2gf+BxLzfpdwouEljZgfaRX/FAEmoBQA1vTIbY6DH8+7cvS/Rfu3Lly5cuXrjSuTLMJMEaGN3MRgpsxEGQ7j28fsLly5cuXNwl6DS5ulmXL9rGlmz29HaGNAoMXEl8iAVpthU+1UqVKlSpUqbYBK/YohYwUBQ9BGlQCAaCdtCsr0V7VSpX7JELGABRQ9B0qVpcMWMTcU6EeqpUr9yiEmAAD2RpcWZO8EB0r26/aKnmD3VEyeDoDBD+9C3FUQSvbuFoJlH2waKef3lQLANB6T6rl6CMLBGgggOm8ft6MC6j3CZeo9AggMyjkGBiIMhm8Sx+woyoBBrXqr1E6n0FFPiHH8Sq0WZe0E5lwQH2alSvYrQe3epOlwaXoa8wqIBGBJ5gAUcQtbUBL8+JcEGjLTA/M2n5lOPMBMsyz6q0rQe5frKG+8Gly4DL1JoRjySTxLJF/wB0AN8H+TCOING7DVlFceuvVUqV6bly/VuEud5UGh/UZcvW4e3Mu+SOPEr/ALPcxeSAOBoNGPI17yvTUHsXLhM3eux8wyyYFlajQ9z6m7TyD4E57fPeY+WFdhouj+Jep55laCV6792ptMr0qYDHFMfUZ/d+BoO4rxLinQwcaqZUr9oPZEEyfq9ZAMNiDvUHiCXoRcvmtVNjWv3VQQR+/sMLlRGvioIDAdH4MGg4P74CARhK9Zhgg7CCKYDHg1HYe+AAKA95dDofU3iHvD5i/pGgg7Q6fGi9v3v/xAAwEQACAgEDAwMDAgYDAQAAAAABAgARAxASISAxQQQwURMiYTJAFEJQcYGRI1Khsf/aAAgBAwEBPwAnor9qRoJeoHsM086CVKglwmVNuldNSpWlQ6CVDpfs1K6Lg6jGgAldFy9BpXRXSIRUMowCE3DQlwdFaGAaVK0r2m7nUeydL9gsBARLEMNtAsqV1t2gOjeJcGgNQwaGb6hyCuBCbl6DoBnFw9B0AldJhguWfYHTVTdG5Ogg1rVxK5ijiV7tDpvQiVqNB7ZGlQLpcORRAb1c8QDmBeIQR79y5elLWhly/ZJEVuYTZhm6FpegOhhAMUVoxoXCxMEuxDCZcvprS9Ll9A1JqFtR0XqZUqpuqFiRL6LhOoBrRu1yhAs5WbhAVOjgVqJUMr2Lly4ZUqV1XN03S4DCLlaVK0GoEs1WuwQSpUArR+0Had9RK9yofbGneBZsEI1A0Gt8aHiKA0IrQtULbuOw0EuAwHS/fCsewgxMfE+g0+g0+i0+g0+k48TaYDULS4Ixs6bRNg0LAT6lwGDQwgmLxCb0ZbhBEAMAlSveomLhdvEHpwO5n08Y8SwOwm4y/wAzdpzOYT+JSHuIcQPYw42WXDBu0Jm6NzAsAl1AdQJWtCE8meIDZh6T11EwkxMaqLPeFqhcwmXCSZum4zdLTatHnzA0uzCkIIgeHGjixHxMuhlQiV0ATz0GXCzGLSwm4vuBSYmIAc95ZHabjN83QsIWm4yzLl6KAfMBAhzfAm6x2qMPibjEdWFGPgBFrGUr39ka3DOBO5gFe4iEmIqoPzCbhMJhaX7QJm8zdoDEfkCMiuORHxlGneCbrAGjCC4NWlSpUHEsnUwdaIWNRVCD8wnRjU5PSAWNAWYQQaMFXyajYyK/6nsYMb7SQpIvvApFEjiEhSqMOO545mNVdtoHBPfzDBiZmKijQvVTRiZLEYJlFR8ZU894DoO350MBqBoTetw6XxLi3CKhPPUBMWPYtnuY7XDCQBA5Vgw7wsWJJjGzdAaAEngQIuSkVNrD5PefwudN10tD5mPFkdSQoNmuZ/C5EXda8dxMvpw+MHsf/IuEldqrSA8nyYfT/wDKGQWAJtw+oUJtIKA/3i4yjOdhVWFKJ9EG932G6HmWcbnY3+RKY/cfJ7w1fGimYgJkx71/MIoyj4gbweDLjaDU6LCBCKlRTUJuUDz0Vpgx/wAx7CO1wsdCb0JFDiK+0GqPI7xsn1CrfYkws25boKb+6pgRvqH7rA7NXJmbFuU71Ut/6I+JQlKjfjmK5xKC114HmLkXIt7uDMKIEYC2UnzAAoAAAi4gMhYkWfI4mVbxkKPzHC51W/1hZkwMG4IJ4qjfePjZCAejHkKkRWBFzPj/AJhoeZyvbkS7hlmJdXCYZZg7aWCdBoWHjWtFFmAbEAjGGE8abGoGuCLmC3+ygYvplKWWpi1VF9KpyAKKKi/7kTM23EQEAb4E9K65O9WoEVeNrDzBQ7CMl3+YiBWCheIqlVrv8TnkEQCwBBbBhVCYsK43Jq783M2MN6nwAa5uZ/o8hSbU+eRGJPx0YcngxlBUiOpU1qy3KgHMA4hjdoBLqGzoBBCeJV6Aa+nW3s+I7RjLlgd+RAFIY3XwIg+oNpYDaDU9MMYdiSbA48TGpylmOUGj9oMR9hIei9VYM4+1nHYd+8VQSpVV+SRwZY7+Jwe0AgavEs+YTAL5ip/MQO0y5gjonIJ54mRcbgNZUj9XjiOQ2RqPB8mEmgNRMOMHmCepTkN8y+hZdTcIYohGlDpA6PTikJjxtLqCiRPtwnaSpRueOY7ZCg3jg9jML4cam1O5h2uUcRybsZKt2MwUcYPf58xGreg5IFgeBFdip5rngkTjg9zPPBncy6gq5QhZVT5/sZ6p8P20/I/8hyB0KuSxuwYwINGFCEDWKJrUUDMDaZxeMxum5ZEBMAqOeJcEGt9AmMViWZDxoteYdFIAIYc1wYuRhXYmuPxMmQsKZRYiO7Y1GUcD44JqfWUvtB4P8vaoMikgeSLAjVx8eZwvaAD4lkHibSOTAYe/aOyh1+oKAPAAsz1OM5mV12jcaECujbF5N8z1AUOKrkWaNyiejAhA0flG/tG61ELgRms6DS4CDDx04+cKzIJ2PMMI4u+NAT/uME30OBUwlNzb1LcRnA+ns8LdCb9y7wCGbi5jVVP2m38kwlTLJ7L58xeQPE5rkVN1tUsFQajZGClmHHiptbLwa2EWD5uepb/jDcd/88TL6kuiADaRd1oGYXRq9EUNHXY0wPuGj/pMbruHQCAQHmHS+gTFziWMLjCjp4rTnRCFdSD/AL8R3JYU9xnoov1KUjxyAIv0hXJFV2J5n3WCMm4HsIrbiQD2HMsDxRJgYB2Bm8qoIUn7yIHvcbGwCby21QPtocmAuSSoG38z1CbmCIv5NRsGM9svPwRUdcYQjdbg+OxnFdtMRphM68AzATvA0yGlP9o3WwneDj2hPTn7GENkCOmp1APAPYmHgxEyZIo2gJm2iuR8wriV+XI8g9xMafTyNTCmF8xrLfdtX4PeOgUi3bnz8x8iFStA7eSscZzsKstD/wAiYmWmbJYHPEyvt22lEzng2eH5Yz6zfVN0pIrtKU1wR8mPjRsdoDwf1HzACSAJiUhgDPUNwBMRpxBPUGsZh9gijEhFHUUYdvjq9O1OB8wna1S7mRKN6cE8mujc2yiDtMXaNrA0R2ilTlZmYlAbsTM65WZgPP6jxAciruZrcfp4MR8romRyveiIyKbfk0eAZjUtuyUQG8wMFU9m+biAKwAFAzMwOTi7Wo6HKKPCgWJlw/Tp3A7eJ6hi4xtt2qRxGbeVxqaUHi46FGINcTClAMZlYM5Inp1DNBPVt2X2WEUkQkMPzLl6GDpBogzhgG+ZXMOOxMmMgyoAD3M/Sfmozb1U1RUQFj9tmocJTFuY0CeJixqBvyfzfpN+Y3Fpx+ruJiVzjLk8V/8AIV+pjQBlHN3C+dXKKwO0TIzkrwxUC2AiOuQBcXF97MdiiKXsczIiMCwYBT3hKupGLxwbmb6ihUauP83MOMZ1osFIiZFRSi41J5BaDlhM+fI9KTwBohIYS+AZmfc5PtEEe5gf+QwkExa2iHGH4sCHCb4F3ChU38SgSIMa01sAasfmI7o9qPumbJkIVGPCzBkIZRt312EdlIRAv3KeDVT65OIqxZQeKA4iHGmElXYiyJgpy4dvuqYm2XQYsO4vxCu1gcIPy0LplKorNZ7/AAI+QgfSYAnuPHb5mHdkyZKVSzL2HAmb0+TEw+pyD5ERVcFnbaQP9x9tkKTUwINwLA1MhBdiva+NEB3CZcmzHXkwn2n+dB0KpPPUODMRXIt+R3lkD8RTZmzg1GSPivt2jYtvI5iGtxZq4/ya8QZjz2r8wZGDA8bh2hfeeW/MViU78DwT8yqfblJRSLgxK7KAaXk9ps2ZXaxVCwBH+kN5VqIBvx3mI4MSG8l2PHeP6hCS68MBQ82J9VtxyWd3biZfVPlCggAD4hyYcm0HcoVf78zHiLEQIFU/2gUkmoMbE9oEGNdzTLkLm+ipXUe2gh1AoV1o5QgiK65FsRLHnQbT3hVd/C+I2EL93BJHaOgNAiZMKgGgbld7hACimsnv+JgxMzlTQPevmZdufKEIINVdxC2OzZBiE2WLMvF3zyYCQw2tx5ao5Cv9hsDzXeHMNxKqoBFcibiKowIWMx4BDsxrzQmfOMh2p2npsfFmMVUEzPmLt+ITL0HsmDUAwEgamDoR2RrExZUfkf6gMNGrhAqVOKIrzNq7TczYhu+2Kdrw04UluRMeOuxNGHCn9j4jYyNvPY3Pp5jbA9+8xo+O6UdqHEb0zsb2gT6SJwzUYM2FBwLMf1WRjx9o/EVMmQ+TMXpQvLd47qgs8CZ85c0O0JlStAR7Ld9RBD7KsVIINGYfUBuG4MB46eBdi/iZML/qAqFjQDXMLYgP1C42bGP5hH9TjaraD1aqKAMPrPhYfV5j5qWzHnkmJ6Z2oxfRgn5gQJwBMudMY5Nn4mbO2Q8+zel9D+NRNxELe3jzvj47iY/UY380fgy4NKlTLhDio3pXE/h8k/hskPpsgg9K5q4vpFHcxcGMeJwI+VcfdqmX1jHhBUZieivYIuDVoNLh95M+VPNj4MT1icbhUXLjbswlj2GdVHJAj+rxL2sx/V5G7cQsT3MvUaD2AeYdW8an9kuR17MRF9VmHkGD1mS+VE/jW/6Cfxzf9BD61/8AqIfV5j8CNnynu5l/sVjatBqf2V6XLlwn2x0X0X0N40v+iD3D36b/AKAJele32EP9PJoQacf09z2Go/Z3+876VAdKJnI4P709Ney5oVBrUVbgFCFdw/eX73aE3K0qdog403X+yr2CemtKlGUZUqVK1YyhANBoO0YEiM2wUO/n9nUqVK0J0qbZtlCV7bNWo0EEJMLsPMJ0uAj27ly5fSdK/YM1dAgOlwmE699AdL1v98TDz0gQnXzoYO0I0B/oJaE+1WhidtCL9y/2pMr2L6TEPjU/vrh92pthmM/dCNCP3ljoPWOgCVoYDRB0qtCNNhr2a969KGh6a1A6AOg6CHQiETEb4m1T4hxifTM2/sL6idD0X1AaiGodNxED/Mu9DMX6pVSp9Mg32Pf+wmQWobbGEr3KMqV1GV7VTt0VD0CXLgau0JJPM9N6cYsSZMrABuQoG5iI3p8WRtrIFY9lHJ/zD6JCzFG3Czu8iZVVWIBh0U8TcPicGUJQlCV+1A1vS5UuHStKlSpURS7qo7kgTHj+jjxog3ZyK3HkJKCb1BIwgW7nu5+PzMuXGMd50paOzCPgdiRodF86qefdvS+mpXXUqdhLh0HYdNTErtkQJ+oniLSA4lf/AJGpneuQIrqBbL/x4zSLX6j54qZn+hjyPlt8zqeO4QHQ6L2OvY3L92pUqBZtHsCUITLnM8Q6Dt1Yd31ce39W4VCoVGxqxLtyWm9d5ykWMY2oPyPM9YzY/SvuNvk/V5ofF6HRYRWoNcS9bl/tb6TovYdQJBBHBEx84Qb3O45IibuN38v+iZnGzFkLGy4lQiVBwZ31I0v9nx7Zi9pfVhzvhJ21EKZQrITt7/5jgbCdps8RlKsQe4hhHnQGjof6CYvb2MGf6dE9gYmRW8WTPW+n2nerFr76VCNF5EP7KvZrquAy+tG2KWoE3xPTsUUAC2Jow82t8VyZlTY5W7rQiVFh9sHq5hJPc37x1Gg6cRoH8TA52FvJMCgqonrgB6l6FdtTB7vj3PPsf//Z', '2025-11-30 16:08:01', 1);
INSERT INTO `items` (`item_id`, `category_id`, `name`, `description`, `price`, `station`, `status`, `image`, `created_at`, `is_customizable`) VALUES
(6, 2, 'Matcha Frap', NULL, 200.00, 'barista', 'available', 'data:image/jpeg;base64,/9j/4AAQSkZJRgABAQAAAQABAAD/2wCEAAkGBxMTEhUSExMWFRUWGBcVFhgVFxUVFxgXGBgWFxgWFxUYHSggGBolGxcVITEhJSkrLi4uFx8zODMtNygtLisBCgoKDg0OGxAQGjAlHyUtLS0tLS0tLS0rLS0tLS0tLS0tLS8tLS0tLS0tLS0tLS0tLS0tLS0tLS0tLS0tLS0tK//AABEIAOEA4QMBIgACEQEDEQH/xAAcAAABBQEBAQAAAAAAAAAAAAAEAAIDBQYBBwj/xAA/EAABAwIDBAcGBAUEAgMAAAABAAIRAyEEEjEFQVFhBhMicYGRoRQyscHR8AdCUmIVIzNy8YKywuFzkhY0U//EABoBAAIDAQEAAAAAAAAAAAAAAAECAAMEBQb/xAAvEQACAgEEAgEBBwMFAAAAAAAAAQIRAwQSITFBURMiFDJCYXGx0YGh4QUjM1KR/9oADAMBAAIRAxEAPwD11JcSJVgonCbFeRdNNjnDVzH9N/aYeHFvh8wvWX1As90poMxFI0fzasPB27wOijhuRg12BZcd+V1/B590e2s6jUbUbq3UfqadR5L1/C4ltRjajDLXAEHvXg7iWOIIggwQt9+H+3AD7O49l16fJ2pb4696rg/DOb/p+f4cmx/dl/Z/5N+kmylKtPQjpXFyVxQh2VxJclQgiuJLiJBLhKRKbKJDpK4uLhKgTsri5KUqBESuErhK4SoQRKaUpTSUCHSmkrhK4SoERK4SuEppKhDspLkpKELwlD160JuIxAaFnMdj3PJDdFEiiUlFBGN2sAcoN1VYOu41DKAxOAcO3NybKXC4Z2aS4yrVGjFPK5Mq+nWyIPtDBY2qd+5yzGCxBa4EGCCCDwI0IXp3s+eWPu14yuHIrzbbWzXYes6k7QXaf1NOhVGeFPcjm6jD5XR7B0c2sMTRa/8AMOy8cHce46q1leRdD9t9RVBJ7Duy/u3O8D6SvWWu37lIStHV0Oo+XHT7Xf8AJIlKbKkbRJ5It0bRhXEYzDCJKeaI3WS70NQCGngl1ZRVSkRqogpuJRCaR5JpplSl44jxIEb7qqHSPCQT19OGuyEzAzDdJSPKl2w7SbG4kUiwODiXktaGiSSGl0Sbbis/t7bdXDPeYbUYJhujgIFxHvAGZN/pb4eth6+Iztqh76QALWuloJ3xoTpfkqDp7RotBqGm4vdYOkkgWnK0Hd70ciuXqNTlvdF0k+KLoRXRTYHpNtGuAababTBcczCG5YmbkkRuB19VutlU6zxTDi24Gd1pJmXQAAAIgTF+SxOFw7zhKFWkazK9dgpFzszmjT3wwQwEZiHERoFvdk0W4Wm01Khe92VjS5sOc+DMDnBMDQBVRz5XPmVLzz4C0qDtp4cNuN+5AEq4xLM9O0E6iIP3KpSu7jlujZQzhcmlyRTCVYQ6XLhKaSmkoEHyuSmyuSiQdKSZK6hQQHHYzNvsgqtUBdrvuBpZQ1HCfAq2Ko5k5uTJKr5DQiWNOayAxFcENIOgUlLEzeUyK7RZ4aSdd6D6Z7E9oo5mj+bTlzeLhvb8xzHNG7MfIVmwpcivgtx41ODi/J4lQfBXqXQPa/W0+oce0wdknezh4ad0LI9OdidTV65g/l1TNtGv1I8dR4oHYW0HUajKjT2mmRwPEHkRbxWHmDo5SnLS5rf9f0PdcLhhqdVJWF+XzCG2ZtFlWmyq09lwtxB3g8wbJ+IraDn5BJklS5PSwakk10yYvsoalYC55DzshDjRBAN9RqeOo37lHj8PVqRkewCQbtJ0dfQ3kcdFmeXfG4cllUTuxpdZjc/Azab62sI381DiaEAlzrkgkCwbpYb/AB5q1oUQxsAz3/ErFdK31q7HspFzLZYYQHucYOUW0i8g6IZpbIfV5DHlkW0aeFaMlTqwAZDajwGiB+km5vN+KzNTosH16Ywxe6jUJfUeXB1NkujsixcTlcL6B1lmn7LrPeG06bnVLZ3VS4Mv+YkyZ5XPK69M6N4QYXDtp6uu55AAkk8OAEATuCwboJ3ZdTYxvRRtCjmotPtBDQ57HOYJtmeWg+7b3e4Kiw2x8XjKja78zgyDSLpY0S25DXAFxk65YjivQtmOqOeSYDAIji4kGbjSFYhoCvhhjljuTaTQrbi6MPh8LXH8x9OuXAEZAWBskmHsbeCIAmNDKvaFOp1LBVBIJJioSXNnQOIN4BdOqugBMxcWB4AxI9AnYm7C0GCYgxN+5D7HGMW93gDnY3BvbHYiAAANBpIHDeoq+Ca6+k3kXCJw7TF4nkn1ngNPn6j6roYJSjFFUlyZ7EUCwwR3HcVAVoCBUaQRbn8Qs/tBppOynwPELdCSkI+BhKjLkJWxwCCqY8nQFOQtjUUb644qrY6o7dCJ9kES5ynSshN7WFxCZaXFJV/Pi9j/AAz9Edam8nwCAbmBdPMKzfTInt7gqrEYe89ZqfktKONLgHc6AO0p9m1Ac11VVW3IzIjZGEyujNYpyi36NPstwBKu2uWfwOGGYyVesFkszbpm+gvFbKZiKDqL9HjXe0/lcOYK8cxuCfh6rqVQQ5hg8+BHIiD4r3Sg6ADyHwWO/EnYvXU/aWD+ZTHaj81P6t17pXMnJbuRdfpvkhvXa/Yr/wAPdvZH9S89iobftfp5Gw8luMa4kWM3IN9LwvDcHXgr1Xozt7rmhrpztFzxPH4eqzalXGn0Vf6Vqdr+GX9P4Lt2Emi6m1xa5zSMzTBBIglrtx5p2zXVM+QjsiLkt0yizCDLrzdwB11Q/ao53l+ZrnDK3L7oOu+TrM8AbKywLgbj+7e2JOvxsVTiilS6/I7bY7aeOFNmbWSGAQdXHKJB3SQgW4Ok0vcW5Mjs5d2Rmlupy3IGkHXKNU7a7x11ERmOYxYkABsybwIMXN+C5tmo9mGMZczuySWud71h/LbJM6QpKdzlu/CFLhHnvS/atXri6hUcGZWvhtMOkuIEFwEs8byCDyAb0pxzC0HCkEzJeMgtPakEgt0M93FegbR2OH0wwsi0OeQKgAFrsN594AN0JTtm9GmB7HGnThjQGQyIP5oZbLM7uA4LJ8bk6cbZbuog6O7QrGgyq9t8xmQQKgMXBM8XOkWsAtW0gwY++HegnYcvhrtMws2bRceoG74qo2tTqDEtp9dUDCCcoGVpIuf5jYLQARvurvklgXtcf+i0mzTPaIkcFU4iuYLQO1IAzNc5oOsmNfPVDbRpPoUaYw7QS5wZdzyA0gnNbdvPhdRbBrhuYPgPnNUIzubmLsoHWOjQgiOXmufJvnFdft0SPCZdYV1QgZgCM0GLFsGwIBM3juRNRmZtvuE7DsIb2gJ3xx5qPG1crbamw++5bo/QrZX2MwrtUNtfZ4qsI3i4UmEf5oxp8VbgyNuyNcGKbstg1upPZ2jcjK4gkcCUHiKsBdJtJWypJt0QVTCqcZiS6w0UuJrF2miFe1ee12ueR7IdfudbT6bZzLsgSUnVFdXL5NlElUFxNrQgQYbp+ZHmpqe9CUqwIPeCvcI8PJIq6rDmkDiidlVyX+6i6wDmlBYOWvCJXVM0NKoQ+Y1T6+1Syrl3QCnnRpWd6Q40MxTQdC0J4pMZycFwz0rZ2JFSk1w7iuV3QDwNr6dyy3Rva4a+Cew+AeR3H5LXV6ILSDcclyNZhado6ODKpxPGOlezfZ6xy+47tN5Tu8CpOju3vZ6jamrdHj9p1I5jUdy0vSXAiuX0jZzLtJ3yLTyXl9R7mvcwtOYSCN4I7lm0+X5I0+0cvUaV48ilD9UfQ2G2lTflDHZpALTYzIkGysKDQYveBJH08V8/dDOkppVWse4gBwyaka3bH3vXu+yg8GS4EZQB+qJJue6EjbU1Fo6+DJKV7iLa+KDK9EucGhziw7pN8oB4n5K3ezO0tBid418OcKHFYCnVEVASJBFyII0IIvPNcZQdRvnc9mgBALh4i7uHFRY3GcpPpmq00gZrXOytgwAZL+yczSACWxeRJ8AjgARli2+d/cVPVoZryRYiLeekprBPcnji2sm6x1JsHUb911G/ZlMuD3NlwkAkkwDymFI1l53xHJSyr4wTVSQtgW0HPzNawNjfIJMW0GnG505ruDpOy9qJBJBtv3Hib6hECkC7MdYhSVLy247lV8VSc2/0Qb8ETGEM1JIG86+KGpVC8gQRqcwgQLWve/LcNUVh6OVoAnvJk95J1XWsAk8dVJY5ScXdeyJgeKcRUHICTe6mYYAk6WneYFyYUeMJc5rRuuVFtXFNYy5gmw+f33JsdRlJvolN0iixlW5PEkqlxNYuPJPr1S462TDSWLV62WX6Y9fudLT6dQ+p9gxbKcWKfIuELn0aiDKkpcwSU2kAc4vPEqtrANdyMKyqMBGm9CY+gQGkCbr2x4aVkDjDTfenNIJbGqHkw6W6QpxUaC22qgqZpKVM5AVlunuH/m0ncW/BaKhiz1cAaSqLps+aNF0XmJ8E8Ow5q28FTgKxFxZeq9FseamHYXaiWn/SY+ELzDB1m5QFtOh+Kb2qY0PaHeLH5KnWL6L9DaKVTr2aLaGymVDmi47vos3tPYTm5nspB5IlzYAcXREh3cBY8Fr2vU2cHdPd9FyFCLdw4Z0smJTVS6PnfamwcSanWMwdZoa6R2QSIM7jK9z6KVXuotLxDoAOomALwb/4R1bBtfoYKjFN9Mkhkz+mOHA/JLPddyXQ2HCodMtqSkxDpEILZ9YkS4Fp3o0slWQ+qHBf5JqWiFpvgkKem/cUq2HBFrHipOLlFbe0RfmcDlwVLxvXMPRLR2onku1cMHXkzpZJ/u7U0ufQeLE+qGg8d3em4edSh62zg57Xuf2m6Wi0ze6MbASwWWeS5qkuuf7h4S4HGBZMffRJ0f4TXPt9/Faf1EGVXtY0uO4ST96lY3aOLdVfmNgLNHAfVXm38VDA39XwGvy81nAJuubrMtvYujo6TEq3s4ykpAxOhIsWJI12DvCic1ElRESg0EhyhdUnVriWgmW9pfEgomrWe6mLgXVRRe4D3SrBtV2Rtt69xR4JSXsBr9bLgL8UPimVGCm/mtE+k6SYFwuYqjNJodxQC4LnkAw+0XwQOY9FJtB/W4Mby0yu0tmlrjl339FHs6jVax9N7ZaZuN11ZHsR2Q4DZ9g4b1o9h0MlQO03eYhV+AqWAG5W1CsBFryEMq3RaGw1Fpmrp1Ad6kznuQNI/VENcvMWd5BPXcb/AHxTxiRxI9UIRzSlFZpryNSLGniO4+ilbXVQKgCRcD8LGEy1LXaDtLwVrJzayqaVYtEe8EhiSSn+0Im0tzWTTVVW6uVFnMzP33KPUE2luaia+r9lACq4ixKfJPJN819BoIFckblzMmNXH1IuhuflgKPar81QjcAAEK1ic+pJJ4mU2TuC5k+XZ14LbFI7bQppqA6LHdIOk9SnUNNoaCLTwWcxPSLEBp7Rg8PuyrW6XSK5Z4xdHpziNZTWuESDK8w2dtytGXPx11Rez+lFZhghpb4yo4TTfAFqY+T0PPySWX/+WjgEklv0yz58fsOZMaBEPPYiBYqNlIyN0qfKvc8HiU2xlaqcwjSFx1WWQRvU1CmHGCmiBYwhYabJaFLtB0WXcV2abw0XgrrqwA1hD4jEmZ1BCifIWqRW7OxDSBorYlrb6krObIM1XyBDSVe0TmMkC6dsWKbRocHUloKLbU0VRs3EgOybjdveLOHhY/6lYx2i3fr3heXzrbNr8zt4ncUEnimirwg8t6awFRVyQdLKrd5LQoPHCF232EI2qpKTieCm9MJMaY4pBnMLgceASz3R2xDZ0tCkYExO62N6aKSBZOwQE7MO9Dtg3IlSgiFZuAOzknWw1UeJqWPouyNBosF+LG3XYahTDS4F9QXaYIADj9EvL4Q0K3KzWhvJR4gGLBeH4b8Qq7dKzu5wBVxhfxTq6PDHd0tKWWHJVUdBZoewDphTfTxD3OnK4zxhAUpcADafVXNXpVha4IrsPa3iDCosViaLSBTcS2bTqAqcSntUZRaaMuSKu0wikQL7gSDPyKWQlxg2jwTTWY5oaXAt8ioXY+ixsTBGkXTKMn0uSug72Z/FqSrf4037CSnxZfQLR62fcaSbiyZWqw4gSpX0hAB7/RD4ipvHABens4LQVhyQQQN49ULjAcxtvTsJjRDp3QU3HYgEkhFMD6HuBIBXOpcQISwlWWWExClwzjeTAujYKMnttho1M4OUPMHmUfhsa4U8wPIIHpJiM+RgIPa37hvKs8GwZRAENFvqoyItdi9tuVxhwOZrh+Um0xvG4jeCtTlJa1xgubExpzAPBZCnVynONRcgaln5oHEWPgtFgMba12kenFcHW/Tlafk6mnf0IOdUBuD4KGpV3ESoncWmd8b0ZQfIuPRYvvcGgHpkTqfFJstNvUkqSphzNrhROY4GNyGxoawkOJUDi6bJ9OoJj/PkiGtBFxEK1QciANOs46zKJpUipW0eASaooPySyQiBCVNhTmEb5lStLRdPQLOkQL67lienmy2VoaQTlBdx7Tok+TQFsqlaASdw+4VDiAS4neT9hUahvbwatJFSnyeR4voxSaS1wMnS0KqxPRUDfHMr1na+y2VR2rOFwVi+kGBrtpmWktB95voVVj1OVSS3FmfDXS4MVX6OuAzNdIFrIJ+zXgjUjNl7itdgqtZ3ZYA8aEb0+jsuu6W9XBDpvIaea2rVzj95ozfHfSM9T2FJs50b5tdE1NhtDRBuPRXNfZ1YQ10A/tv5qN+Dc2zyS7dA1Hiq/tMpfiD8bXaKf2DmFxWXstT/APN3kFxH5X7F2P0ei7RquDW9yBqVXQDcpmLqTTYRqJC7hBIkk6eq9HZwGuRmAcczgZuCrN74c23vNEqHC4Yh2YmBuPyUO1dpBjoAki0oA5SLSm8MBnkh/b2h5HeqLaGPJjtakjXhCZg6kkEkXJGvNBsKsoukOJBdLTF7q72JiHECDrAAWc6SUgACDME6d60fQekXN64+6Oywc9CfkjuG28HaO2T/ABRlEGzGOa79zyA75LcYOkGSG2BJMTYTrHAcl4u/EEbQfVBv18DzgeC9f2biw9gcN+o4EWIPcVw9f96zo4kkqRbMCsKEjxVVTfBR3+nyKy4aLie+tl1sO1PP7KBLz4blNNvI+G9OpK+Bgw0gYPkVFBbuB8So9Sb8/BcgGBOncrLCEDFHhyTesJNzAUIGvMgDw1Ke8/EnwQbdcgDKdt6TuShoeHjdTOKdtOIDhMBU7ySoume1ThsJUqNIzQAJ5uA+ax+xunzHQ2s3KeLbhZMsJPlI3aRxSdm0qNtCpKNE5nse1wYLhzjIPdyVnhNoUqoljw7uKmcwEEG6ySimbisobPoNdnbTbP6gFLWohzfoiKrIAAsNI5KKpcQCR3JXH2MuCmxmHJBdlkxDQLEd6F2ZgM0l47QOhuQFflqVHCFzrC+8pNgrirsrv4axJX/8PHFdTfCHgyDsPLYEe8fJG4XDNpwSJJ3AWRjabWmBAk7+aZianZibg7uB/wC4817Y8R+YPleYJ7ABm8RGkoPE7Ma+oSSXG9mwBad/kjTWlmU3gkaXhwN/NvquYYmc3Ma6m8EpWHgZh9i0nsnLocwuTrrZVXSN9LCNByC5IEi1tVqKLspLG75H0VVtXYvtdGpSdA3gjcdPjl9UGMkmeb4jazKx6vLGewI3E71t9mPa2mym33WNgRyF/Ery6jhX0a5Y8dphj6EcoW02QS5jiXGwNm8gSl3cFmSG1pIpcJsh9Wm6s3XPUeB/abLd9HcSHZarHdl7Zc391ocOB3HuCpejVJ7cEwEwHNqOtGhAO9UnQvapp1H0HGO0S0HvuFztZjbha8GrE7bPXBUR2HcCNB5wqDD4oEC6scNW8VyYSqRoLBjZKnA08QOf/SbTxIj6LtJ2h4fBaUorpjWcDTYTcakfBSGmSDf0hKkQLbjcfRSuIGqtjFUQiaPQQRvHNShnoB4hcA1nU3PIcE9jiDohS8kJKQjknTKYXynNQbXSIUnTHZdCvh3NxDi2mC1xjU5ZIbbmvLH9G6VV8YWrBAnq3AzA33XuGIwIq0y0gcQqPZOwmUzVqxfKWt43Wj4JNLaxozo8dbQxFAyWvb+4Ax5hXez+l9dgALg8fuF/NXH8HxNAksqF7CZcx/aB89Fx2wcNVfLIY8+9SfIv+wrJmwtfeRqx5miWj0ua4dphB5GUYzbtIjUjvCz7uiOINbJSHYP5j+XlzWv2d0OpNtVl3jHoNFkeByf0mlZ0lyC0tq0ZAzj1WmwtKGgNBdm1IVVs3opQDy17O0SYEmI3ELUvwhYA1hAAELdpNHLdckUZtQqpA/sh4FdT+rqfqSXT+Bf9UY979mGxDzcaQfhdPLxLhHvC14uRmA8wm1GlxzAcLnfuJ9Ci20XRTfvv6XC3s4KuyroPcXFoGo84vPoj6NMSQ502PK+71TRSLXk5tCPI6fBEVGBrp3gzJSPsaKI6tQktcBy8R/hOoNh5JuDed1xB9bojENkVI5VG6d8fHyUdM3tfX1H1UHapmQ6ddHM/82m3ttvA/M03jwv6qk6Og5HEmBldIH9r9T5L1TFszNDp7x98w5YnpVg20adZ7RlD2Pda3ayhsePzSOI1+DJ7L6T06NJrXXIEQNYIgj74LL4jHF9frQMpJm3x70SNn5aec37DnnlfK2fGVUsN1TI2Yox7R6rsDauZoDjfitZhay8r2FiLALabMxZG/wACvPZo7JUaEbCjW8puFYUq4OmpsBwCzmHxY329Qj6NYHeEsMriGi6aASANG+pU72yIVTTrEaFTNru/UtMdRGqaJQd1mjvAhJtSfDRAioOKnpO4IfK2SgsFPaVA1SOqBokyY4ap4cugDcPjnNqZXA2PorhtEQ4aAifNVpDazQ5nvDQ8eR4K2o0obDjeLwumvpdClbXwIOl1Ws6PtqP7TbLROgDssce9PYMoAI7RF/ojk+vhhTaKvFs6oAUmhxEC+gH1UNFjHk6tcVbOpBD18I2JJiN41VUsSXMXT9DKTA6WEeHtzQ4Ay1w1jgVZVtUqLgYgGB+Z1kW94AvdDC3jbaDJ32A5SuqWRwHmkr/tUvQu08/c7Qax8z9UTQqnK5oGgDhv5H0KhIkCbH5aTHfKKwrBm0NwR6Le0cVN2D2kyZzNPCxbcW7hCa6pMcxc/uFreSkpkBwGUSDvvvXMXQ7JH6XGO46/D1QoNuhramhcfdlpA1LZn6qGnYwLC4J4hTNpj09e9KqLCO0YB/4knhoPNRk/UJw9EQWkkkd/K48QR4ql6abMLsJVy3ywSNbAiY8JV1hybOcQCQDHpHnB8UUKQeCw3DgQfGR8EBjxTpHTbTwz4ce0+nTAi0MGZ144x5rFLa/iKCK7MPmH8sEmx955PyaFmHYWm05XPM8mysuSS3Ub9OqggvY+IutrsyuvP+zTcACSNZIhanZOKIjeOV1ytZjv6kaEbjC1FZUiFnsDiQdCrjD1FzKGLRoCIYxBUnopjkUELpBFU0HSKJpOnS6ugAJaVMx7W3cHG2jWlx9EzDtGYNmXH4cVbMw5Gh9PmulpsTk7EbOOpksHV/yweUFS4MAAmZOjnG10LiaG+TPeuVHFlEl3azOA/wC1flhKLtgQfTzFxnQLoLuKbs+rmp5uPHkpg2bg2+7K3FOL7Iwd7HE6zyT6gyjnw181JnA080whW/GmCwKvUa6AbQbRYeSOdfM3uKAxDBmHepqtQCrM3LQs0obZDXY/JyCSl6wcUkOPRDDVaeUnzsLRMjXv+Clp2dPAg3O83+aWLiY5R4ttbwUNQ2B1trzBv9810+zkD8UAHmPCL+u5S12EggCA5s+QnXw9VDVJc1ptwPlaf/VOFQgMvJbLY1JH+DCgQBgiCTOtom88ERTqOcLANbdskkniBG+7R5pVKcaS23GTvnT70T6DIcTN9RInW5+YUEV9DMO0wZvBnW0OsR5wrHCHxHL7+4QbGCSNd3zb4WCNw8EAxyPG83QsZRZ5Z+J2GczEONNl3hry5xndlgDd7qzWyHMrAipRa9zBJDeySBcwRvjcvS/xK2ZUqdR1Qlzy6nfRojNJPAQ5Mo9DXUm0/ZwwBvaq1ahjMbSf7bFc/URX4ezoYpPaYut0bwtemyqyt1AfLWipEE8JO9BVujWMwsupxWpi5LLz3DXyXr7OiOF6qH9thf1uVoEAuEdng25U2C2M2k1zcHRbSJ/M4Zj4AmAqoxk412vzLUzzKjiXMY1+IpPog6GoMvqrnBV6bhLKg8HArYbQ6KvxQy41lF7R7rwHNe3uuR6oXa/QPCOZTpU6jcPTbchgBe88XO1Kxz0ifX+B9wBh53P+CMpSPeePQIin+HmEOTP1zyDMtJptI4OynRTUMM2hjKdCns+kyk8/1nnrCQBPZkWO6Cd6r+ye2HcRHF0mAue8Q2C7fE6SBorTDNdWpzQfTbOhJzegWjxOHphsPY1wcYgN3DSYQDNk4YmWNDe4ELZh0sY8yFbM/sHo1XpYkVatQ1JsSTMzugaBbMvcHHs2m3chsDgcjhc62ujXUnSe0tUUrfQAWrXbva4dwTsbkyNDnZZ7QBT3U3n848lNVpZomLcp+KEpshHTowGQYaASfFNxBqS004LI0U9RgIym4O7T1XH4cFuXcDaClSvggqdQO794Sc2DHwQGG2aWPLpIHeSSrBtUxYRxBsU0Mk1wyUQ1G0wRnMHhvSxFRgcJbJMQh34YF4LTfeD8irCpTbmzEe6LeKPLZDmT9nwSTPaXcEk3xMG4x+5v9x/2hQU/6Z/1fNcSW85KFT/pj+76KTAf0j3n4BJJB9E9DKG7v+QUmG/N/aP9wXUkGNA6/wB8f3M/20lJhNT3BJJAsFtXSl/f/wAHoL8Rv/pP7m/FdSWPN2zTh6LHo/8A0Kf/AI2K7/Ikks8OjR4BK39HxCBxfuHuSSV34RfAdsX3fBSYnWh/5f8AiUklnn2Mi8dqkzekkr30QZU1b3p29JJJ5ZCJqmYkkgRDKyi4dySSV9hJWp40KSSu8gKqr77VaVfdSSTL/kJ4B0kklpFP/9k=', '2025-11-30 16:08:41', 1),
(7, 5, 'Carfrappe', NULL, 200.00, 'barista', 'available', 'data:image/jpeg;base64,/9j/4AAQSkZJRgABAQAAAQABAAD/2wCEAAkGBxISEhUSExIWFRUXFRYXFRYVFRUWFRUYFRUXFhYVGBYYHSggGB0lGxUVITEhJSkrLi4uFx8zODMtNygtLisBCgoKDg0OGhAQGy0lHyUtLS0tLS0tLS0tLS0tLS0tLS0tLS0tLy0tLS0tLS0tLS0tLS0tLS0tLS0tLS0tLS0tLf/AABEIARMAtwMBEQACEQEDEQH/xAAbAAABBQEBAAAAAAAAAAAAAAAFAQIDBAYAB//EAD4QAAEDAgQDBgMGBAYCAwAAAAEAAhEDIQQFEjEGQVETImFxgZEyocEUI0JSsfAHYtHhcoKSorLxY8IWM1P/xAAaAQACAwEBAAAAAAAAAAAAAAAAAQIDBAUG/8QALxEAAgIBBAEDAgUEAwEAAAAAAAECEQMEEiExQRNRYSJxBRSRwfBCgaHRIzKx4f/aAAwDAQACEQMRAD8A9ZCkRHQgDoQB0IAdCAFCAHQgDgEALCAOhACoA5A0JCBiEIA5ACQgDoQIQhAhEDEQMaSgBwCAFhAmNhAhUAdCAFhACgIAdCAFhACwgY4BACwgR0IGJCBnQgBIQAiAEhAHQgTEhAhhQSEhJsDoTQChAHIEJCBCoA5ADgEAOAQAoCBjoQFCoGKAgTOQByB2cgVnIGJCAOIQAhCAEIQA1ACEIATSigFhAHAIA5AqGBqBDtKAFDUAODUAODUAODUDsXSgYoagBYQAhYgDtCBHaEDO0oASEAdCAEhACQgBCEANhAHIAWEAIQgDkCGAIEOAQA4BAD4QAoCAHAIGLCBioA6EAdCAOhACEosBUAJCAEhACEIASEAJCAOhADS1ACwgDoQISECGIAcAgBwCAHgIAcAgdCgIGLCAFhACpAImBHXrBg1OMBV5Mkccd0nSHGLk6RAx5qN1i0SWxeRcbKjMnkgpwfXKJx+mVMkwtYPv5WPI8wpabULNG1/dewsmNwdMmhaSAiAEhACIAWEAIQgBIQB0IAQhAqEQBHoQA8MQA8NQIdCBjtKBnAIsB0JAcgBQEAVzjKerRrbq/LMn2VXr49+zcr9iWyVbq4BGdYkVaNUMOqGkNi5LgSIHjIhY9Tkjnx5Ma54/yX4U8c4yYQyin2dFtMkksY0EnfZaMC2RWP2SK8st0nP3LFFou5WqKUtxXbaodTqtddpB8jKcMsJq4uxyhKPDQ/QpOVETtClYCaEWB2hFgdoRYEdR4G5SbSArvxQ5XUXMdET8Q4+CjvY6I3PJ5qNsdIJBXlQ4IGOCBigJAKkByAFhAHIAD8Q4whhYx3e3cAe8G/1K534jOfpOON8+fevJo08VvTkuP3Mjlma0qpqCnqabNJ2JJB26mxK5+lliimkmt3z3wa9RjyKt3KLmY12jEUsMzu6tFpvF/wBAD7J6mEnq4Qx8J1f8+xHErwSnLwagYxrTo30gT12/outLUQjJxXa7MSg3z7ktLFtIBFgSoYdZjypSXn3HLDKLaY5h0zAETcQB5mylHdGTXgHTXI91WTFwBuYSlle6naS80JR4JgtCkQELwrLERvxIS3IdFSri3EH8Kg5DSKraki9/FRskcCmBK1gToQ8MSGXZV5SdKAHAoJDwUgFSA5AHIAq4jEjV2cwYmQfkotp8AAs7otYyqWkBxpmLAXubnnJ6rm6pQxxk75a+P5+prwOUpRVcWeVYJtZuNpugBg11DyEhjg3URv3i08/kubi2Rxt/1Lo6uR3wHaONcK1OsHse8B4PebLS5sTEyYE7LLDJlheW+fkJY4uLg1SNrhsYOwFQMmo4FzhyJBOoydhYldJazHjxKajc3y/3d+Dm+g5T23S/lF3E0xUpBw7paWvael7/ACVupxQz4lOPDVSQYJuGTa+U7RedIAd5T7QVdmnKCU/tZVFJtoldV0iYJHgr8+b04b0m18FcYbnV0MbXaXTcGNlmx6nHPIm00/Ym8bSofWBAkXC6PatFP3K+klIYnYDz80UAw00UAwU06AmY1IEPQMtAK8pFhADgEEhUgFhACpAQY3FCk3U7yA6n9hKTSVgA8vGuXmSSbkbenTmufkUpU03z7F0K8olqUgNQ0Eh5Ad1+Gzj0EqrYsarY2pNJ+/Xb+CxScnd01yeaVCKOL7NzJDnPGnVBkmdLbeS5M8S3OLXT6X+zrxk5R3pjsxwrW4k08PQ+8dDdTzqawEgyOQNrm6s21KWJPi693/PcSluxqc2avFVnU8N2NNpe9oDdcRJnvefP3U8j3YpYFF8cJ1Xnn9TLiivVWSTpPwEMvp1G4PRUkP0ySd5JnSANlOcZ49JKDVUuG/f2XlC3QeoUo8q/4yxklR1Zjw4k6WxPMySdz5Kj8Onk1WKaydJVfl3yS1cY4Zrb5ZebmjGMLtJsdJjkt0fxXHHC5bXUXtfwZfyspTq++RKWPbUcy7ml/wAIcNwLyD6KOPVLNkjy05dJrx8MlLBLGpdNLtoIgz3ffqPFdPHkuW39UY2vJAFoojZyBiQogJpQM6EmM5ICw1y0lI8FIY5AxwSAQuHVIDhUHUJWBjs6xTquIrta8RSYxjQLw5/feT5wwf5T1vl1LcouMXyWQVNN9E3CmIqFp1t0uP4SRcNJiL2ssumlnUX1ft/Oi3LHHu4fATx2LItpMucA0dSR16c56AqzJqne1xabdfz4CGLzars884oyDEPqU8Vh3036SCJOgkkzbVY+pHkue8KhF5HNNS89HRw6iNem4u/1CmTYfEAjXS0EiXv1MlsydMgnUSLy2d+SjjxSw/VJr7/f/wBsWWWOaqP6fz9zQtoRWpiHGPiuIjy6+KsyScdVjhC78+1f7+TPFJ4ZN18e4WzGmHt0NsTbpvznlG66Oqx+rD04umzNgnsluZBg8NTpa6LH6ZbvN5jeet5WPFhx4nk08ZVa/R/78l2XJPLtyyV0TYDBNpsj45ueYJn9VPR6KGDHtj9d8v2bIZs8sk76IqtJprUdLgwskBhA2g7DlzUZQjPUYnF7XG+PivBOM5LFNNXfkviC/o4G/jZa0oTyvxJf54MztR+GC6OMP2qvQcIhtOozxDhpfH+Zv+5arIIIAIA6EDEKTGIkByAJmvGy0FJKAgYpQMoYrGRafJUzmTjGzO4rM6kOBB3sQsc80kaY4kDqudvEd7zWeWpaLlp0DsE51OriKmum/t6lItYHHU1zm97VbpeBPorc2bbjUl26M6xXNxfgP4fF9k11Un4SZIvqbyI91RhzKEJSb555XleGDx7pqKLoOsMxDTr1Cwdu09QPdRx4WnHUOW6+r8P4LZzpPFVV7HYnDseGF4aGgyJMh079FZnx45Rh6lJJ+X3f6ckMWScXLZ7FPPC3sy1j9LWQ5xaDA5BojnfYdFn/ABFqcNmN8Lv2+EatDaybpq2+v9lvhekHtFTtC83uZG3QG5R+FYk7ndy+fAvxCTUttUi/ja9KjUYXyXHYCT8lp1WTFhzQlNNy8UZ8GPJkxyUekVcRlVN9Q4hzy1g7xBtJ5X5BUZNBhlkepk+O6fuX49ZljD0Irku5NmTKj3Npy4N3fHdnoFp0OXfNxjbS/q8X7FOq08scU58N+PJbxeDY4l5b3wIBk+iu1OlxTucl9Xh/+FOLNOK2p8ElF86Q4aX+/wA0Ysm7bHIqn/PJGUatx6B+OoO+2UqgjT2FZrus9pRLfr7LW15KkXggZyBoaSojIalYBJsaREXzukPosii6ZkeC1mc6rWawXMwoOSRJKwfSzB9V3dHcG5VW9yJ7aJq9MOM9NlXPksjwVauHF1U4liZhc4ZoeQuZljUjfjdoEZv2ho0sRSGp9BzpaIkt+JxjnZw9lZCKyx9Nv3M+Z7J7jaZJiaNejSqUiCxzQHdJIhwIO1zstWHR44RSXtyvmjHPLJybKOWNrYasWODiwAaaZktaHGRA9XbXv4Lj+rPFkjjyxuq477Orl2Zce6Lp+5c4pwxdFSm5zYsWAmAdyQPFaPxPG7U49dV7fYj+HZopOElz7gHCV69R0Ncb7wAB7Cy5Mk5OkuX4X/w6TWKCtmp4bw5D71ZIEkB4IA8YsPVb/wAN0jjmtumuaX7nP12e8fC4+TVua3ckTETF46SvStXycZMBZhrrnsNIYyRfWC4gdGhcTUetqJ+g0oq/e3+iOpp5Y8C9ZO39uP1DmAwlOiwMY0NA9yepPMrt4sUMUdsFSOdmzTyycpu2TvrDYb+AlLJJdIhGIDzsVS5kagA4SGAl8TJjTfb5Lk6nBlzZIJOkv1r7m/Bkx44yb5Zcw+Xtpve8F5Lw0HU4ugNmA2dh3iY8V08cdn0+xjbvktyrLER1KwG6TlQ0rKpxBf8ADt1UbbHVHCnCNoWK1oClRGx9bFdTAU5TIqIOxGYMgxDlTKaLVA7AYk1W2GgSoxm5IbjQSDVIBr2JNAZPi7LSRrAkjdY9Rjvk1YJ+DPZCBqOoxoMjx1ggz7D3WXHjvIpN9FmZ/TQUyzJ24bEPq0pFKoPvKQPdDpBFVk2BsZHjIiIPWhNXycySNfjMMyoxpl2oTDmRqA+oUNVpoZabu1012PHklHgz+esqtpu0v7Rsbhp12veLCIXK1kc0Ybd25P45/ubtG8byJvhg7h2gXUqwLQTUaWiQR9Y/6VWkheLJGK5a4NerybckHfQf4Zy77OwksguI53gT/Urb+G4MmKMnkVNv/Bj1+ojlkqdpB9tVpIGlxnoLDz6LpOVNKm7/AJyYF7gc4pgxT9AMtbcnaRYtlcHJmjHWyyQfKXnzXaOvHDL8tFS6b/uaIAOAdNiAR6rvb98VJdPk5TjTaZFSrDUWsvFyQLT0nrulBfVS6CXQ3FMDmvbqILrE9AOQ8N1LJjUouKdN+QhJppvkFMxxZINRjnAnu6u8BNh7KrTQyxh/yu3b/TwWZXBy+j2/yWKWKqv/AA6B4mf0V1MrJSwH4rnx29kUvI7Y7WB0T4I8kL6ovfyKVjoq1szpCxqNnpqCW5D2sFvxTqsFvlCplJstUUiTCZcdjtMpKLG5Bqg5jBEq2KoqciYYtqnSI7hDiQnSFbIcZmVGk3VUc0Dx5+Q5qMpqJKMXLoG55Ro1MO6sxomB3gIlpI/qqc22UHJIsg2pUzJ5XnApnQ+YmAeg6FZMWXa+SzJjvlGnw2KBgsdztBsujHImrTMji12Lj8ycIcKbCTYk2N+exlZdVLa1JJexbiVk2ExlMAfdQQNwBHy5K7T48UIrbGiOSc5N2wjTxBIkwWEweolaGrKi5Rw+kgzI5FEY0A/EUKbhpc0GTJgXn+qqy6bFljtnFNFkMs4O0yricpFUQa7+z5MYQxsCLFzYJFuvupLDFRUV0vAvUd35JHmnhqQa0RuGN6ncn3MlOTWOIRi5sF0aznGSZ5rPFtvk0NJA6lRoYQ1Kr71Kr3OJN3GdmjwAgK+WThJlMYW3QLx3FdU2pU4HV2/sFW5NlqgvIHr5lin71XD/AA2UOSdIaDXcb1H/AOop0w4LdLAPd8TnHzJUlCyLkiQ8LMfuFL0kyLyM1mDogCYUYxsUpUWnqdFdgrFAgqLJDKeIKSZEstrkkX9k7GkYvNMScRWc7drTpb/hBj5rJOds2QjSNjgIOGfTH/5mPEgGP0CujzBookvqs8+rmbjnf3XNNQzD46pTPdcR4Tb2Uoya6E4p9hDEZ52jdJaRsZDvdGa8sabIwgouy7hs8YLa3AREECB4ytOPLtVEJYrDGWcR0mg03VJZEzHOfLzV8NTFcMqngk+UG8FmdJwEV2RyBcAfItNwtMc0H00UvHNdooZzxA0DRSdqfJBN9IHODzPks+fUpKo9l+LTtu5dFfLM0rMENdAPKBHnfyVGPNNeS6eGD8Fp1Z1Q6nEk+KnucuxbVHhFzDwLn52Hurca5KpgfG5e6p94RMmReYHRLJB2OElRCcs8FbGPBFyGPwEck3EW4ZS0gwQkmSZFneJqUhSdSgtLwH2kwoZpuKtDxxUnTNflVDU0O6haYcpMzz4dFWpiNIgKq6GlZDh8fJhRUiW0sYhuoJsSBFQEH6qDQxapd2VQsEv0ODRt3jtdNIaMVlmT5xRaPuKNXyqFp+YVb06fTLlma7Qdy/N8XS/+/A1mRvoAqDzGgkqHp5I9cknOEgRiacEi4uYkQY5SOVoWFqnRYihUCEMYFJAOATGiakEEi5TaojL2GppgGcM1WxK2E6DVcipgT+IWPNHBGDBfUptHlrD3f7WOV0Z7GmVuG/g0WQuDqFOKgcIEkbbbK6UlN7kUpOPDCf2Rp3unGhM45azorKIWwZj8jjvM36dVFwXgmpvyZjiItawEGO9duxBHNZNRW00YezX8J4oVKAPSxV+lneMq1EamDyZBSEjOvxJY+D1VN0W1aDWDzGd1NSK3EdiawM+SbYkiXCRHqhcEglh6gU0yLL9J6kiJ57xhQ04mp/Npd7tE/MFcvUqsjNmJ3FGaqBUosIgFJDSHsCYyxSCBlukEmMJYZqEJhjDNV8SuQSohXIqYO4k4eONptbMBjifMxA+RPupODl0JT2sx2O4ZxmGb93UfpGzWuNvIKmUJIujkizQ8J5tjS4MqXA3DhDo6qeKc7pleWMKtHoo2XRRgEOyAPLuNa5NZz9LezpnSbiXEhcvUz3TpeDoaeNRs1XAVWmaRDJi2/wA7LRonw0VartMhY6ysKjPZyzcxcKiRdEp4bEm3mojaCr8XpYXuPdAklWIhQJwXFoc64AE2lK6JbTR4fO2OA7w9Df25KW4g4hPCZnfnHopKRFoB8cQajHjnTj/S4n/2WTVrlMvw9NGTeshcQgKaJIe1MCekgaLtEJDCuFYnETC+HCvRUwjSCuRUwlhGxT85Kvh0UT7EfRm8J0JMfhMtaHaoUo40nYpTJ8fXaxpcSABzNlY2lyyCTbpGFz3ifQxwpukmwg3uYsseTUpqos2Q0slzJGdr5FXcA+vUaG7tpm5tzceZWNpJfJenZoOHcdTw+mo0/duBaOd9zPsrME9krIZYb40W8PU3WtMyg7M2TIm94+irkWxAVNpmIsoJEgXxdi3ua2ixxA3eYuejVYiJmGUXNvrd5yEwCOEx727PmP3yUaAM4PPK0gBus9N5RQUHK9WrUptdUZpiYE3vHL0VOblE4KgS5ZC0YApIY8JjJ6SBov0AojC2EapxRGQXoBXoqZdGytK/IZwGhzRpeDAAMGVqx7WuGZ8ilF8qiwQ0K5JIrsHZjnbKQvd3Jo3P9FVlzQxrkuw6eeV8de5h83xVSs7XUM/lb+EeQ+q5WXNKfZ2cGnji6/UzWU1Q/HlrtEUwCA4xBPPzSiqjZDPJt7QvnOL7Ukna4CqnO3ZfiwqMaYa/h/w99xqqGWFxLG7+C6Omwqa3s5WqnslsRTwteD7/AKpplNDczfBSkTiUqFHvTCIqxtlXFZE+oD5kh3NXRx2VynQHr8DF273H1srPTIbym/8Ah/UF2OI9UnjY1JGq4VyX7NSAd3qjiS4nkBs0eCzT/wC1FsegnmIlpjYC6rmuCcTLVLFZC5HBCGOCYFiiEEghhwkAYwrVOBGQVoBXopZNi6gbTcTyCc5VFksUd2RIF5fmJpkOZEgGx5z1WbDmcXaOlqNOpqpEmLz2s+0ho/l/ur56vJL4MsNDij3yCy6Zm/msrdvk2JJKkV33v+qi2TUSlVwdNz9ZYNXWLqO99DeON2yduGA3v4IUWxOSPQ+GaOjDUx4E+5ld7Tx240jzuqluyyZ521+k7/L1/qshYi5iRrZPMJ9guBuT0JMdNyrMcbZGcg26sNlrRQRvrgIsCB+ZNHRLcOin9okz1v4X/wClhk/qbNKXBBXxAJI6ghRfI06M1inQViZoQ6m5CGPLkxotYUykMI0QkAZwisgRkFaAV6KmUc+r/dlvUgfOfoqNRP6aNmix/wDJfsAsPBrN8beayQf1o6s/+jLeJbp2ueivfBlXJGO7uoNkqQhdI2UabGpJDOzAMn+/9lZHGQlMt5Rl78Q/uiBzcdgPqteHA5sxZ88YLns9Bo0gxrWjYAAei6yVcHFk7ds8tq0P34LmmtC4esWyFOImWcM9zAYi91qiqKXyR/bXOGwmeqdkaBma5g8bBQbJpASs6q7d0KNjNXphgHMNbPssrZeigH94klNCaBGPPeWPIqZfDobSdAULJil6LJIIZe5CYNBnDtTEEMI6FKMqBqwoKvRWOZWogrM6LqpaGmIdJWaacujpaaoJtkNPC6HzuevROMFFl0sm5E2IjUf1UpFSK0XlRSG2WsDhC8nSJPJXYsbk6RTkyqCth3BcKg3qmeekbevVdDHpEuZHNza6T4hwaChh20xDRAHIBbEkuDA227Z1YwJJTInn7qQXOaNiBuLpQR5qWNcil0T0zIMmVpspEbRaBZIaKGNogqDJIEZhjWUh3iBe3UqLdDpsP43EWgeR9gsrkaUgFiKsusVJMTRUr1JAdynSfAj+ypzR8koMZ2izFqHByCSL+AqQUkM0WDurERLJfeyrk+SyK4LTKlk0x7RrT32+Sa4ZpgvoK1Wtck8p2UXIuUTrGHE7gKxO1ZU1ToQDmbDokwCnDuYhlcA/C7uzyBO3zt6rTpcijk58mPWY3PHa8G4ldc4gxzkxGR40zlzQKNFpfUdfS0EmBebK/T4PVlV0vcz6nUejDdVv2KJYuRR0kwZmogDzU4dhIr0qitsgNqYgAGTA81FyoaTfRks94lEFlI35uItHhKqc76L44WuzHisalWmHOJmoze+7ghLhsbro9QzF8arReyyXyWJGf7fcq1CZXp4sMc4OGpr7lu1hzB5EKbVrkr8krnNGxlvJxEeh6FZZ42ui5SJGuVBai3R5JEkGcJXMRKTbGkERVDRJMKNEivWzIyGtaSSYaCInxI3gK+EK5YrsIYepAku2G5UJOuzZFcUVi5pJ8QfmVXaZdyiyGta1vlYdFdFUkUSdsir1Y3ueQH7sE6IWRu5Hc8gPhH90B9z0Dh3HGtRaXfEO67xI5+ouuzp8m+CZwdTi9PI0uiXNcUKTC8kW22V5nKPDVWld2sPqvu5wE/5ZFoCsnhyRXKpFMM+Kcqi7+wDIXON4KzAiRKlEGZ/NM6p0zE38rf3KryZa4RdjwOXL6MzmGZ1KnMtb8z6clncm+zZHGo9Gdxh9FZEhNDOH6WrF0Aedan/yBV0n9LMvk9ezXBgiR1KxPs0RfBk62DuREfu6lGQOINzPAVBpc3cOsVbGaKZRYuHrfkOh/Om6wJ/kJ38ihgi3SxTDZ7IP8stPtt8lVJRfaJq10FMO6lHxvHmGn6BVOMPksUpF6i6kN6jz/pH0KVQJbpFyhjaZMUqep35jJj/MdvRNNeERpvtktPCVGHtQNbzudtI/K0Ik2ujTijHyQ4l+okvGxkEWhYsr3Pk6eJbVwSsqiJHPn89gmqoi0WWPsDuQIj9+a0Q6M+Tso9rUc/SPinpsEO7GkqNBgsGBvcqxIyZMnsaXhxmlr+mofILo6SNRZy9VK5IH53gamPf2LHBtJp77iJkj8LR9V0tPkhjnvkrrpHN1OKeXHsi6vt/AbyrJ24cQDNgBaIAUs+peZ2yGn0scCpGZcFyzpmT4lqO1w0kQ07esKS6A8uwWM1gapLxYk3NllyQ2v4OhhmpKvIQZSJ8lVZooo5gAJjdWQ7KcvQnBzdWOw4/8gPsCfotE19LMUXyex4od0+Cws0pGeAGogg+J6TYJImy3isKIbI/Ff5J2QG4jI6dSzmgguna+wQpMe1Mr1+FjMU3lvg6Ht9Jv80+xbUPp8MVxzpkdYcPlKNjYWi7S4XcHQ57R00tn/kSo7Cars0eXZYykIi/Jx3VkYUKT9ghpGylSIWzKcRUyHxsCN9gudqItTOxpJJ4yrSYGthQXBa+RMXmLaFMOOokkwGiXEmIA6LRit8Iz5Wk7YXyXBOe3tXNNMHk/4/bkrIwb7M2XPFcRCmIxIbZrfAAXJnZXfCMTd8su4vG/Y8IS8gPMmOYJ2HnsuppsMqUF2zmanLGNzfSJuFcfVe1o7NrWxJ3Lr9T1K6GfSwwru2c3T6vJnle2kaWVjN5iiLLIaTL8QUS2agEyp1wJPk8fzPDupVS4bEkg/RQaTVMujJxdoL4N4qsBBgjcdFinFxZ0sc1NWirj6MAqUHyQyx4JOBWD7fR8Nbvam5X5W9hkgluPXftDC0xPMXHRYdyZp2tA4MBqiG2JQuRSLGMpEN22M+iYkTMpPc1hae8DPLYgdbKnKptfR2WY9t/V0FcBR7xLrmVpxp+SrI/YJvpt25q6ilNlWqzkfQqLRZFiCvAgx6qN0Wbb5JabgdrfMeiknZFpoAcSjvtG8t9rn+qx6pfUjo6J/Q/uD9Ej0hUUaWwvkVJpc4loOmC2bwTN/NacC7MOsk0kGqNB9Uw0T1PILZDFKfRzZTUewthMsZRGs95wHxHl5dFtx4ow+5knllMHYLKmY2p29ZpdTafu2EnSYtqI5+AV+PNLG7j2Z82GORbZ8o0tPDMYIY0NHgIQ5ylzJ2KMIx4iqOjxQSMg4LGaCnisOSPTayvIHn/FWSS02sf9p6hVyiWRkYaiH0KkHcezgqckLRpwz2snxtYuaT7qiEaZryT3R4O4QxPZYtrgQDpeGkwRJGxnrdXZeYGSHEz0k55ESxgkbQ6R0usqijS2T0c4kz2bQBsQd/PpspqKK3bJMRn5gh1NoaSOs+8oaTIqLKn/AMimzBTAG8h0nbn6KLgTCx4lc3vCmzYE3df5QFYiDRRxPFUv1Frh4MJI252SY1Hgt0OKwQJp+sn52TsW2ha3EomzAfU/KyhJl0I8EuHzgHSeyv1BMGfS6EhSb9wBxRxBoqNHZn4CRfx8lGWHe7LsOfYqKeG4kEtJpWPid+Sh+XSLvzDZ6HwbgzVY57hDZAgczEm/qFs02BVb6Ofrs1NLybCnTDRDRAW9JLhHMbb7MrxznJp0+zZeo86WtFyZ8ArtPgebIo+PL+DPqM6w43Pz4+5Pwpg62lpquf3RsZAk7AN2gLZqnigtmNIw6NZpvflbNOSuedMZq6oAxuBx1OsDodJbAcNnNJvDhuDCzbWnyXbk+iy+mr0Vg3H4MPBBvPJDQ06POeJOHiLWF5a6NvBUyiXRkY/Eamkg2cLOHUHZwVEoI1QycFenlwI1ajPJQlmadUWx0sZLdYdw1HFOaG6gQBAJHeCoeWF9F35eddklLBYokd8eFiPa6fqxfgj+WkvJd+xYg7kO8Tq/VG9D9GXuWKGV1Z2E+ZS3ofosvOw1VoiWtPgSj1BeiySnSxI30RG7pERzMJPKg9BlOviapu0sIH4jqj0S9ZexNad+5FQoYqs4R7kmB6clF5EySxuJqcFlFdgvVBjlB/XUrItlE6bI8Tw8cZUAdaABYTFyZJKvxKUnSRVOcYK2H8N/DehpGqs+YvZn1C1fl4+TP+cl4SNlleFZRptpMmGjc7nqT6q2MdqpGac3OW5jsbiNALjsAmQB3D9KnrNao5pqvNgSNTQdmgbhSUZ7bp0QlPHuq1ZoH3SQyMOCYC6kAeQ8DZ2cW/7wDtabfjaIL2bFr2xYhxB25WUp4tnXRGGTd2blwUKLCu9spgDc0y5tRsQFFoaZ55xFkk2iHtnS7YEflPUKqUbLYTozWDf2RJI5w9p3aeqxZYbuPJ0dPl2/Y0GBxIImQAdp2A+qx7WjpKSasvtcTBEQbTzhNIgyWi/lE9Ok+PgixUX6byPExc+PQJ2Ik1gN1Ot5XJ8AOahY6IS/Xd4hvJnlzd1PySfwCXuPpZO6o6TIYNrfp1QoMJZEg/gqLGd0CP3zVsIoy5JthfDZa54v3W/Mrdi07fMujDk1CXXYVw2DayzRAWyMUlSMkpOTtl2FMiSB9kCsxXF2NrV3jC4ZrnPMay38DepOzVp0uODnuyOor/Jl1eScYbcSuTC/DOQOoAF7YIEC4Mk7uK0avVRyLbHoyaLRyxvdPv8AnJogFz2dQQtSAUIA894XyWlRfUq0p01IADpDmkOdqaQb2MD0UnJtciUUnwaOFEkM7IFADXU+RCBAfOMoFQbX5HmotEkzAZ7kZu5o+8G45PHQ+PQqmcLL8eTazO4SuGmHfDcX/AehCxZcd8rs6WHNXD6NRg6s2bcDcn9AFmNpZ1jYevVIVk50sBJ6WA5k7JNgURiC8gu+I/AwAzHgPqivYV+4eynKCO9Ugn8o2b0BP0U4wKsmWjQ0mFxDWCT1/ewV8YOTpGOU1FWwzgcnaw6nd53yC3YtOocvsx5M8p8LoKEK+igamKxSgRRzfH9kwm3h5oGV+GMZQAAa8PqPJLi0EgnmdW0BWy02VR3SVIzx1WKUtsXbD73qovGygBrqkcifJADmmUAABTEz+/3ZKPCG+x43TEcHAmPof1QA8NQAx9NAAHOMq1CQk0STPPeIsnkmo1vejvt/MBzHis+SF8o0Yp1wwJgceWkM1GD8JJv5LBlx/wBSOphzf0s0VGtFzewjb9wsxqI8RTq1Hd258fhH76J0iLZpsnyoU+8buIu78UdP5R5KyMSieT2NPl2WuqX+FnXr5D6rXiwOXL6MGXOl12H8Ph20xDRA/XzW6MFFUjHKTk7ZK4qZE4vQI5rpQIR74ElAGD4gpYjMKnYUGHs2u+8eTDPBsnfxAW3SPFjl6mR/ZGHWerkj6eJfd+DVcP5IcO3vRq2Gm4DR4kbk3T1WqWZ/T0Q0WjeBPd3+wYHusTOghZCQzg7wQBwcgAUQEIbIpB5bdQgQ8OCAHSgDiUARVACEAZ7OMsnvNF1GSJJnn3EGRgkvb3TN+UHr5LLkjXJqxTvhgvLWYo1NBgN/NAnyHVZJwhVo3wyz8noWS5boDRGp52tKhCFvgMmX9DW5blEd6pc/l5Dz6/ouhi06XMuznZc7lxENArUZxNSBWKECOQBwQAI4hxgYwguDZsSTAA5kppNul2KTSVsl4dzPDlopUSXQ2SdJAjqSY3KuyaTLjjunx/czYtZiyy2Qd18Bh7lRRqGgoAUoAWUAIgAU4pIkcUyJwEoAc1oTQDiEgI5QBC9oMoAD43CMcDqaCotIkYHBUw3EvYB3Q4QN491zs0UpcHQxSbjyet5Xh2tY0taASASeZ9VvxwjFcIxZJNvkuKwgLpCCIsIAUIAcAgBpKAPM/wCINUnEUWE90lxI5SIj9Sur+FRTnJ/b9zlfi0msaS+TXcF0wKTyBftCJ8GgQPSSl+It70vgr/CYr05P5/8ADRLms7CGOcYURkT6p6qQHU6pLolDAsQogf/Z', '2025-11-30 16:10:18', 1),
(8, 5, 'Coffefrappe', NULL, 250.00, 'barista', 'available', 'data:image/jpeg;base64,/9j/4AAQSkZJRgABAQAAAQABAAD/2wCEAAkGBxITEhISEhIQFRUXEBAVFRAVFRAQFRYQFRUXFhUVFRUYHSggGBolHRUVITEhJSkrLi4uFx8zODMtNygtLisBCgoKDg0OGxAQGC0mHyUtLS0tLS0wLS0tLi0tLS0tLS01Ky0tLS0rLS0tLS0tLS0tLS0tLS0tKy0tKy0tLS0tLf/AABEIAOEA4QMBIgACEQEDEQH/xAAcAAABBQEBAQAAAAAAAAAAAAAEAQIDBQYABwj/xABFEAACAQIEAggEAwQHBgcAAAABAgADEQQSITEFQQYTIlFhcYGRMqGxwRRC0SNSYvAHQ1Nyc5LhMzSCstLxFRY1Y3SDwv/EABkBAAIDAQAAAAAAAAAAAAAAAAABAgMEBf/EACYRAAICAQQCAwACAwAAAAAAAAABAhEDBCExQRIyEyJRkbEUYXH/2gAMAwEAAhEDEQA/ALYJOYR0aYiRE4jVEc4iJACQJOEmWJkgAitGuI8pI6jQAivOYRLRxgAiCSESDPrH5oCGtI2E5nnBohoRBrDEGkGTeGLtEMGYRSul/wCf5/SaDguAolRVqMjEsQlPMpBI7wDvfl7yq6Z9D2dvxeGbKRYsovvcXvY3I0Fx4aSuWSuCcYW6bK5jOEZw2m1RTmK51+K/YubnkfhNsuh7ztFvLITUlaISi4umPZpDzjmiKJIQ+8QmOInWiGQuY1WjqgkREACUaTAwSmISBEA7NEjbRYxBQadGCKYwFIjQsbmj1MBEoMQPEiKIDHs2kEqNDSsGdYAMURY8RpiAianGM1pPIKwjAjLSRIOBCEgBMgl5RwWWlmZTmbqzTYKXADXHaGgsDYkE8oLwfDOVqVAEygFCzZWI2ZsqtoTYW17zDFXNlqUag1w9MJYXUICWNxsxJ5+JPcZmy5OkX44dszHTTgopEYyiq0iFFQ0yoSqHsC5Fyb76+fPWWvQ/+kAVitF6bHsntCxJYKWJsOWnpvB+lOJOIoqM9qmdagFyVL2y9U2uqHNaVvBuGLhUYg9spY1NgM4bOqDcWuBc72PpmjPe4mhpNfYy3TTGMtY1qLZF6xj1VMkKFVjlJAtYi5B9IV0ZxmJrmoC5HVqGGZQwyZu0CdCTqLG+15R8exi161kKkFrFQGzE63tbv00tuBNHWwjYXBrW6wo1RadPIpzNbe3btZ+yLyafiiFWXbNOp1JFwyr1qDMzEhAvWMti9a7HKVW9jltrHtRZdwRpfUEad82QyKa2Ms4OL3CgwjGaRAx9pIiMZpEXj2EiKQGTUmhiGV40hFOpAQTOkXWTohhKrFYaRyR5WSECSdBGskVYASKJIqRlMSUxANqHSBVG1hFV4NeAHFoiteI5jEjAIIkFWPLwvg3DvxDsucKFQuTbMbA20HPeJ7ACUsC7Iagy5Q2W5YLdrXIF97DWXXBOHUXAu3btrTbKLEMLkXH7t/fvkmJ4UlTCtRpV6JbtsG5ipnsCbE5dFK98kp4PEuFV3p02pWHXKDZ1ax0U6XsCtj5iZMmVt0uOjTDGkrb3JOPcQwlKrTpVihdiGpIyFkUkEFs1rA3B5+14lJFuEplM5XsITpYsRpYfuhjbwhuN4b14VWNFjlJFwzWYAlWVrnS9jY3+Up8LQxGFrIa+RqWwamHfLUIaxsRdVFr3lUnK7rb+iUUq53F4lgxg0yDL2gS7a3LGoxGpPj8h3TC9JMaTSe+YDKfhFzN108pOUFZW+AftqZsBk/K4ZtAwNtCRe5nn3EawyANTbrMpIHZPYOpDDv0kJOp/6JRuSvsg6O8EU0kxT9l2BFr5dL73G3wkWP3k/Ff2rqjrmC5iTZrgqN1HIeJ5QjhVElUzFxmNlpEG6sTtlHMzRcQ4TSp0iAueqiEbu3a7WUHMdSLx7sOCo4JxByxomiqgP1y/EHZ1Q2Pa/Mb79w8ZYV+LU61iGYsxuCwI7IUaL3D2lLxnF5SSzWJoimSi2JA1BVV2G+g7hBei2Aq16iO2dArLlQhRooBzEHUC3Z7tTLI2mmJ01RfMIgaA4biyVMTUoJbKGstRjkBsQG1O4BvqNwL85Y16RVip3B/kjwmuM1LgzSg48jIhEaTO6yTIjDJaYkYMkDQEOnRmaLAC0STARlouaMTGtOtENzHFYmND6ce5g6nWPYmIYPWMgDjvEONBSpvKbqMpvmg5DSDCJyrEDXklMRkSGtLvo5h1o1ScRU6lyqinTctTzhrE2a4BtYAjxHO0q6izddGWFeij1EuyEqHPaLWAJa/n8xIzutiUavcgxnR+iKhr3dVysSiZh2iwYuAut+VrSGjwgOFZ3dj1rMLgEZLgLTA1IUDne+niZo8TWCgXIBOgvr2jtpzlPXwyIzVahqZuyFu1gOZChbC2o3macEnsi6M5NbsGCgVitM0uywBAYXXMbDMBtfW3fHcXxhB7NiAtraN2r3JuRrCcDgEClECLmJZyigEnle29vvKnHYhKZex0RyrFtLEaHKG+Lfcd0p8fFN1ySvyZl+PcQLl1dnb4b0blkJBBUhCbA+0qf/K9WsM5JoAMNW+LLluAKYN7m40bLpzm94hiKYprUQgZFH5R2iSO1qNdVGv8ImWbiRquyqxYhSzWuTppvzMi0lLd2TTdbIltSpNSe5arSJIbZXYrZSVudrnnuBygfE+JsBU0NgC7cvEfWE8OwYZbubftDvYE7WO+g8ZbHhdBrkoxNrdVqQURj8S7HU7t3CTSbIX+mB4Z0er4q1evamBlK2DBmDAMoUk9w3J57S6LCinVo9iQU6wMM5HIA8++XXFMUSwTLkFgMt7WGm3dpaZuvTptVp2BbKbodTZzpp6HyilJPYaLTg/C1qa1iK1Tt2qMqZrEkhfEdr5yfiiZWCm2ZUUMRa1wNPYZR6STCowKFU1vbLmF7Xtr4Hf1hVNUF6HxnIwasxDNddFLNyPy0k8c/CW/Ypx8lsZ+pGqsewioJuMw20WK8VIxDbTpLadCwLDrY9HkIomPyEQAJUiPJEBu07O0QyWqwESnWkTAmRGmRAQTjz2DbumGxHF2FTITzmyIYi0896TYB6ddWINi0VDs22DqXUQ+kZW8Jw7Gmp8JZJQaMB7Ga7o7UfqKeRkADPmUg3+MnQ38pj6lBxraaTom96TA7ioR6EAyvJ6kocmhvUYnPTUi4YdpW+HbQ2tY6yr6TU+vRU/bUyrh7qge5ANhzB15d0tA5vvpaB8Sq5StlDEm1r2Ou/0mbJJeDsugvsgTD8UWmhR6Ta2GYKdRvrMr0hR8Q9wQq30Go15k+dpq6qvtZB8zaRtRUDVVEocZZF43t/BapRg7S3AqVKgEVXKt2VuCTbTUeQvKpMPR7ShkpA7tuf8AvLHGVQulhy8T7SjxhQ2JAHdfmeUUkkOLbKwutKof2jOTtVsOyOQC+Q3lmOPFSgRiQF7TG13Jve8r8ZTAJ0Htz8IMlNTbu+sirTJOmgrHY9XuWVh3FSb/AOsqME1U1QVQ2GxJEtqWGUwihSynXb/SSpt2R2SonwmLOl7ZhbUGwzcr+G8uc9Hqmc0yavU1ELK1lYFdCVA3B1v5julL1ajmSeQ0teE161qTeIt7kSyDfkrIyiq2Kq0W0bmjWqzomM5jFSQNUjhWEBE950g6+LADW9QJxw4hIEWMQH+FEY2GEOMjYQAFGHE44cQjLFtACsCZagHfF6SdG1rU78xY+2sTBYc1sSByGpm3xmBXqyPCKgswHDqeRAvdD6O4lf1mVnXuOknWvIki9r1lK2tLHAYBaSgg3zanuv4e8yxrG0tuBl8xzElcmgPLUSOT1Y4cl71n03kYYMbjXx3iho0AAGwsDMLbZqIsRigtzudbDnoL6e0z3FOInMqsj2K3G43/ACmw3lziJV4k2kJyb2snCKXRWYlySxKWBUa5jmv3W5Soru5drqmXQrvctpcn0vLXFPKnEPKywBru7BgxAObQgkgiQ0ywyjNsDflc/pJKrSK8kIMoVmFtf5vJlrm5uRltp338YEjSdaasyA+Z1OvcIOQUF4aqXOWlrYfEb295YVcEwXtNfW1ht/O8mwiqBZRbaWOMXsjz+xl+KFyRTOf1ZQ/hI1sFLSOE6Jjso2wMZ+Dl6yyMpARS/gp0ucs6AWXpES0kZY20AIiIoEcREgB1pDizZTJbxrrcQAm6GYQXZzuTNJjtAZnOG1jTOkLxuNZxaFgZnGUh1pPfJKeG1k2MoHMDJ1WRJEZwwtLDBYgXVedjBztGUF/aIfH66RT9WEeUW+ac50jX3ittOVZuK+u+8rMS0sMRKvEmUtl0UVuKeVVdpZ4kyqxG/vGmNgdV5GH1jqkZSXWWIgwjPCsKNfnAG3hVBvrGI0WBfUa90t657K+Z/n5zO4GobiX5Gi+v2mjTv7opzL6EDLEtJCIhnQMQ2NaPAilYADzpNkiQAvDEtHNOEAIysaUkpjlWAA+SIVhJWD4p7C8TdKxpW6BTXCmTNjRaUlWpma8ixV7bzMtQmaXgZd/iQwifiFGl5n0xJRfQyt692a9zH8qF8R6BmUiRDcHxEz2HxbZd5Z8OxNxYnXWP5b2I/FW5e1Yo2jX1AjqZ0E579mauisxY3lViTLfHjUynxUolyXRKzESrry0xBlZXghsCfnG0494iCWogxGEIpQfnCKUkIt+H7zT5Oyv92/uTMxwwaza1qNrDuVR8po0q+7ZRqPWitKROrh3VTuqnQMQAacXJDTRjepgAHknQzqp0ADcs7JHgR1oARFIoWOi2gAzLA+JL2DDoHxQ9gyE/Vk4eyMssEx1YjnDBKziRnKo6ZU43GtbeA0OKMJJjBeVTJaNQ3IuRcrxZzzmj6LVyz6mYijNn0JF3l8Yq0VSlsz0NfhHkJyHSLbQ+v1jRtKsiqbCO8QTiY+ko65l/xIdm8z1c7zNPkvhwVtcyur7ywr85X1TvEibAnjgNJzjWI0siVsQQiiIMsLoiSYkXvAqN3Qd7L9ZuKiAsdfSZXorSvVTwufYXl7iCRVYjU32mvTbWzPn3pBLUo3q4UhzC9iIjLNqMjQNli5I8044CAEPVzpPEgBH1g7x9fpFNQePsZKPSIYAQ9cO5vaL1w7m9o0xRFYUJ1q+PsZ2NwDunYF9PL6xyjUecusM2lo2rVAnTs88r8MrJfNTYeNrj3Ez3EzPZsXquUc9P9Z5z02wCAdZTyEK2So4K26w6hbczbeYsmn8VaZsx5/J00YKuYBUMPrkQJ1ErgWSGpNr0EHbmKDTY9ELr2pbHlFb4Z6M53/nkIwbQXDYjOG8h95PSOnqZTm9x4/UTGrdJmcRzmqqi6TK4vczLlW5ox8FZXgFYQ+tA6gkUTYEw1kdSEOsGqS2JWx1OG4cQOnD8INY2CNj0Qpdp2/dpn3On6zUHBAktbW97yi6MJajUbvdFHp/3muRhab9PH6mPM/sQUk0sRA6qWNpbZBBcbT5zQUAFomSPnARiG5J0fadAAOpQUbAL5Fk+QNpW1sQQdMUg/hYI3z0Mj6Q1weyjN/FpbXuHfMRisCxJvf1mOWd3VGyGBVbZtmx7/lrYYnvOb7GMGLxH9pg7f/Z+syGHoMuh2hQUW25SqWoa4LVp49mrpV8Qf6zCemc/eWjGuVuK6pp+Wmra+Baef0Ga+mnjtLzDYl9ibiQWslXA3pI3yT8RoFrdZWxNS+mVnFND5pTAgvEeCGrSpohyqLtYAAa6DTy+su0HWAEj4Rv+stBhx8hNGCTyclGZKC2PMa/Q2ryaCHoPXPOet9SIoWaPjiUfJI8twfQKpcFmmswHAerUATT2j1EfghebKbD4UpfxtJKOx8zLDErpK6id/P7CY9RGpo0YncSf8pmU4gLMZq0OhHhMrxdDmuLWuc1zYgW5d+tpkyrg0YyqqmCVBCnMGqStFrB3gjjWFOYORL48FTEp7y0wayspDWXOHW1h5RdjNxwUWw9Id9X7/wCk0CvKHB6JhV7zf3YCabqZ0cPBhy8nU3nYgXEXJErbGXFRXWi5YtpwjEJlnR0WAGTrVkYnMCDA8Xh10/aID3HSZBem7KL1aStbmpynu2OkH4h02wtTKclZSBY3Cn6GcqWHLfFnTjlh+mtbBk6AofHMsjGB/jQafvXmCrdJKB2eoP8AhMr8R0gpjZ327jIPBlrZE1mh+npqU6K710v4kASZ+IUEF+tzEfuzxtuNre9nPsPvDcP0g0sqepMFpc3AnqMZ7Vwbjqvmyo2RULFjoNNtJqUa4B7wD7zwDgvFatetSohiENRC6qbKVXWx756fi+P1GqFUNlUkedppxtaeL8nZRODzSXijXkxC0x1bjFS3xGVb8erX0c7+EmtZF9MX+FP9R6MI6efrxyv+/wDKXnCHxVSxJyjvYWv5DnJrUxfCZCWllHdtF7jHspPlK9DqfG30hXE8KxosoNzde0fBgdBKenibAXvfQeRuRrK8zbkkPGkotlrTGsz/ABqlYmXtGttK3jLAXPeJjy8F+Pkyb6QerC6zj5wSsRKkXAzyICSOY1ZojwVSEw419Zd4VbsB4iU2G39Ze8MF6i+cdbivY1zPath07lpD1Jv95rLmYL8TmxyL/wC6o9E0+03Kv5zfi4ZiycokJg1arynYvEZRf5SrbK+4cHvFxLLIJBsUCB0aGX+sfzMLRXH5gY0xNCzpJdu6dHYqPmXiIOVvL7yieafidLVgf4h6zNPEWEEgq7wgyN1vGQQPCKTaWG8gk+FIvE+CaW56F/RjwwF2qHZEZyfpNRgNmY7kkwbo3lw/Cq1c2BqWUH+G9h9ZJwrPUULTUk2HkPEnlOZqYuVL9Ojp5JWScSNgBfeD8NwL1Wso02LG9h6zWYbozmIesQe5F+H1POaGjhctsugt8NhaSxaZ19hZdUuIlTwvg1OlYsBUNh2r6A+AlyaltrEfunlHikP3bfKd1fdNkYqKpGKU3J2yHEYrsMLWNtPOUZQlnFiezc6Xtbn9Je1xobjlO4WB1gNhc0mue+xS1/cwlG2hKVJmfoYoW/kSLi7ZkmmxvR6jUJYXRjuUtY+YOkqcX0UqEEJXXyZT9iZiy6Wb4NOPPDswFdrEyE1NDNRiehOK5VMOfNqi/wD5Mr8X0LxijRsM3fZ6gt7oJUtPlXRa8+P9M69WKjaQ7C8AZi+eqq5CytlGftDlqV08Y6lg6Q7N3a5AvoN9NBLFjkuSDnFgOHbWabozTu+YkAKpb/LrYeN7SPAdEGDXq1VsD8Kg3PmTNGcMlOi4pi3YbXmSRaXwwu7ZVPKqpFDgqx/FLUvzZr+5+89C4ZjQ67gzB8PoMa1ZjTICoq6jQsSAfkD7zW8PphFLgflJ052E0LYzvcs86km994uUflKmZ2l0jp1AQ9M25ynxnFaFIlqFSr/d1Zf80fkFG+ZlAs3vvEWncXVgZ4onT16+JWiHcAvl6y5C38AJ6CVrMoBrm9uVhHYmjT3qdy+86ZT8JW/t39zOhYUeZ9MMNkxNZbW/aMR5HWYastiR4mey9Pej1WvU6ygpqMBZqaauOY7PPSeTcTwjo7B1ZTc6EEag6iPga3KtowyRhI2kiBC+8kwlAu6qOZA9zaLToM7BVBYnYAEma/oJ0ZZ3bEVgyUaYY3PZzOuwF+V4myUTe9KUp0MHgaDg9Wa9IOo3KKMzTX8Ox5FJepw9B6dhrSew9iL3855x0w4oMQKIQ6U81vFiAPpf3maKVqbF6dWojd6MyH3BmZ5Ep0aY4m4We6jjAX4sJXHlkb7xw6RJyw+K/wAq/rPER0r4pS0XF1Tp+cU6n/MCYzG/0g8WIy/iAug1SnSU+ptLFNPsreNro94pceU/1OJHnTY/SOHFQ2wK/wCJTqp8yLTwfgeP49xB+ro4nEnLbPUL9VTQci7geG2pPdPbOAYCph6CpWxNXEVbduq7Na/ci8lHjqZOn+lbr8JMVi6lr3FjzUKR7yXgd21J/MEvva6sToNvhEje1ydQe8Aa+fJvWF8I/ZliEzZiDZTbUXFwrbbnnF2J8Fmi3tZkN+4j6SRsO3h7wd+LMNDRe/jlHyvEHEmOvVe9v1k7RGmSfhGO4HvAOKUBTQszKBtvrfuEL/8AFWH9UfTX6GAcX4ktWmabI66g5jTZgLekTaGkzznidGp1lRqRFnbWx7vD1keB4ewKluRDG5Gy6/aaAcKpCwOJ7QHNco9rwingEFwMQmqsL2OxFu/WZqlZftQ6lWRtc67ncxwxNJ3SiWPaYXIGyg6ynocCIqZmxWGN3JtlyWHLldjtzE1uD6N0fiZhVbe7ElfRBYfKW1+Ff/R2MwSEXpVWqX0YdnJYG9wVFib6c5SdLuLnAYCpWVTmzIqAc2Zrc/C5myWmFGw9BaZfpiKdRVpsoazhwDqM1iFPnqY5vxVhCPk6PKanS/F4tMtLDN1n9pZQNebEWvF4f0Mxlc5sVWYA/lB5d1hoJu8Bggg00vD1TUDX/WZZ5nwjZHCluyq4J0Xw2FylKYZhY52GY3l/xFhTcG4AcBl8jv8AONN/0kHSXB9dhAwvnovfx6p9D7Gx9JLBJ3TIZ47Whfxa/vL7zpi/wT+M6ajLZuMB/v7eSSh/pd2X+9U+06dD9BHieI3MHM6dJITNV0K+Jv8ADf6T07H/AO7UvX/lM6dAj2eeY/Y+f6R9X/p+hnTpzsvuzp4vRAmL3HkPpAcZ8fr9hFnQj0Ej2j+if/04f49b7TT1dv8AhnTpvj6o58/ZjEhvDvi9J06Miw3EbGVJ3nToMEB4jcf31+ssKf6zp0ENkv6mJTnToCIKvPzjeHfEP736Tp0XZLosa3KYvjf+1Pp9J06VZ+C7T+xDR2X+ecnpfG3pFnTD2bGTPsfKEYD/AGOI/wDjH6Tp0txe5Vl9GUc6dOm4wn//2Q==', '2025-11-30 16:11:13', 1),
(9, 5, 'Strawfrappe', NULL, 250.00, 'barista', 'available', 'data:image/jpeg;base64,/9j/4AAQSkZJRgABAQAAAQABAAD/2wCEAAkGBxITEhUTEhMVFRUVFRUYFhcWFRYVFRgVFRUWFhUVFRUYHSggGBolGxUVITEhJSkrLi4uFx8zODMtNygtLisBCgoKDg0OGxAQGy0lHyYrLTAtLS0vLS8tKy0tLS0tLS0tLy0tLS0tLS0tLS0tLy0tLS0tLS0tLS0vLS0tLS0tLf/AABEIARMAtwMBIgACEQEDEQH/xAAcAAABBQEBAQAAAAAAAAAAAAAEAAEDBQYCBwj/xABBEAABBAAEAwYEAwYEBAcAAAABAAIDEQQFEiExQVEGEyJhcYEykaGxwdHhBxQjQnLwUmLC8RUzgrIWQ1OTotLi/8QAGgEAAgMBAQAAAAAAAAAAAAAAAAECAwQFBv/EAC8RAAICAQMBBQcEAwAAAAAAAAABAhEDBCExEgUTQVFxImGBkaGx8DJC4fEGwdH/2gAMAwEAAhEDEQA/ANt3SXdLsyBNrCAGES67pN3i6EiAF3SXcp+8T60Ac9wl+7rrvE2tAA8/hRDIbQ2KduEZE/ZAC/d0v3dS60xegCIwpu6UmpIlAELoVG6JTuconuQB5l+03FXNHEDtG0uP9T/0A+ak/Zbl1macjpG36Of/AKFme0eO72eWXk55r+kbN+gC9Q7F4LucHE0ii5ut3q/xb+gIHsggt3ZciBP+7rsPTiQIJg8kFBCQeIlH4iQUq/L3cUAJ7E6aU7p0ARh0i61yIvWlrQAC2d90ptUi4L/4iM1oAH1SJ9UiIDk4cgAfXIlrkRSSAAJWyFTsdIpiVIxAA+qRK5EaClrQADcqY96jS9cl6AK2aSUC1X59jXx4aR91bdI9XeEfe/ZXGMd4Vke3OK8EUXq93ts3/V8kEZOkYbB4MzTxwj+dwB9OLvoCvXak5cFh/wBneD14iSYjaNukf1P/APyD816LqQEFsAHvFwe8ViSuC5BIrnd6oYhI1WhcuXAIArXSvToxzQkgCQPT6kKHrrWmA0jvGjNaqpn+MIwPQAWHroPQgkXQkQAW167tBCRSNlSAmcVJEVA02rnD5LIRdD0Jo+6AASmVk/JZQLofMWpcvyp4Op7Rw8Icdr6kJN0AFicvczciweY4fog3sWzw7qvU4H0ugoMzwLZW8acPhP4EdEk7Q2YfG8F572okt73Hh8I9Bt+Z916FmUbm20jcFYDtJhS6RkTeLyB7uNJlGV8I0PYXCd3hWuPGUl59Ds36AfNX5eh42hjQ1vBoAHoBQTOemXInMqiL1C564c9ABHeLl0qG1rkyIAIMiSEfKkgCUOT6lCCuwmMhnPiCMBQWI4hFgoA7BXQKjCdAiUFTQsJOygatF2bmjYC53xEkXxoAD72ot0MfA5c+OpXtoAigeJcdm7cgDv7K+fmEce3McQ0cPXkELm2PjMYpw+Ie1AlZWLMHF4jYwuJ4eZKqnOmSjGzTO7RssggivdVONzSWRx0ktb9Sj8P2cBFyPpx5NogeW/FExdnIQbc5z/IkAfII9tofsozcc+lwPeGwdq3N+i0cMUj2BzyWDlq2cfOvzVpFh2MHgDGjyACr84xWljnabAF70Uu7rlg5eRwMDhnv1XZ2+L4SQABt7dVV9p8jEjopWMaXRavgAGxaRuOY9FnY8bbnXwdZHuoJs6kY3u2yU116r5Ab2DxvZJzDosIc5ROcj5cD/BbM02D8Q21NN0LHTgquUq9O1aINU6Ge9RF65cVwUxHZeo3PTFcFIBOeko3JIGQDNCu25qVX0U4CBhM+ZklTjNndFXOCkFoAsBmx6Ltuanoq0Wu2IEans27v5gxxpoBcfQECvmQt5JHF/wAsRB1CtqFe/LqsF2IjLpXHkGb+riK+xW+0mqI1Air5+x4qLGZntLhjCAI3uc517EA0B02s/oocDlONDQ90bTtYAOl1eXmrDMsscXAh524axf1RWBxcrNnAOH9Q+l0qq3JFS3NRekyOjd0ca+vNS99Jylv3tWGaYbD4j/mROBP8wq/WgVicZ2amZIQwOczlpN7IdoaSZoZM0kvSJWA9LF/XdAY6KV4OqQnUKPT5KbL8iidEWTQOsmw8W149L2TTdjDXgxZY08ncQPQO4qL6mOkY/GY8QNIkcNuHVZqDMTM7U6w0Hw71t1K9El7GxMNOeya+L5LvzAaLATYDs9h8PqdXeEjw2zZhviC477dQjpvkadcE3YfPw6XuXs1N0EgFoJ86cdztexNKHtWWwzuZGbbQIrld7fRT4eUtdbTp2ALh8RHS+PNWeN7NHEMbJE4AtaAWnnuSDfXdWQ8iEl4mKOPPRRuzE9FYYrK3sJDmkEdR+KBkwxVhAhOZHouHZkUpIVC6NAHRzMp0OY0kwLn91T/uqsxEuhEpCKh+FXQwytHQpxEkBVfuyXcK17lMYEAXmSQ91AwjZzyXH04N+gv3V3BmTuaq68LB0a0fIKrxM0gc2iSARfPmqZSo2Qx9So1WJzNrhRG6HixrL3FqnmkKFMhtFgsSNMMVFzHyUglhPL6rKicpfvBCOoO5RrG9zyXX8Losg3Gu4j67cF07NXdUupEXhfgaPESxXVAKo7QY1ojDW7C7VRi8yvqVVY3FueNPIqLkNYGDwYol3uvUOz8haGeYAPuvMcDANYHO9/L1W9wWMGwB4cPwUsbJ5o7Ua+TDtd8TQVme0HZqMtLoxTug4H2Wr1Wg2xuDze4V5hPJ58EQSCCD0OxQr8IvTs+yVsw1NoOH90ViJcOQS0iiOIQBRuwiSt3RJIAvG5K7qpG5Eeq0LI1MyNAGb/4Aeq7HZ49VqI4bUWJNGggDOR5HvuVdYXs5DXis+5RMcaJjagDL4mMBxA4AkD0BpDOaOP8AujcaKe7+p33KEf1VLNsN0QFthQd1uigfZPQQibVFfNAeX90ojHudv9lauah5W/ohoFIr3t8/yUD2XexseXkjpWIWZjq2rrvsotE0AvqrA+iYx3zry5ox2Hvck+g/BM3DAG6/FRSJNoHwwDaNEdSd7v6q2wL6PFCCNE4Vu/KvJSSK5u0eixSg8URqQEkSiErmrQc+g+aPoqPOMjEviZs4fXyKvMNJYUhagR55LlLgaOxSW/fA13EJkAQtiU8cYTvIaLPJCx4/Udh4eqACpXUFW94jH4ltGt1VSOsoANbMpGTKHBYQO4lFjLx/iKQygxw8bvU/dVckbi/ZxAabqhRBV1mMdPcFXSDcdVVJG7DKkDTOAIG+4PLp1Kgdiw12k8639kZNEHV5b/RV8+W6nWT/AHwUJdXgaMXdv9TDQ4EWDajKrZYZG7N9uQ4gblGYdzxs4D52U1KxTxJK0x3tULwiXUoypFSBQ3ikWqYhKgOqBsg0eiIwjbcOl7D81CDq/JHYFniHqPuhEZ7I27lG9lrslckq4wEAJbuETh8WTsQonLgEt3CQFkQkosNPqCSYiix3aWCMfxntYD1PFV7e1GHPAkDbiCAbWAz/ADN+IkiEbNQ07NqzqHEe1LN51jsRFKGSNdGRRqiNuvmsEdXKclGKOk9NiuMINttb+R75G4OFtIIPRMYwsRkeZmHRqLu6fGNJ4EvPMg8lrMPiXP8AhBJ6LWpplObSTxrq8PMOiJHBHwtdxcaHRR4DCu4vHoETiAaUzIUOZu/iO9vsFWyHf+90fmR/inzr/tQUwVUjbi4QxamczoncD+ihkk8W3Hogkk2ItUD2/qi3odxQSiRPXBT4l1NJG9eyGklNCuKi5FkcbZ25cVtxpA4vHiOg7azup8LjWPbYPBQ7xXRa9PJR6q2JsPDRPrf+/XgrfLmW5vqEDG0qzy0eNvqPurYmTLuaeXDOqwbKE75WxCpcS2nEK1mBE2tPyQ7XKZqBiBI3CSaRJAHk+Gw8Tw+RsndvO7dPxMeOLmnoRyU2OBx0boJ2gYmFgfG8cJByI9QCCFH2Qy0SOMsrXNZJIGhpB0Npt259bWtXK2CJ3eHDP78OA2ss0NdVauWx2oc/VcDT6OayLI/Dj/f0Opi0mWDVLflea/jzIOx/ZJ5hjbibABL2NvxVt4T0HkvQ8PA1gpoAWcOfNjcDM+MOpwLA8uLGkggnbfw1forvD4nW1r2EPY4WC03Y8l3IKK2Rl1Sz85OHx5BupM192EO91AkWa5Dj6IKTNNJAc0MJNeJwB+iMmWONXJmWEJTdRAMyZUhCr8a4gWOP0Vhmc4c8EcwAfKiUHK0HYqttSWxvxLpqzgE0OqiHVS1TR5IYy+wQ2Wxjd0dOJ5IOWJ/EnZEd9ddbUxGyXI7cCqkjceZpSYTD0LO5P2UOKk8eneuasg2gFGKTZblclBe8r8flrJa1C6Vfhsh0S2HeAAeHqVeS3yKiEZ33PvuiUYt8BjzZIxpPYmY5vC7IVhlrfGPUfdVMcG/neyustYdbP6gpxbZnyRSTo1Bmo0fZB5oywHD0KsHsCCzB1Nrqr2cxFZGURGUM0qdhSJEqSdqSYjyCHtSzbVO8ay0hzQ0ta0WNMkXBxsmyPyUEXaJ7jpifL3neWHsLi2mjwkRH4W7WfXyXnsDjw9/7CssHiK5kGqbR0jfjflVrHLZnusE4S/b+fnw9xucNm7+7LjDHI9hcHuc636nOO7m8S2zYpbnsLnzXBsdUPhI5CTcu0ngQeK83y6HEExyxkd+5tsAIa9rG/wDmPvwuBFiyVJl2MkgxMTwwjWWPAkdsdWxkFVRNur1SUnFpk9To8epxTgqvlb+Po/Dyfr8fa83xIiifN/haT60vJM27Yue4ujbQojxO1OJI4+Qvgtr+0SY/8PeKvdnA1XiHHqvFHvVOt9uSXgYf8e0eF4ZZZq3dfRHp/YnNXTRuMry55kNk8fhatI5YD9nQsOB5P+paPyW5sh2k+oPorcMvZpmXtLFFaiTjt7jtjdt91E5oKle+goXgFW2YEt7BYcPTiSfQIwlClu6Z7NwbO3Lr6oi6J5I9T3Y8wo8EmvvZR42ehY3UEMgeTR3H0Sct6HHE3G2FUb6p9NDdD7tPiNALnFYrw03iTVqLmkSjhbaSCy8NPHdW+VuBew+Y+4VZlmXULcbOknf7KzwbKcwDqFZG+WZ8rhvGPh4mrCqc0d4q8k8GIfza4dRRUWOF24cNvstBy6pgdqWMoZxUsb1EYW1yZRtcEkwPmEt5fP8A3U+ExGhwcKPHYixuK4FNJH5AbD0rr5Wo9J2/v5LIz2UbTtG/yrFQTRsjka2Bmoh7tVl8rgNJAq421dgeE+SlxULe9YzvmOLMTGwtDA0loIGsvGx46aCx+EdQr233H6LVdisL3mKjZTTdkWLILfECDyOyqTbdHTnjWPDLLbVJ7f3v+Lij0rtDhRiMPJFdEjY/5huPqF4hj8K6Nxa4b+vmvomLANiaXvGsj6egK85/aDkjJHmSItaaJLCL4dCOG17K3PibV+J5rsXXrHJ4Zfpf3Kj9nr6bKejmfY/kt+/cWPIhee9hN2T9QY+Xk/8AJbfBY4EAKnHKtmbe0cTeVyXh/wAC27hRveGiip281W43CyOd4Tsrm2lsc2EVKVSdI6il1cPqosSyyDZFH5+vkmiwkjTxBXMmI8dOBArjW3ueqjbrcupdVwdkOJa4gBlbcipsM3SN+Pkhp8cwA6T/ALoLCYkuNkmwdiodSTNCwzlDfZF0Y9Q3XMGHt1/rspocQHW08eaOwoAHSlakpMxznKCaoJiai8ER3jfL81W4ea7I4cvNWGVjxWeqvTMEoNJ2X0k4AJHJV+EeHB4I+Iqd8oG6fLo6bdcST7K0wNUUczC0kFR61qXxg8QD7KtxmVB27ab5dUUCZWNekkcumBrT8kkh2jxHLskmxRc6Bhc0Nbqc4tYGnzJ47qxx3YuSKHvQ7vHNcBIxjTTRuA4P/mF9OFqww+X6TFGZmRR/yREuc9zRbi97W9aO7iLXp2VZDG6G3anB7aAOnSGm6GiqqjXsuP3ubNkUca25d+Xy5O/DtKeKVtUk/izxTA5W9wLhG4tYQH6a8JJqgTxO3Ba/sVlj48ZHK5kkcTQ63StDADpIA9eC9LblsAGgsa0NN1pAHrVVfmuzg4ZQKAr/ACmht6LVLFkSuFX7/wCi/U9vSy4pQjCk018GiozfPWOc5rCS1o4gENLjfPnS847QY+Q8CQRwPNei5lk54sIIr4b8Q+izGLyQPVtTa9rdnN0nRDdlD+zo6hiQfiqP/Wr+I6OW/P8ANT9l+z3cmYg2XMb/APEk/ih8VwN7Hl+Sy5I9J28edZ5yfp9i2dithR4rnBSOGrUb6IXDsHdKujzFzbaATx35qSnTTZT3HWpRiW+KzFo5+yqMZmjH+H33BrjWx6pfuodTr8fPc7e1oKeJxIHWwCBe/FRnOTLcGDEvVAT5dclb10+lq/wcADQCDQ4HmSeqDZGGt3aNXXmon40XY3N72eShHbk15E8iqPCLUzBrqA5ceas4Z6bR3/VZyF+o2rmB5oWBX3VsJbmLUYVSRY4Z3DaqOyu8JtfoqDDM3B+60OGbUbnH/CVpxuzk6qKS2I5HWaWgY2gAszhJQ54AviFqKWiJyZqmNSRStJSIHJKS6pJAHgvZzC643PYPGzmQKtwIABG/DkvWchzhk7C4bOadD2u2p1AuIBJ2vz5Kl7F9j+4iuV5Lnlrhp2rbYFU2dYT9xxjnsADZrO5fpdqNuDqO3ivccPvghCeOKlXqen1c8Gu1WSEXv+1+dcr88j0LMItTbFHbfnYPovMexGbS4XGOw0pIY5xGkk013EFpPIj8F6BlOcxylwDtmEAgtLaBADaJNG+u/RBdqOzLZS2Zg8cdloadJviK9wCnli51OHKM2izQwqem1C2kvk/D7l7ioQ7drbOxtQYDBxvDg6MW11XzIoGz53afK5+8gY7e63HMHmCDwIXeWu8cgvkw10vUPrpWmDTd+ZzJqUYyi/AkkwkbGktbXI+iwPaSIxS+IeE7+XDktpnuZGPSxgBc7keg5e6hxkEWJjpzQRQsGrbY/VQzQU1S5NGgzvBLrkrizDnGtLSL+Hp9PVcwQhwJ4Wp8y7IzRkmHxtqqBs6d/wCXr6WhHx6A1slghpJBBHi5WFjcH4noFlxSjeKV38/kSYhukeFc4BrwHHryQEc7ztRU82Mc0bBVO7su6dunYjxzHEEoLCRm/f7+SBxmZuuvnxrjy81JkuPL5Q07Ag0eF86+/wAlFJ2bljlHG2aOKHe6/BWrB9Ag4mKyjI2G9/mtUYnFzZLCMPvyRk7H927em8NjvuUsPg3Vqd4R57bK2yudjnOYBsADvz9vcLRCF8nJ1Gav07lLlgeHAMskdOPuVbjMpG/G0/8AUCPqraOMDgAPQUncL2KuUaOZPJ1O6B8Jjg/bYH15eSJDhwsIR2XRf4APMbIGfL5Wm2EOHmad8+CluQ2LtJU8GPlbtJG/1Av7JIsKB8NFJhsMSTrc0XVnSB0CyfbDO4p4wx0fiDXGydmP4Ag8x19Vbdpc9kMQMLXNY+xqNAuHPY7gKhyHGhgIkOl0haPEWjUasMaSNzocXbLJqcjxx9k2YG1LvHze3r8DBszSVhBDnMeBp1NJB08fiB8iVvezP7RgKZiRV0O8FloAG+pvLccuq2TcHhgASAD5bC+J281Di8mw0goBjQRThpaC8Eg7k89uPFRcWt47M7c+0sGfGsefFfvWzX0/gucFjopRqY9jwWg+Eg7Hqo8O5oleAQTpaXV7gEnrs75ea807WZE7CO72Eui1E0IiXEDetuQrSOPU7rQ5b2hwpwoZC+pXinte7+KXV4nG93bc1LFnbbUlVGDP2eo4llwtyjLbjj1Bc8zR3fGVp+F3h9BsFVf+I3tlMgNF3Hm0+RHMJ8wGyzWKKryN2b9Jjx9FNe49NyztRE6tXgPX4oz7jdvurv8AgyttwbI089nD2IXh0WMew20kK3wOfUbIo9WEsP0TjmkuSjN2fC7xuj1RuQ4U/D4T0DvwKHzHspG4eF2n1bf4hZjA9pesjvR4a768VZS9pujox6tf+au6oNcGB49RCe0mV+J/Z+HG+9H/ALZ/+y5h/Z20EXN8o6+7kU/tW7/1Yh/0PKFm7U3xxDvRjK/7lVWPyOhHUa2q6/p/Be4bs9FEP4kr3Af4nMaPoL+qT81w8X/JYHO6gbe73fhax2Iz1hPBzj1e6/oEK/NHO8h0GyOryF3Ep75G39PsaXFZk+V3iO3QcB+a0uRuY6QllmmAOPK9ht8ivOYJiV6H2PhqEu5ud9lbh5MmujGMNjQWmTJ1pOSOkmSQA6SZOgChzrIxPp8WnSKAqx+i897WgxCZli4WtljIF0YQA6weoP36L1lZbOsA6UTykDQKADhWuNrC2a/I3t10rLqotxtcp2XYcjhJMx+QdsWyRt7zc1RBG93Wxqj6HfYq3fG+Qa8Piy0Ouo5QC2xvQI3HFeYYGF2HcSRuHFhsgGjsBpOxIq1PPnUsTaD3O0SbBxa6qJ9CSfCfn7Z54/I9VCEdpR29Umvky+zXM8wBcX+MXwADmUByHL7qhfmUbiLaIZLsOraxzFnbfmgZe1LrO536bUTvY8rSl7RRyButocRs6wKI5EHqq1jkuTXLPj2Uelem30NBhu0LmjRiCXX8MoAr0NcfVPiXAiwQQdwRuFn4J4Tsx2m/5XeJjuhrkiGOczxA+DmwUQOpYeXWlNS8zLkxxW8dvsEuK5JXVggEcCLHukxlqxIwymzuOQhTGZyZkRTkKVFfeEbnFc2V2Wpw1FD7xnUYRsIQ0TUZEE6DvCxwDLK9RyOLTAweV/PdecZZFuAvUoGU1o6AD5BX4lRzdZk6mkSp0yelaYRJUlSdACSSSQAO5wAJPLdUeJx3fb2GYX+d7ti/qxoO9ckR2jxbmQOLOJ29AeJXnMmNe5wY53ha06Ry6k+Z81CbaJwVhPbvuJQZMO3RKON14x1A5O+/PqvIcXiXAFrh/MTRbvfk7ofVbbG4tzrVPiGWq1Fvk6uLUvHDoTMi7W43pcb56STsnbBJd6HfK1onxphGp9KKXkbZnQ14PwuFeRtH4DDTvNA6QTvqNeu3FW4gJ48fRE4XAFRcEyyOdx8S4wWAa1gbZNAep8ypmxgclJh4yGi0xCr6RvJZw4LjSpFzadEeohISAUlLmkUPrOmBGQDdCNR2EamkJzo0fZ2LVKwf5h9N16OCsR2MguXV/hafrstuHK6K2OfmlchymCcpiVIqOwU6jtdgoAdJNadAGYz55/d3G+bfuvOM34j0/FJJJ8Eo8lLOhHhJJRLyItCnhjHRJJMYbDGOiscLGN9kkkmSRK9QFJJVssIXrh5SSQxjp0ySAHCscMkknEhI3HYobP8AQLR6ykkrUY58jxvKlDikkmRIXSnqpg8/f7pJIAZ7z1SSSQB//9k=', '2025-11-30 16:12:30', 1);

-- --------------------------------------------------------

--
-- Table structure for table `item_customization_groups`
--

CREATE TABLE `item_customization_groups` (
  `id` int(11) NOT NULL,
  `item_id` int(11) NOT NULL,
  `group_id` int(11) NOT NULL
) ENGINE=InnoDB DEFAULT CHARSET=utf8mb4 COLLATE=utf8mb4_general_ci;

--
-- Dumping data for table `item_customization_groups`
--

INSERT INTO `item_customization_groups` (`id`, `item_id`, `group_id`) VALUES
(44, 2, 1),
(43, 2, 2),
(45, 2, 3),
(46, 2, 4),
(47, 2, 5),
(48, 2, 6),
(49, 2, 7),
(51, 3, 1),
(50, 3, 2),
(52, 3, 3),
(53, 3, 4),
(54, 3, 5),
(55, 3, 6),
(56, 3, 7),
(58, 4, 1),
(57, 4, 2),
(59, 4, 3),
(60, 4, 4),
(61, 4, 5),
(62, 4, 6),
(63, 4, 7),
(66, 5, 1),
(64, 5, 2),
(65, 5, 3),
(67, 5, 4),
(69, 5, 5),
(68, 5, 6),
(70, 5, 7),
(79, 6, 1),
(78, 6, 2),
(80, 6, 3),
(81, 6, 4),
(84, 6, 5),
(82, 6, 6),
(83, 6, 7),
(72, 7, 1),
(71, 7, 2),
(73, 7, 3),
(74, 7, 4),
(75, 7, 5),
(76, 7, 6),
(77, 7, 7),
(87, 8, 1),
(85, 8, 2),
(88, 8, 3),
(86, 8, 4),
(90, 8, 5),
(89, 8, 6),
(91, 8, 7),
(93, 9, 1),
(92, 9, 2),
(94, 9, 3),
(95, 9, 4),
(96, 9, 5),
(97, 9, 6),
(98, 9, 7);

-- --------------------------------------------------------

--
-- Table structure for table `library_seats`
--

CREATE TABLE `library_seats` (
  `seat_id` int(11) NOT NULL,
  `table_number` int(11) NOT NULL,
  `seat_number` int(11) NOT NULL,
  `status` enum('available','occupied','maintenance') DEFAULT 'available'
) ENGINE=InnoDB DEFAULT CHARSET=utf8mb4 COLLATE=utf8mb4_general_ci;

--
-- Dumping data for table `library_seats`
--

INSERT INTO `library_seats` (`seat_id`, `table_number`, `seat_number`, `status`) VALUES
(1, 1, 1, 'available'),
(2, 1, 2, 'available'),
(3, 1, 3, 'available'),
(4, 1, 4, 'available'),
(5, 1, 5, 'available'),
(6, 1, 6, 'available'),
(7, 1, 7, 'available'),
(8, 1, 8, 'available'),
(9, 2, 1, 'available'),
(10, 2, 2, 'available'),
(11, 2, 3, 'available'),
(12, 2, 4, 'available'),
(13, 2, 5, 'available'),
(14, 2, 6, 'available'),
(15, 2, 7, 'available'),
(16, 2, 8, 'available'),
(17, 3, 1, 'available'),
(18, 3, 2, 'available'),
(19, 3, 3, 'available'),
(20, 3, 4, 'available'),
(21, 3, 5, 'available'),
(22, 3, 6, 'available'),
(23, 3, 7, 'available'),
(24, 3, 8, 'available');

-- --------------------------------------------------------

--
-- Table structure for table `library_sessions`
--

CREATE TABLE `library_sessions` (
  `session_id` int(11) NOT NULL,
  `seat_id` int(11) NOT NULL,
  `customer_name` varchar(100) DEFAULT NULL,
  `start_time` datetime DEFAULT current_timestamp(),
  `end_time` datetime DEFAULT NULL,
  `total_minutes` int(11) DEFAULT 0,
  `amount_due` decimal(10,2) DEFAULT 0.00,
  `status` enum('active','completed') DEFAULT 'active',
  `paid_minutes` int(11) DEFAULT 0,
  `amount_paid` decimal(10,2) DEFAULT 0.00,
  `cash_tendered` decimal(10,2) DEFAULT NULL,
  `change_due` decimal(10,2) DEFAULT NULL
) ENGINE=InnoDB DEFAULT CHARSET=utf8mb4 COLLATE=utf8mb4_general_ci;

--
-- Dumping data for table `library_sessions`
--

INSERT INTO `library_sessions` (`session_id`, `seat_id`, `customer_name`, `start_time`, `end_time`, `total_minutes`, `amount_due`, `status`, `paid_minutes`, `amount_paid`, `cash_tendered`, `change_due`) VALUES
(1, 1, '2023-01036', '2025-11-30 00:19:54', '2025-11-30 00:21:19', 1, 100.00, 'completed', 0, 0.00, NULL, NULL),
(2, 1, '12313', '2025-11-30 00:21:34', '2025-11-30 00:21:50', 0, 100.00, 'completed', 0, 0.00, NULL, NULL);

-- --------------------------------------------------------

--
-- Table structure for table `orders`
--

CREATE TABLE `orders` (
  `order_id` int(11) NOT NULL,
  `beeper_number` int(11) NOT NULL,
  `total_amount` decimal(10,2) NOT NULL,
  `discount_id` int(11) DEFAULT NULL,
  `final_amount` decimal(10,2) NOT NULL,
  `payment_type` enum('cash','online') DEFAULT 'cash',
  `cash_tendered` decimal(10,2) DEFAULT 0.00,
  `change_due` decimal(10,2) DEFAULT 0.00,
  `status` enum('pending','preparing','ready','completed','cancelled') DEFAULT 'pending',
  `payment_status` enum('unpaid','paid') DEFAULT 'unpaid',
  `created_at` datetime DEFAULT current_timestamp()
) ENGINE=InnoDB DEFAULT CHARSET=utf8mb4 COLLATE=utf8mb4_general_ci;

-- --------------------------------------------------------

--
-- Table structure for table `order_items`
--

CREATE TABLE `order_items` (
  `order_item_id` int(11) NOT NULL,
  `order_id` int(11) NOT NULL,
  `item_id` int(11) NOT NULL,
  `quantity` int(11) NOT NULL,
  `price` decimal(10,2) NOT NULL
) ENGINE=InnoDB DEFAULT CHARSET=utf8mb4 COLLATE=utf8mb4_general_ci;

-- --------------------------------------------------------

--
-- Table structure for table `order_item_addons`
--

CREATE TABLE `order_item_addons` (
  `id` int(11) NOT NULL,
  `order_item_id` int(11) NOT NULL,
  `addon_id` int(11) NOT NULL,
  `price` decimal(10,2) NOT NULL
) ENGINE=InnoDB DEFAULT CHARSET=utf8mb4 COLLATE=utf8mb4_general_ci;

-- --------------------------------------------------------

--
-- Table structure for table `order_item_customizations`
--

CREATE TABLE `order_item_customizations` (
  `id` int(11) NOT NULL,
  `order_item_id` int(11) NOT NULL,
  `option_id` int(11) NOT NULL,
  `quantity` int(11) DEFAULT 1,
  `unit_price` decimal(10,2) NOT NULL,
  `total_price` decimal(10,2) NOT NULL
) ENGINE=InnoDB DEFAULT CHARSET=utf8mb4 COLLATE=utf8mb4_general_ci;

-- --------------------------------------------------------

--
-- Table structure for table `quick_cash_amounts`
--

CREATE TABLE `quick_cash_amounts` (
  `id` int(11) NOT NULL,
  `amount` decimal(10,2) NOT NULL,
  `label` varchar(20) NOT NULL,
  `display_order` int(11) DEFAULT 0,
  `status` enum('active','inactive') DEFAULT 'active'
) ENGINE=InnoDB DEFAULT CHARSET=utf8mb4 COLLATE=utf8mb4_general_ci;

--
-- Dumping data for table `quick_cash_amounts`
--

INSERT INTO `quick_cash_amounts` (`id`, `amount`, `label`, `display_order`, `status`) VALUES
(1, 20.00, '₱20', 1, 'active'),
(2, 50.00, '₱50', 2, 'active'),
(3, 100.00, '₱100', 3, 'active'),
(4, 200.00, '₱200', 4, 'active'),
(5, 500.00, '₱500', 5, 'active'),
(6, 1000.00, '₱1000', 6, 'active');

-- --------------------------------------------------------

--
-- Table structure for table `roles`
--

CREATE TABLE `roles` (
  `role_id` int(11) NOT NULL,
  `role_name` varchar(50) NOT NULL
) ENGINE=InnoDB DEFAULT CHARSET=utf8mb4 COLLATE=utf8mb4_general_ci;

--
-- Dumping data for table `roles`
--

INSERT INTO `roles` (`role_id`, `role_name`) VALUES
(1, 'Admin'),
(2, 'Cashier');

-- --------------------------------------------------------

--
-- Table structure for table `system_settings`
--

CREATE TABLE `system_settings` (
  `setting_key` varchar(50) NOT NULL,
  `setting_value` text DEFAULT NULL
) ENGINE=InnoDB DEFAULT CHARSET=utf8mb4 COLLATE=utf8mb4_general_ci;

--
-- Dumping data for table `system_settings`
--

INSERT INTO `system_settings` (`setting_key`, `setting_value`) VALUES
('printer_type', 'USB'),
('receipt_footer', 'Thank you for studying with us!'),
('shop_name', 'The Library: Coffee + Study');

-- --------------------------------------------------------

--
-- Table structure for table `transactions`
--

CREATE TABLE `transactions` (
  `transaction_id` int(11) NOT NULL,
  `beeper_number` int(11) NOT NULL,
  `order_type` enum('dine-in','takeout') DEFAULT 'dine-in',
  `subtotal` decimal(10,2) NOT NULL,
  `discount_id` int(11) DEFAULT NULL,
  `discount_amount` decimal(10,2) DEFAULT 0.00,
  `total_amount` decimal(10,2) NOT NULL,
  `cash_tendered` decimal(10,2) DEFAULT NULL,
  `change_due` decimal(10,2) DEFAULT NULL,
  `status` enum('pending','paid','preparing','ready','completed','voided') DEFAULT 'pending',
  `paid_at` datetime DEFAULT NULL,
  `processed_by` int(11) DEFAULT NULL,
  `voided_by` int(11) DEFAULT NULL,
  `void_reason` text DEFAULT NULL,
  `voided_at` datetime DEFAULT NULL,
  `created_at` datetime DEFAULT current_timestamp(),
  `completed_at` datetime DEFAULT NULL
) ENGINE=InnoDB DEFAULT CHARSET=utf8mb4 COLLATE=utf8mb4_general_ci;

--
-- Dumping data for table `transactions`
--

INSERT INTO `transactions` (`transaction_id`, `beeper_number`, `order_type`, `subtotal`, `discount_id`, `discount_amount`, `total_amount`, `cash_tendered`, `change_due`, `status`, `paid_at`, `processed_by`, `voided_by`, `void_reason`, `voided_at`, `created_at`, `completed_at`) VALUES
(1, 1, 'dine-in', 150.00, NULL, 0.00, 150.00, 500.00, 350.00, 'completed', '2025-11-29 00:47:08', NULL, NULL, NULL, NULL, '2025-11-29 00:47:08', '2025-11-29 00:47:23'),
(2, 1, 'dine-in', 150.00, 1, 30.00, 120.00, 1000.00, 880.00, 'completed', '2025-11-29 00:57:15', NULL, NULL, NULL, NULL, '2025-11-29 00:57:15', '2025-11-29 00:58:03'),
(3, 1, 'dine-in', 150.00, NULL, 0.00, 150.00, 1000.00, 850.00, 'completed', '2025-11-29 00:59:09', NULL, NULL, NULL, NULL, '2025-11-29 00:59:09', '2025-11-29 00:59:34'),
(4, 1, 'dine-in', 150.00, NULL, 0.00, 150.00, 1000.00, 850.00, 'completed', '2025-11-29 01:03:02', NULL, NULL, NULL, NULL, '2025-11-29 01:03:02', '2025-11-29 01:03:50'),
(5, 1, 'dine-in', 150.00, NULL, 0.00, 150.00, 1000.00, 850.00, 'completed', '2025-11-29 01:04:04', NULL, NULL, NULL, NULL, '2025-11-29 01:04:04', '2025-11-29 01:04:23'),
(6, 2, 'dine-in', 150.00, NULL, 0.00, 150.00, 1000.00, 850.00, 'completed', '2025-11-29 01:04:08', NULL, NULL, NULL, NULL, '2025-11-29 01:04:08', '2025-11-29 01:04:16'),
(7, 1, 'takeout', 150.00, NULL, 0.00, 168.00, 200.00, 32.00, 'completed', '2025-11-29 12:57:10', NULL, NULL, NULL, NULL, '2025-11-29 12:57:10', '2025-11-29 12:57:23'),
(8, 1, '', 150.00, NULL, 0.00, 150.00, 500.00, 350.00, 'completed', '2025-11-30 00:43:18', NULL, NULL, NULL, NULL, '2025-11-30 00:43:18', '2025-11-30 00:55:32'),
(9, 1, 'takeout', 150.00, NULL, 0.00, 150.00, NULL, NULL, 'completed', NULL, NULL, NULL, NULL, NULL, '2025-11-30 02:06:56', '2025-11-30 02:07:29'),
(10, 1, 'takeout', 212.00, NULL, 0.00, 212.00, 500.00, 288.00, 'completed', '2025-11-30 15:23:06', NULL, NULL, NULL, NULL, '2025-11-30 12:52:43', '2025-11-30 15:23:14'),
(11, 1, '', 150.00, 1, 30.00, 120.00, 500.00, 380.00, 'completed', '2025-11-30 15:24:27', NULL, NULL, NULL, NULL, '2025-11-30 15:24:27', '2025-11-30 15:39:41'),
(12, 2, 'dine-in', 192.00, NULL, 0.00, 192.00, 500.00, 308.00, 'completed', '2025-11-30 15:31:36', NULL, NULL, NULL, NULL, '2025-11-30 15:30:39', '2025-11-30 15:39:46'),
(13, 3, 'takeout', 185.00, NULL, 0.00, 185.00, 500.00, 315.00, 'voided', '2025-11-30 15:39:06', NULL, NULL, 'Voided by staff', '2025-11-30 15:52:49', '2025-11-30 15:31:11', NULL),
(14, 1, '', 150.00, NULL, 0.00, 150.00, 500.00, 350.00, 'completed', '2025-11-30 18:29:36', NULL, NULL, NULL, NULL, '2025-11-30 18:29:36', '2025-11-30 18:31:00'),
(15, 1, '', 150.00, 2, 18.00, 132.00, 500.00, 368.00, 'completed', '2025-11-30 22:28:09', NULL, NULL, NULL, NULL, '2025-11-30 22:28:09', '2025-11-30 22:30:42'),
(16, 1, 'dine-in', 235.00, NULL, 0.00, 235.00, 500.00, 265.00, 'completed', '2025-11-30 22:54:48', NULL, NULL, NULL, NULL, '2025-11-30 22:54:21', '2025-11-30 23:34:14');

-- --------------------------------------------------------

--
-- Table structure for table `transaction_items`
--

CREATE TABLE `transaction_items` (
  `transaction_item_id` int(11) NOT NULL,
  `transaction_id` int(11) NOT NULL,
  `item_id` int(11) NOT NULL,
  `item_name` varchar(100) NOT NULL,
  `quantity` int(11) NOT NULL DEFAULT 1,
  `unit_price` decimal(10,2) NOT NULL,
  `total_price` decimal(10,2) NOT NULL,
  `notes` text DEFAULT NULL,
  `created_at` datetime DEFAULT current_timestamp()
) ENGINE=InnoDB DEFAULT CHARSET=utf8mb4 COLLATE=utf8mb4_general_ci;

--
-- Dumping data for table `transaction_items`
--

INSERT INTO `transaction_items` (`transaction_item_id`, `transaction_id`, `item_id`, `item_name`, `quantity`, `unit_price`, `total_price`, `notes`, `created_at`) VALUES
(1, 1, 2, 'Americano', 1, 150.00, 150.00, NULL, '2025-11-29 00:47:08'),
(2, 2, 3, 'asdfasdf', 1, 150.00, 150.00, NULL, '2025-11-29 00:57:15'),
(3, 3, 2, 'Americano', 1, 150.00, 150.00, NULL, '2025-11-29 00:59:09'),
(4, 4, 2, 'Americano', 1, 150.00, 150.00, NULL, '2025-11-29 01:03:02'),
(5, 5, 2, 'Americano', 1, 150.00, 150.00, NULL, '2025-11-29 01:04:04'),
(6, 6, 3, 'asdfasdf', 1, 150.00, 150.00, NULL, '2025-11-29 01:04:08'),
(7, 7, 3, 'asdfasdf', 1, 150.00, 150.00, NULL, '2025-11-29 12:57:10'),
(8, 8, 2, 'Americano', 1, 150.00, 150.00, NULL, '2025-11-30 00:43:18'),
(9, 9, 2, 'Americano', 1, 150.00, 150.00, NULL, '2025-11-30 02:06:56'),
(10, 10, 2, 'Americano', 1, 212.00, 212.00, NULL, '2025-11-30 12:52:43'),
(11, 11, 2, 'Americano', 1, 150.00, 150.00, NULL, '2025-11-30 15:24:27'),
(12, 12, 2, 'Americano', 1, 192.00, 192.00, NULL, '2025-11-30 15:30:39'),
(13, 13, 3, 'asdfasdf', 1, 185.00, 185.00, NULL, '2025-11-30 15:31:11'),
(14, 14, 2, 'Americano', 1, 150.00, 150.00, NULL, '2025-11-30 18:29:36'),
(15, 15, 2, 'Americano', 1, 150.00, 150.00, NULL, '2025-11-30 22:28:09'),
(16, 16, 3, 'Caffe Latte', 1, 235.00, 235.00, NULL, '2025-11-30 22:54:21');

-- --------------------------------------------------------

--
-- Table structure for table `transaction_item_customizations`
--

CREATE TABLE `transaction_item_customizations` (
  `id` int(11) NOT NULL,
  `transaction_item_id` int(11) NOT NULL,
  `option_id` int(11) NOT NULL,
  `option_name` varchar(50) NOT NULL,
  `group_name` varchar(50) NOT NULL,
  `quantity` int(11) DEFAULT 1,
  `unit_price` decimal(10,2) NOT NULL,
  `total_price` decimal(10,2) NOT NULL
) ENGINE=InnoDB DEFAULT CHARSET=utf8mb4 COLLATE=utf8mb4_general_ci;

--
-- Dumping data for table `transaction_item_customizations`
--

INSERT INTO `transaction_item_customizations` (`id`, `transaction_item_id`, `option_id`, `option_name`, `group_name`, `quantity`, `unit_price`, `total_price`) VALUES
(1, 9, 1, 'Hot', 'Temperature', 1, 0.00, 0.00),
(2, 9, 3, 'Medium 16oz', 'Size', 1, 0.00, 0.00),
(3, 10, 1, 'Hot', 'Temperature', 1, 0.00, 0.00),
(4, 10, 3, 'Medium 16oz', 'Size', 1, 0.00, 0.00),
(5, 10, 5, 'Vanilla', 'Syrup', 2, 5.00, 10.00),
(6, 10, 9, 'Chocolate', 'Sauces', 2, 6.00, 12.00),
(7, 10, 13, 'Double Shot', 'Espresso', 1, 25.00, 25.00),
(8, 10, 16, 'Oat Milk', 'Milk', 1, 15.00, 15.00),
(9, 12, 1, 'Hot', 'Temperature', 1, 0.00, 0.00),
(10, 12, 3, 'Medium 16oz', 'Size', 1, 0.00, 0.00),
(11, 12, 9, 'Chocolate', 'Sauces', 1, 6.00, 6.00),
(12, 12, 10, 'White Mocha', 'Sauces', 1, 6.00, 6.00),
(13, 12, 12, 'Single Shot', 'Espresso', 1, 15.00, 15.00),
(14, 12, 16, 'Oat Milk', 'Milk', 1, 15.00, 15.00),
(15, 13, 1, 'Hot', 'Temperature', 1, 0.00, 0.00),
(16, 13, 3, 'Medium 16oz', 'Size', 1, 0.00, 0.00),
(17, 13, 5, 'Vanilla', 'Syrup', 1, 5.00, 5.00),
(18, 13, 6, 'Hazelnut', 'Syrup', 1, 5.00, 5.00),
(19, 13, 13, 'Double Shot', 'Espresso', 1, 25.00, 25.00),
(20, 15, 1, 'Hot', 'Temperature', 1, 0.00, 0.00),
(21, 15, 3, 'Medium 16oz', 'Size', 1, 0.00, 0.00),
(22, 16, 1, 'Hot', 'Temperature', 1, 0.00, 0.00),
(23, 16, 4, 'Large 22oz', 'Size', 1, 20.00, 20.00),
(24, 16, 12, 'Single Shot', 'Espresso', 1, 15.00, 15.00);

-- --------------------------------------------------------

--
-- Table structure for table `users`
--

CREATE TABLE `users` (
  `user_id` int(11) NOT NULL,
  `role_id` int(11) NOT NULL,
  `full_name` varchar(100) NOT NULL,
  `username` varchar(50) NOT NULL,
  `password_hash` varchar(255) NOT NULL,
  `status` enum('active','inactive') DEFAULT 'active',
  `created_at` datetime DEFAULT current_timestamp()
) ENGINE=InnoDB DEFAULT CHARSET=utf8mb4 COLLATE=utf8mb4_general_ci;

--
-- Dumping data for table `users`
--

INSERT INTO `users` (`user_id`, `role_id`, `full_name`, `username`, `password_hash`, `status`, `created_at`) VALUES
(4, 1, 'Admin User', 'admin', '$2b$10$gOBPPrYV0d0sLF7jdSJ15ucqOWLIylI2v.5c.l0nrGhwqIjzi9HNy', 'active', '2025-11-28 22:02:55'),
(5, 2, 'John', 'cashier', '$2b$10$gOBPPrYV0d0sLF7jdSJ15ucqOWLIylI2v.5c.l0nrGhwqIjzi9HNy', 'active', '2025-11-28 22:02:55');

-- --------------------------------------------------------

--
-- Table structure for table `void_log`
--

CREATE TABLE `void_log` (
  `void_id` int(11) NOT NULL,
  `transaction_id` int(11) NOT NULL,
  `beeper_number` int(11) NOT NULL,
  `voided_by` int(11) NOT NULL,
  `void_reason` text NOT NULL,
  `original_amount` decimal(10,2) NOT NULL,
  `voided_at` datetime DEFAULT current_timestamp()
) ENGINE=InnoDB DEFAULT CHARSET=utf8mb4 COLLATE=utf8mb4_general_ci;

--
-- Indexes for dumped tables
--

--
-- Indexes for table `addons`
--
ALTER TABLE `addons`
  ADD PRIMARY KEY (`addon_id`);

--
-- Indexes for table `beepers`
--
ALTER TABLE `beepers`
  ADD PRIMARY KEY (`beeper_number`),
  ADD KEY `transaction_id` (`transaction_id`);

--
-- Indexes for table `categories`
--
ALTER TABLE `categories`
  ADD PRIMARY KEY (`category_id`);

--
-- Indexes for table `customization_groups`
--
ALTER TABLE `customization_groups`
  ADD PRIMARY KEY (`group_id`);

--
-- Indexes for table `customization_options`
--
ALTER TABLE `customization_options`
  ADD PRIMARY KEY (`option_id`),
  ADD KEY `group_id` (`group_id`);

--
-- Indexes for table `discounts`
--
ALTER TABLE `discounts`
  ADD PRIMARY KEY (`discount_id`);

--
-- Indexes for table `items`
--
ALTER TABLE `items`
  ADD PRIMARY KEY (`item_id`),
  ADD KEY `category_id` (`category_id`);

--
-- Indexes for table `item_customization_groups`
--
ALTER TABLE `item_customization_groups`
  ADD PRIMARY KEY (`id`),
  ADD UNIQUE KEY `unique_item_group` (`item_id`,`group_id`),
  ADD KEY `group_id` (`group_id`);

--
-- Indexes for table `library_seats`
--
ALTER TABLE `library_seats`
  ADD PRIMARY KEY (`seat_id`);

--
-- Indexes for table `library_sessions`
--
ALTER TABLE `library_sessions`
  ADD PRIMARY KEY (`session_id`),
  ADD KEY `seat_id` (`seat_id`);

--
-- Indexes for table `orders`
--
ALTER TABLE `orders`
  ADD PRIMARY KEY (`order_id`),
  ADD KEY `discount_id` (`discount_id`);

--
-- Indexes for table `order_items`
--
ALTER TABLE `order_items`
  ADD PRIMARY KEY (`order_item_id`),
  ADD KEY `order_id` (`order_id`),
  ADD KEY `item_id` (`item_id`);

--
-- Indexes for table `order_item_addons`
--
ALTER TABLE `order_item_addons`
  ADD PRIMARY KEY (`id`),
  ADD KEY `order_item_id` (`order_item_id`),
  ADD KEY `addon_id` (`addon_id`);

--
-- Indexes for table `order_item_customizations`
--
ALTER TABLE `order_item_customizations`
  ADD PRIMARY KEY (`id`),
  ADD KEY `order_item_id` (`order_item_id`),
  ADD KEY `option_id` (`option_id`);

--
-- Indexes for table `quick_cash_amounts`
--
ALTER TABLE `quick_cash_amounts`
  ADD PRIMARY KEY (`id`);

--
-- Indexes for table `roles`
--
ALTER TABLE `roles`
  ADD PRIMARY KEY (`role_id`);

--
-- Indexes for table `system_settings`
--
ALTER TABLE `system_settings`
  ADD PRIMARY KEY (`setting_key`);

--
-- Indexes for table `transactions`
--
ALTER TABLE `transactions`
  ADD PRIMARY KEY (`transaction_id`),
  ADD KEY `discount_id` (`discount_id`),
  ADD KEY `processed_by` (`processed_by`),
  ADD KEY `voided_by` (`voided_by`);

--
-- Indexes for table `transaction_items`
--
ALTER TABLE `transaction_items`
  ADD PRIMARY KEY (`transaction_item_id`),
  ADD KEY `transaction_id` (`transaction_id`),
  ADD KEY `item_id` (`item_id`);

--
-- Indexes for table `transaction_item_customizations`
--
ALTER TABLE `transaction_item_customizations`
  ADD PRIMARY KEY (`id`),
  ADD KEY `transaction_item_id` (`transaction_item_id`),
  ADD KEY `option_id` (`option_id`);

--
-- Indexes for table `users`
--
ALTER TABLE `users`
  ADD PRIMARY KEY (`user_id`),
  ADD UNIQUE KEY `username` (`username`),
  ADD KEY `role_id` (`role_id`);

--
-- Indexes for table `void_log`
--
ALTER TABLE `void_log`
  ADD PRIMARY KEY (`void_id`),
  ADD KEY `transaction_id` (`transaction_id`),
  ADD KEY `voided_by` (`voided_by`);

--
-- AUTO_INCREMENT for dumped tables
--

--
-- AUTO_INCREMENT for table `addons`
--
ALTER TABLE `addons`
  MODIFY `addon_id` int(11) NOT NULL AUTO_INCREMENT;

--
-- AUTO_INCREMENT for table `categories`
--
ALTER TABLE `categories`
  MODIFY `category_id` int(11) NOT NULL AUTO_INCREMENT, AUTO_INCREMENT=13;

--
-- AUTO_INCREMENT for table `customization_groups`
--
ALTER TABLE `customization_groups`
  MODIFY `group_id` int(11) NOT NULL AUTO_INCREMENT, AUTO_INCREMENT=8;

--
-- AUTO_INCREMENT for table `customization_options`
--
ALTER TABLE `customization_options`
  MODIFY `option_id` int(11) NOT NULL AUTO_INCREMENT, AUTO_INCREMENT=21;

--
-- AUTO_INCREMENT for table `discounts`
--
ALTER TABLE `discounts`
  MODIFY `discount_id` int(11) NOT NULL AUTO_INCREMENT, AUTO_INCREMENT=3;

--
-- AUTO_INCREMENT for table `items`
--
ALTER TABLE `items`
  MODIFY `item_id` int(11) NOT NULL AUTO_INCREMENT, AUTO_INCREMENT=10;

--
-- AUTO_INCREMENT for table `item_customization_groups`
--
ALTER TABLE `item_customization_groups`
  MODIFY `id` int(11) NOT NULL AUTO_INCREMENT, AUTO_INCREMENT=99;

--
-- AUTO_INCREMENT for table `library_seats`
--
ALTER TABLE `library_seats`
  MODIFY `seat_id` int(11) NOT NULL AUTO_INCREMENT, AUTO_INCREMENT=25;

--
-- AUTO_INCREMENT for table `library_sessions`
--
ALTER TABLE `library_sessions`
  MODIFY `session_id` int(11) NOT NULL AUTO_INCREMENT, AUTO_INCREMENT=3;

--
-- AUTO_INCREMENT for table `orders`
--
ALTER TABLE `orders`
  MODIFY `order_id` int(11) NOT NULL AUTO_INCREMENT;

--
-- AUTO_INCREMENT for table `order_items`
--
ALTER TABLE `order_items`
  MODIFY `order_item_id` int(11) NOT NULL AUTO_INCREMENT;

--
-- AUTO_INCREMENT for table `order_item_addons`
--
ALTER TABLE `order_item_addons`
  MODIFY `id` int(11) NOT NULL AUTO_INCREMENT;

--
-- AUTO_INCREMENT for table `order_item_customizations`
--
ALTER TABLE `order_item_customizations`
  MODIFY `id` int(11) NOT NULL AUTO_INCREMENT;

--
-- AUTO_INCREMENT for table `quick_cash_amounts`
--
ALTER TABLE `quick_cash_amounts`
  MODIFY `id` int(11) NOT NULL AUTO_INCREMENT, AUTO_INCREMENT=7;

--
-- AUTO_INCREMENT for table `roles`
--
ALTER TABLE `roles`
  MODIFY `role_id` int(11) NOT NULL AUTO_INCREMENT, AUTO_INCREMENT=4;

--
-- AUTO_INCREMENT for table `transactions`
--
ALTER TABLE `transactions`
  MODIFY `transaction_id` int(11) NOT NULL AUTO_INCREMENT, AUTO_INCREMENT=17;

--
-- AUTO_INCREMENT for table `transaction_items`
--
ALTER TABLE `transaction_items`
  MODIFY `transaction_item_id` int(11) NOT NULL AUTO_INCREMENT, AUTO_INCREMENT=17;

--
-- AUTO_INCREMENT for table `transaction_item_customizations`
--
ALTER TABLE `transaction_item_customizations`
  MODIFY `id` int(11) NOT NULL AUTO_INCREMENT, AUTO_INCREMENT=25;

--
-- AUTO_INCREMENT for table `users`
--
ALTER TABLE `users`
  MODIFY `user_id` int(11) NOT NULL AUTO_INCREMENT, AUTO_INCREMENT=7;

--
-- AUTO_INCREMENT for table `void_log`
--
ALTER TABLE `void_log`
  MODIFY `void_id` int(11) NOT NULL AUTO_INCREMENT;

--
-- Constraints for dumped tables
--

--
-- Constraints for table `beepers`
--
ALTER TABLE `beepers`
  ADD CONSTRAINT `beepers_ibfk_1` FOREIGN KEY (`transaction_id`) REFERENCES `transactions` (`transaction_id`) ON DELETE SET NULL;

--
-- Constraints for table `customization_options`
--
ALTER TABLE `customization_options`
  ADD CONSTRAINT `customization_options_ibfk_1` FOREIGN KEY (`group_id`) REFERENCES `customization_groups` (`group_id`) ON DELETE CASCADE;

--
-- Constraints for table `items`
--
ALTER TABLE `items`
  ADD CONSTRAINT `items_ibfk_1` FOREIGN KEY (`category_id`) REFERENCES `categories` (`category_id`);

--
-- Constraints for table `item_customization_groups`
--
ALTER TABLE `item_customization_groups`
  ADD CONSTRAINT `item_customization_groups_ibfk_1` FOREIGN KEY (`item_id`) REFERENCES `items` (`item_id`) ON DELETE CASCADE,
  ADD CONSTRAINT `item_customization_groups_ibfk_2` FOREIGN KEY (`group_id`) REFERENCES `customization_groups` (`group_id`) ON DELETE CASCADE;

--
-- Constraints for table `library_sessions`
--
ALTER TABLE `library_sessions`
  ADD CONSTRAINT `library_sessions_ibfk_1` FOREIGN KEY (`seat_id`) REFERENCES `library_seats` (`seat_id`);

--
-- Constraints for table `orders`
--
ALTER TABLE `orders`
  ADD CONSTRAINT `orders_ibfk_1` FOREIGN KEY (`discount_id`) REFERENCES `discounts` (`discount_id`);

--
-- Constraints for table `order_items`
--
ALTER TABLE `order_items`
  ADD CONSTRAINT `order_items_ibfk_1` FOREIGN KEY (`order_id`) REFERENCES `orders` (`order_id`),
  ADD CONSTRAINT `order_items_ibfk_2` FOREIGN KEY (`item_id`) REFERENCES `items` (`item_id`);

--
-- Constraints for table `order_item_addons`
--
ALTER TABLE `order_item_addons`
  ADD CONSTRAINT `order_item_addons_ibfk_1` FOREIGN KEY (`order_item_id`) REFERENCES `order_items` (`order_item_id`),
  ADD CONSTRAINT `order_item_addons_ibfk_2` FOREIGN KEY (`addon_id`) REFERENCES `addons` (`addon_id`);

--
-- Constraints for table `order_item_customizations`
--
ALTER TABLE `order_item_customizations`
  ADD CONSTRAINT `order_item_customizations_ibfk_1` FOREIGN KEY (`order_item_id`) REFERENCES `order_items` (`order_item_id`) ON DELETE CASCADE,
  ADD CONSTRAINT `order_item_customizations_ibfk_2` FOREIGN KEY (`option_id`) REFERENCES `customization_options` (`option_id`);

--
-- Constraints for table `transactions`
--
ALTER TABLE `transactions`
  ADD CONSTRAINT `transactions_ibfk_1` FOREIGN KEY (`discount_id`) REFERENCES `discounts` (`discount_id`),
  ADD CONSTRAINT `transactions_ibfk_2` FOREIGN KEY (`processed_by`) REFERENCES `users` (`user_id`),
  ADD CONSTRAINT `transactions_ibfk_3` FOREIGN KEY (`voided_by`) REFERENCES `users` (`user_id`);

--
-- Constraints for table `transaction_items`
--
ALTER TABLE `transaction_items`
  ADD CONSTRAINT `transaction_items_ibfk_1` FOREIGN KEY (`transaction_id`) REFERENCES `transactions` (`transaction_id`) ON DELETE CASCADE,
  ADD CONSTRAINT `transaction_items_ibfk_2` FOREIGN KEY (`item_id`) REFERENCES `items` (`item_id`);

--
-- Constraints for table `transaction_item_customizations`
--
ALTER TABLE `transaction_item_customizations`
  ADD CONSTRAINT `transaction_item_customizations_ibfk_1` FOREIGN KEY (`transaction_item_id`) REFERENCES `transaction_items` (`transaction_item_id`) ON DELETE CASCADE,
  ADD CONSTRAINT `transaction_item_customizations_ibfk_2` FOREIGN KEY (`option_id`) REFERENCES `customization_options` (`option_id`);

--
-- Constraints for table `users`
--
ALTER TABLE `users`
  ADD CONSTRAINT `users_ibfk_1` FOREIGN KEY (`role_id`) REFERENCES `roles` (`role_id`);

--
-- Constraints for table `void_log`
--
ALTER TABLE `void_log`
  ADD CONSTRAINT `void_log_ibfk_1` FOREIGN KEY (`transaction_id`) REFERENCES `transactions` (`transaction_id`),
  ADD CONSTRAINT `void_log_ibfk_2` FOREIGN KEY (`voided_by`) REFERENCES `users` (`user_id`);
COMMIT;

/*!40101 SET CHARACTER_SET_CLIENT=@OLD_CHARACTER_SET_CLIENT */;
/*!40101 SET CHARACTER_SET_RESULTS=@OLD_CHARACTER_SET_RESULTS */;
/*!40101 SET COLLATION_CONNECTION=@OLD_COLLATION_CONNECTION */;
